Return,Risk,Sharpe
0.3046594401176217,0.2709889522738589,1.1242504078532904
0.18944949616375156,0.19843715448831667,0.954707784700197
0.19127644050835918,0.20488210004514104,0.9335927368287217
0.3637802089434189,0.312119885431868,1.1655143613809498
0.22317342144340613,0.23087070538051294,0.9666597634185748
0.28356950458955055,0.23830179544897268,1.189959580687553
0.2859205308835116,0.238485927559668,1.198898961499419
0.2897455533499451,0.25290707846105737,1.1456601179889876
0.2954698981996525,0.248973505480912,1.1867523720201838
0.3123851800055771,0.262060038294102,1.1920366876196389
0.4810817786745932,0.3740855364638054,1.2860207941269608
0.32618565341500044,0.24525317792770168,1.3299956239961828
0.27101365308019915,0.2502844125932341,1.082822738628372
0.2735667345970202,0.23994220526574447,1.1401359518807264
0.1912523707285853,0.22372432751696003,0.8548572828499703
0.2312355477992996,0.23536517943564678,0.9824543645485322
0.22763515378562119,0.20584566962818163,1.1058534978986823
0.24830703833209536,0.2650564420037283,0.9368081622728591
0.31257302025126765,0.24963132928751203,1.25213858830701
0.26067127539256185,0.25529249434959683,1.0210690919710288
0.30144974460007434,0.27082179421211955,1.1130926352402999
0.25228562606271826,0.24745016797638392,1.0195411388316205
0.3017413652762213,0.25335768059982383,1.190969875323492
0.3409122537410288,0.294423650179611,1.1578969744212388
0.215075687892325,0.24568630110466105,0.8754077330534759
0.23846349523928828,0.2574916732582885,0.9261017733963259
0.2771289521164103,0.26484379585934775,1.0463864226730344
0.3835878867514957,0.3101412481685373,1.2368167375886936
0.25976361306298495,0.23921191476745937,1.085914191671866
0.2844131872234516,0.28985464811262,0.9812269324483829
0.3487113324479067,0.31378095101104825,1.1113209113692455
0.2076890089714557,0.2016002466826318,1.0302021569368867
0.22750770421216576,0.21787304592018156,1.0442214329509758
0.2437616075457793,0.24046197046080114,1.0137220745494808
0.2884242897512439,0.23176525043033477,1.244467361762414
0.4356966064820716,0.33605565453215563,1.2965013401980467
0.27240068572585574,0.23541185853455732,1.1571238909609503
0.30460473256913256,0.2680438573389365,1.1363988549976936
0.24076320663623058,0.21405703799820025,1.1247619274179383
0.2723833172499274,0.2250306727440301,1.210427511629761
0.3300869763619033,0.254182397945799,1.298622481452433
0.19028167128201742,0.20115510449234644,0.9459450296438153
0.3279746463418003,0.25215003694297305,1.300712267656641
0.18781879584003802,0.22495297582342097,0.8349246999402586
0.2907153833667656,0.23527268205723847,1.2356529488452839
0.3522934905556358,0.2843140375268843,1.2390998827214907
0.20486951325654196,0.2503727506296751,0.8182580282451075
0.318056704845105,0.2571743226508557,1.23673585125722
0.2729117248845989,0.23467296900978799,1.1629448676435163
0.1865396733132525,0.2011131894417179,0.9275357515391164
0.21972529798006937,0.19634953243724929,1.119051801410786
0.3164079866001106,0.2957340264805107,1.0699072756883534
0.2562275546704522,0.23542958918060616,1.0883404909392729
0.376726551097829,0.28909314579706574,1.3031320755085598
0.23544991293226472,0.2494813791599575,0.943757460877686
0.20514325296138952,0.20616350430180708,0.9950512514624121
0.2902749132909511,0.2535259857587547,1.144951324899552
0.16676394543403578,0.1937693982356531,0.8606309714149261
0.2603326972861093,0.23282231184774194,1.118160434109761
0.26912638063754546,0.2376093712884918,1.132642114147878
0.2948976094567764,0.2580895503439152,1.1426173940936892
0.28759390697902626,0.301936677408691,0.9524974224636814
0.19420674142879857,0.2028405758096581,0.9574353684099114
0.33981496459681865,0.26365586936859986,1.288857954919053
0.3402454418098616,0.29678187652082094,1.146449526495906
0.2594067597094452,0.2386303518670419,1.0870652357499742
0.20022223727224106,0.2115585362346534,0.9464153081970726
0.337550941015083,0.27281783998077025,1.2372759092252745
0.34750595074049984,0.2860513248690894,1.2148377599702955
0.38270152608759145,0.31561472308149907,1.2125591681880095
0.20737865139924527,0.20198812253279444,1.0266873556665475
0.22447199300701098,0.21960580167599408,1.0221587557973375
0.26363963861497697,0.22853744385637342,1.153594939044929
0.3782001988430391,0.33230955684828634,1.1380960644947802
0.2638889654228248,0.22811697515714088,1.1568142407685442
0.18705181578537533,0.2074845060585405,0.9015218501790191
0.3113949039358277,0.2529564945018751,1.231021581592638
0.2781641104578519,0.22718593249222696,1.2243896768008253
0.2793156166399953,0.2603728626069592,1.0727524129948627
0.3328056785503528,0.2563098276269833,1.2984507134650203
0.32701002222425585,0.25220147627944045,1.2966221572070702
0.35159124333124897,0.29271450105576907,1.2011405040171292
0.16651136537457153,0.2170534340816547,0.767144579301752
0.3291037060786668,0.2900536901449395,1.1346303021148052
0.3452544308829788,0.27012593266424656,1.278123975279757
0.21715879674567565,0.25566403859144365,0.8493912477565914
0.31269337394882724,0.28179359152282746,1.1096539572068185
0.37349534258429035,0.29088942728500694,1.283977028901597
0.31200662546174435,0.2674553842163307,1.1665744788647758
0.1938295461136342,0.20339049559713296,0.9529921520893647
0.18353504247111546,0.2211408759830482,0.8299462578107203
0.2858370348943484,0.2631299978701109,1.0862958887547531
0.27849623026257564,0.24136770301437335,1.1538255814034544
0.27575923438405026,0.2426143116703064,1.1366156946206256
0.19660605389256736,0.21145271819975528,0.9297873092690038
0.1886985063240602,0.22270509487835,0.8473021527735345
0.28333122783664966,0.23531694749172957,1.204040894022763
0.2414080848548943,0.2284350162992463,1.0567910680499764
0.2926486304901657,0.23133495026791898,1.2650428746336717
0.31367583176975355,0.24318454307255719,1.2898674718654484
0.21233506873608926,0.25399507445678626,0.8359810488065789
0.2817592323185369,0.23599558852771446,1.1939173697115448
0.47777609705354984,0.3675625381016547,1.2998498147311575
0.2886546234182252,0.24944140673065937,1.1572041194023062
0.3013144940989812,0.27277916919124895,1.1046096188075336
0.26057299606288753,0.24778760796128438,1.0515981739635696
0.2848546362232658,0.2632861606251169,1.0819202784792756
0.20938843996901746,0.21539214580431115,0.9721266260063717
0.27677048776197666,0.23394010195741802,1.1830827012820344
0.3406471585329482,0.28661487209208725,1.1885187814800509
0.26083595279801775,0.24922697465874824,1.046579942460743
0.36895152317804947,0.299201433585877,1.2331208402186775
0.31134654988274746,0.26820880115554546,1.1608364398981248
0.19780074289453314,0.2228536209589384,0.887581462860676
0.2960009017822875,0.24307268425906167,1.2177464641268207
0.17181732004683498,0.20527794598239954,0.8369984375309686
0.2893150487564139,0.26094779900161924,1.1087085227901026
0.31469193681196805,0.28610679068674727,1.099910757296628
0.26093545175242955,0.23951589150223215,1.0894285557248622
0.18720882831185065,0.21158315704730837,0.8848002408338779
0.4030020363428947,0.327221891266643,1.2315864161255057
0.29015247100408054,0.23828735235357243,1.2176578745713296
0.36700688625802647,0.3034013209262797,1.2096416888943
0.27269040223965524,0.24910047136804978,1.0947004666111249
0.30545899925643416,0.32991792433476635,0.9258636064480272
0.20594704952061194,0.23369180863127778,0.88127628746097
0.30308956070455173,0.26227609287513776,1.1556126118168313
0.3149586411699637,0.24667446776804558,1.2768189753068708
0.37521518344592836,0.2938057085844069,1.2770860894901008
0.284199107375485,0.24029694976506122,1.1826996041911768
0.3029279488610771,0.24988249245538477,1.2122816043831615
0.24595099275995394,0.2115442983452816,1.1626453404029538
0.20163790346618302,0.21344470783187272,0.9446844829950539
0.18310493401674338,0.2068666019464978,0.8851353108420085
0.2652073036197884,0.23834997815121148,1.1126802094839647
0.23290034804526794,0.2634564045005648,0.8840185475345643
0.30525666465748363,0.2819178945156192,1.082785699651894
0.2712123525663367,0.23861716933649743,1.1366003264579574
0.2357183754984844,0.2103573257675848,1.1205617614616377
0.2912883372693192,0.23740712469587205,1.2269570158960945
0.2841001871418929,0.23398021416310857,1.214206030873386
0.3178853459124795,0.30477193905010036,1.0430269496045155
0.2872880221918732,0.2600398801045087,1.1047844741214834
0.2574313244391968,0.23749086354972496,1.0839630653214447
0.314376343914363,0.25720867424762706,1.2222618262543428
0.3862503055272558,0.32618413082571207,1.1841480594089309
0.255709046868242,0.25201535118182145,1.0146566297215587
0.3357894656064079,0.26009017989258043,1.2910501493946904
0.259570137164854,0.2104548058895263,1.233377095228273
0.3065924883411304,0.2632745238300435,1.1645353446315632
0.31668062237093736,0.2513957142712813,1.2596898212401786
0.24870434293116295,0.22942319180080623,1.0840418572290518
0.3244962280351059,0.2617805791092544,1.2395733447425719
0.30812369519137406,0.2506779226416305,1.2291616746476237
0.1888927775341685,0.20659196717979117,0.9143277936347856
0.19600633294274097,0.23199065092194104,0.8448889304969971
0.2289383201762255,0.2162337675669434,1.0587537864794818
0.2874425752719675,0.25494336406730395,1.1274761997573857
0.20014410468883387,0.24418193754867434,0.8196515544846058
0.24413523293631068,0.23041042907613965,1.0595667649038387
0.30231585421613866,0.26536738533386134,1.1392351544474544
0.20368348361321015,0.23186374009773525,0.8784619946497605
0.3063641806405021,0.2765843944522619,1.1076697991121842
0.29202716726584094,0.24001606389692237,1.216698426448887
0.2189317907266233,0.18425800916320065,1.188180593727741
0.37203531946717255,0.2655374959649441,1.4010651042528781
0.39051764890542306,0.3140951564133834,1.24330999995256
0.3545442930658715,0.30641031335138963,1.157089946444727
0.318683595386445,0.30095474614084594,1.0589086880101968
0.2825831374153459,0.2589225303185421,1.0913810284014105
0.22004049678729481,0.23021259237825553,0.9558143388861751
0.1889322436537249,0.2105097389837136,0.897498826257829
0.27290543580693355,0.24304628427066208,1.1228537668282952
0.2104431406536092,0.24513020306075134,0.858495354819473
0.24527716121881146,0.27591896699006546,0.8889463594854744
0.40132953581792175,0.29588679183012195,1.356361780583764
0.280662884920849,0.2747859084458832,1.0213874740091458
0.2667227234691774,0.23994464502576582,1.1116010671567023
0.1943855428242403,0.19882042775551906,0.9776940177559011
0.25051115566711984,0.22656791720728187,1.1056779739822247
0.22620624708645518,0.22014398504320423,1.0275377137470334
0.2889735942159814,0.24746712821743636,1.1677251693892674
0.23277133282321172,0.21389737865605643,1.0882383612447364
0.29077804983317734,0.24974312296164192,1.1643085358464025
0.29456147433536267,0.24750174448131332,1.1901389824652424
0.2585212597757412,0.24645015951823865,1.0489798841319444
0.1931228198941442,0.21160906075831987,0.91263965352935
0.2619863045039819,0.23249587842829955,1.1268427908272665
0.3136946888385311,0.2517159263138335,1.2462250340386645
0.3800735043754313,0.3094635314824656,1.2281689624451486
0.2216981102454546,0.21003149762347242,1.0555469667835113
0.30156010438077285,0.2604592817738639,1.1578013358824875
0.20183685998162954,0.2649307728182378,0.7618475492090329
0.2558009249030119,0.23797128613914892,1.0749234878422997
0.27484085054382446,0.2688897873935992,1.022131979082992
0.25539356805178404,0.22367888212866122,1.1417866792846378
0.21785668706804293,0.21802125873688272,0.9992451576979545
0.33963985972275695,0.28526128454284655,1.1906272534215652
0.19891918784467902,0.21519964565324917,0.9243471904465734
0.2688606377616574,0.2460632779818791,1.0926483625137156
0.2966347731048545,0.2591952220830658,1.1444453748834547
0.23066401384849158,0.21849194260837093,1.055709474202159
0.3651408278648565,0.30207700485394373,1.208767373873442
0.23398409000160494,0.21486672799765397,1.0889731145538724
0.24391092817799492,0.25353471904629077,0.9620415266812483
0.3340297345744366,0.2724759519465126,1.2259053769266475
0.46924862157440655,0.3791668308997446,1.2375782461269151
0.2883623050023223,0.24207740345497825,1.1911987690166719
0.32425897040381724,0.25531037173651416,1.2700579619948207
0.3542827992004506,0.25915983273179527,1.367043632749594
0.22275639386993684,0.25923830117490726,0.8592726956640709
0.3079812710348815,0.2512027404377407,1.226026716500782
0.31030149250847167,0.28580694749870333,1.085703112622479
0.17849238497032183,0.21383122208760758,0.834734905537755
0.3997351030792454,0.3254579120009368,1.2282236453298907
0.36585915269471175,0.29957500545687477,1.2212606059599285
0.4489839657712844,0.3605212557015585,1.2453744645307565
0.2630204607983493,0.22263179849529427,1.1814146163128116
0.18142798689989642,0.2028907306588541,0.8942152572014455
0.2946432308242054,0.274251640166377,1.0743535777779039
0.27610534616649735,0.25212325525535273,1.0951205032112383
0.23886464324865772,0.24086387518817928,0.9916997435254264
0.2553315207813287,0.23126052524098153,1.1040860540953297
0.40141205192043444,0.31844162189701924,1.26055146161216
0.21483651652710084,0.21438318083119906,1.002114604765841
0.2927149022719903,0.24636197466793458,1.1881496836779855
0.2357270036009212,0.2164294159682228,1.089163423309943
0.19298552640231142,0.21964971899213653,0.8786058424651129
0.2986937836591807,0.24828755833263969,1.2030155101811828
0.25526689077051073,0.23375420587739276,1.0920312206249743
0.18921528796475354,0.20683230670843605,0.9148246276220446
0.20445841899889663,0.20552967654276844,0.9947878206111569
0.38830761836286687,0.31901830266138986,1.2171954245992638
0.2698256345182446,0.2710908775620519,0.9953327715960575
0.18870000254461172,0.20062097685599675,0.940579621841131
0.20406712592524748,0.24228938723618185,0.8422454167434268
0.3269271305850173,0.25852624596970897,1.2645800404471226
0.3789510731446485,0.29977849583498273,1.2641035911836966
0.3021885488939457,0.2501823250894218,1.207873293151047
0.3213222988347927,0.2722758648409307,1.1801350774241997
0.24861254417540024,0.244910009716733,1.0151179384744202
0.23003321458828696,0.2111961647283815,1.0891921966676417
0.1906026830483572,0.20493164433337616,0.9300793133650503
0.24501486009309556,0.25045436923079334,0.9782814364372886
0.22965018238292534,0.21073916516162156,1.0897366049960406
0.23388085249123308,0.2181059902692976,1.0723265885657616
0.2976899191399227,0.24508778776952847,1.2146256729032103
0.19668356186117072,0.21178493782004743,0.928694759342573
0.35537986206269845,0.28537416985014613,1.245311943436623
0.28841312460149243,0.25887738979034125,1.1140915969334806
0.28148228348697457,0.23396439727243956,1.2030987909634938
0.3060699507784332,0.2486837836289566,1.2307595867814944
0.38800301499048934,0.3358093868121225,1.1554263526515651
0.3324372328536288,0.2831743000420704,1.1739668211565795
0.21338334919998156,0.23380489039234745,0.9126556285538059
0.21272437809524058,0.21941702394333756,0.9694980556758199
0.18503928365756014,0.20708635396524797,0.8935368270987685
0.23006742346106582,0.21136267777409457,1.0884959723445735
0.2921640282299183,0.26854414331503756,1.0879553157380593
0.2332758576164663,0.21871837273393585,1.0665581254128988
0.27050484118788826,0.23431072161297747,1.154470607771395
0.3439875396627272,0.29140561048703273,1.180442404961981
0.2419685333114569,0.233659884848247,1.0355587287420176
0.25703281400585654,0.23487130798530811,1.094355952673175
0.33711945735367455,0.2821500233942618,1.1948234251343701
0.2879471296760823,0.2470751655100276,1.1654231985707035
0.3297832781982101,0.2926599994190255,1.1268478058254627
0.17635963934621202,0.18074711428125942,0.9757258922086021
0.2935255771195483,0.23843478255981918,1.231051837187
0.35915141593652655,0.2537846374985254,1.4151818623718442
0.25501830161203015,0.223740356046587,1.1397957262521317
0.3869183015934022,0.31296634757371083,1.2362936289892126
0.34120491135671605,0.28657792568243623,1.1906182604406639
0.3106574105429696,0.2570840656028746,1.2083884305099302
0.3346732273814677,0.27942994514888686,1.1976999358574327
0.3530487034770452,0.2826534945486586,1.2490512598855137
0.3037781260459335,0.2547181732655787,1.1926048391105688
0.288110063530785,0.24260812203407872,1.1875532488987104
0.32530829552274054,0.276710799656512,1.1756255842798828
0.3107882259057658,0.2735786534543511,1.1360105109868284
0.40051439010570555,0.327384654845142,1.2233755742007977
0.2772838358035451,0.26356638508385277,1.052045524376442
0.29700855880908444,0.2680749986530342,1.107930841374352
0.30296627452655234,0.24601028561926572,1.2315187300560015
0.3586779938157517,0.2824636373753847,1.2698200630302041
0.22896598367417584,0.22170812684859376,1.032736088337161
0.18521966551437585,0.2136594817621072,0.8668918598267649
0.3729434818009265,0.28781311361093526,1.2957834933993668
0.3171854309002417,0.2539413052954331,1.249050171382048
0.2965700708921771,0.23734880405477604,1.249511545142371
0.27413345177426357,0.262439683184221,1.0445579283138902
0.31971493111218136,0.2832955460500282,1.1285561512348017
0.21914595453001712,0.22162170540908782,0.9888289331836845
0.32439431338890884,0.27029042430601746,1.2001694629834019
0.22034212123309976,0.2424685118566384,0.9087453028266984
0.2941509661355799,0.2436858967534212,1.2070906443684053
0.24154582653133974,0.2248289154129339,1.074353919680227
0.32594655951073265,0.2855252616162469,1.1415682019365871
0.23040448561523313,0.23078177894009672,0.998365151154496
0.26906778043501184,0.25790196643238794,1.0432947997918858
0.17241559794906894,0.19435179314553025,0.8871315008653636
0.2407778784463982,0.26680107003261966,0.9024621918381369
0.1903617673658766,0.22292497768933048,0.8539274931818804
0.30350731815445686,0.244730356528401,1.240170293787133
0.3457649090752111,0.2766015013361436,1.2500471161760465
0.34829344298979176,0.28156152867679,1.2370065066296916
0.37124987140193305,0.27025058034250266,1.37372460377857
0.31885458035113046,0.24405120952293258,1.3065068637620043
0.30602471106350676,0.2610933625336664,1.1720892024746388
0.2917998104910314,0.25537912151540026,1.1426141994674957
0.20957108024926796,0.22268877544186946,0.9410940440685761
0.2378267009107381,0.2473678980829686,0.9614291213768152
0.35910414259645584,0.30933304152350105,1.1608981078381615
0.2751683932209033,0.2456846331427803,1.1200065291059065
0.2809925835039462,0.2283869651617177,1.2303354672845674
0.2978063590503094,0.2699142054727476,1.1033371086516526
0.30487681393322263,0.2836057084240454,1.0750023884476005
0.3044644323637435,0.2645408973051328,1.1509163061942789
0.27912693535347083,0.24809319610115543,1.1250890380712495
0.3271933837938311,0.26225012795829855,1.2476386049499257
0.3419974323931042,0.26862221698689726,1.2731539342845422
0.32579599821262845,0.2560604069451002,1.2723403906894504
0.4109330861260687,0.3337430361207038,1.231285874613569
0.2650276961919149,0.20854905329704077,1.2708170667858676
0.27700417037654246,0.23608593494124241,1.1733192426117374
0.2719595923497215,0.24197348882358757,1.1239230945171663
0.416269902028142,0.2994409742767943,1.3901567847670524
0.2976464702498025,0.2626254253841832,1.1333497882559869
0.31710586389921586,0.25747980785869634,1.2315756584424749
0.371914652094248,0.2860704289247922,1.3000807300919042
0.32787490647822365,0.25928866263188277,1.264516940888056
0.22351407619746624,0.19748442682584638,1.1318060861303985
0.20435487121713547,0.2007402127405456,1.0180066486292996
0.339716386879783,0.2916186975388322,1.1649334893368628
0.18489395947327397,0.20351908890432327,0.9084846068674904
0.32885309507029875,0.2768417580209092,1.1878738865885299
0.21112131554544342,0.22537755181018365,0.9367450921787142
0.2920683629331199,0.25498215754149556,1.1454462765128535
0.265579163919063,0.23362697354066464,1.1367658446888917
0.24040830726017665,0.2518136037555407,0.9547073854419865
0.33937822461987355,0.2874277440511269,1.1807427488958957
0.32224327932465624,0.2900241301052908,1.1110912709493121
0.3337290336977868,0.2478493486120772,1.3464995392024397
0.29949479221353736,0.2538003284870128,1.1800409952143258
0.29056214275993997,0.2480492849286726,1.1713887538256442
0.29417573151024107,0.2523532123893273,1.1657300841345761
0.2785646511673458,0.27752762650638924,1.003736653802762
0.32343767809375984,0.2655587215951932,1.2179516310023322
0.3710448565884718,0.29099477440920507,1.2750911329654946
0.3325039809450201,0.2697700461111115,1.2325459617858021
0.25631630735083377,0.2123880471403997,1.2068301903138419
0.21171828551557914,0.26144990875069946,0.8097852721664518
0.23344402650480778,0.23601381361329582,0.9891117088904864
0.2325728692296543,0.23543764365292943,0.9878321309250859
0.3037425583702715,0.28233641758768513,1.075817852211496
0.2725453596176596,0.22827204565171785,1.1939497840812754
0.2692352291111335,0.25712550989725347,1.0470965297014638
0.29442207558961553,0.2829097311052816,1.040692642276238
0.20416032360557168,0.20436492643918563,0.9989988358708174
0.28402800171703435,0.24437787517843168,1.1622492482580604
0.3815506446202443,0.31999743503365385,1.1923553217859917
0.37341513320833675,0.2970120340283205,1.2572390692180881
0.20116507163680378,0.20771072633717386,0.968486679451765
0.2139188548151137,0.20949431957152373,1.021120072623637
0.3096416532002599,0.2649961441380071,1.168476070500867
0.3332584292366543,0.27053086930572445,1.231868400422881
0.29298856084895214,0.24781350321065357,1.1822945765788138
0.29771691001406975,0.2466156929974942,1.207209915944379
0.21557737740754793,0.20417008374098988,1.0558715236705751
0.3596526701895719,0.2870864947146793,1.2527676390594844
0.24481467292654024,0.22800133628737132,1.0737422723609722
0.23818177384654313,0.24500476642326138,0.9721515924921595
0.25708549857362534,0.2200902726811104,1.168091144791835
0.20718034574856328,0.2482898655694819,0.83442932829083
0.24515443673968235,0.22947958069863295,1.0683061037209869
0.3163270957992037,0.27766856321645167,1.139225456907833
0.2291459632654515,0.23458421359904066,0.9768174923190509
0.30163253330368905,0.2549858301505927,1.1829384131876943
0.24849319841226308,0.21143198254083714,1.1752867065145536
0.31959612572036994,0.29092881201480236,1.0985372108971765
0.3154700751242817,0.2538402643190528,1.242789736177418
0.2595417387342156,0.2168799443777596,1.196706959137485
0.28354281757469973,0.2704901301407631,1.0482556883947818
0.26929747259976705,0.22956664116178574,1.1730688362948223
0.1978435635942278,0.23522846826559451,0.8410698120554195
0.3800962569449414,0.313905399902684,1.2108624351883648
0.20119772234039884,0.20370168739517333,0.9877076862406304
0.23250748110389835,0.21996112590817804,1.0570389660623838
0.31442147992028424,0.26598335403774986,1.182109613805606
0.2512392546439194,0.24223980966746936,1.037150974436464
0.2345453553764247,0.24670257446730098,0.950721150287438
0.2768925088858574,0.2333898299663206,1.186394921003261
0.20903622419207404,0.28650461466217736,0.7296085769457932
0.22756489890362125,0.2443727302741991,0.9312205115860572
0.22298798759076927,0.2110803390761015,1.0564128737275462
0.20776300756060087,0.21755495455454044,0.9549909262513038
0.30454354449736254,0.2531952800234152,1.20280103353111
0.22400637742870688,0.2242961835501829,0.9987079311074806
0.27242227931567453,0.25536705585013464,1.0667870936161357
0.20140396410875694,0.19438790556367047,1.036093081638705
0.25056694257114664,0.227333633460325,1.1021991720150657
0.3870594131020347,0.3368643566667451,1.1490067305783462
0.18828282796091922,0.19984347805109048,0.9421514767311258
0.291576245420768,0.24416010461743864,1.1942010177200044
0.24991613040848945,0.22498249748348628,1.110824767276989
0.23645201397423937,0.2442715072057396,0.967988516872276
0.40058738792995147,0.3105062296306085,1.29011063129557
0.30306217288819354,0.2497404036944182,1.2135087811382725
0.2801007265270265,0.2577781666045408,1.0865960070106748
0.25786748670701903,0.2465858164994404,1.0457514968530408
0.29446144545171427,0.2794700648753667,1.0536421694503602
0.2166150978893126,0.20555880807868496,1.0537865047670225
0.2510914208820565,0.2541094294803476,0.9881231932067105
0.22538257990496072,0.21641529577656549,1.0414355376140019
0.28570451690528686,0.2556982783975307,1.1173501780919537
0.3420712818505769,0.2824606343072312,1.2110405497373042
0.28324933734335256,0.2319967897491197,1.220919210346217
0.20490270593455237,0.2353390556402635,0.8706702139901684
0.30190425204437477,0.24631095909110637,1.22570369243175
0.2847432680204521,0.23543643270971926,1.2094273802199744
0.237093700270518,0.2437231394249999,0.9727993034632563
0.30763926121920476,0.24655982937433757,1.2477266146714183
0.26527324520796225,0.2336095370681478,1.1355411621340512
0.2710024996709348,0.23268304827567313,1.1646851873363049
0.3322645833348594,0.28455614503852755,1.1676591390773599
0.2775549122522777,0.2285453835236106,1.2144411231286325
0.33683336263163594,0.28512651106962017,1.1813470496589156
0.3705916089845643,0.2778596327557241,1.3337367695665387
0.3354909895803971,0.2782691740182169,1.205634762686413
0.28512241393959437,0.25388242917130965,1.1230490226135548
0.23126226839621028,0.23496501334483055,0.9842412923698296
0.17809793212657138,0.19305285191307484,0.9225345824301153
0.22705282055622616,0.2359557708049194,0.9622685632213086
0.29075680675910587,0.2581178239238879,1.1264499380129687
0.32138575966244765,0.2765426755521896,1.16215610853087
0.31258795996646893,0.2580055441545083,1.21155520510549
0.2404348454568171,0.25632061669809925,0.9380238256059098
0.4058270362113965,0.33157435439100685,1.2239397614353118
0.19232182521578442,0.23221803352332127,0.8281950471192405
0.20202530580706302,0.24664258726583316,0.8191014700527719
0.3650411610088395,0.3264119785484423,1.1183448678329198
0.28289679297008524,0.24720306915758566,1.1443902939155894
0.3009157843230789,0.2936300856861826,1.0248125072738048
0.2805746109062262,0.24235890041517832,1.1576823068002933
0.21855711708949715,0.23226381302968555,0.9409865197621786
0.19758304203457566,0.24032151309156818,0.8221612767529966
0.3740540489943734,0.2946780447398537,1.2693651789518083
0.2845205602849112,0.2505935936945841,1.1353864082881393
0.22408617311131407,0.2612103147574794,0.8578764330932596
0.24202103930324395,0.20766266084115076,1.1654528470497412
0.2124033565373648,0.19968533842767358,1.063690294990274
0.27972825445539007,0.22350983706215358,1.2515254725795504
0.3127937131015676,0.26960516353461156,1.1601918487047507
0.4258641418552847,0.3470063947125988,1.2272515675337865
0.24093177603659355,0.2608588272727218,0.9236098258799001
0.24367628944684233,0.21670405413923213,1.1244657623723116
0.36071301931505767,0.262217027531107,1.3756277489350537
0.3531923315600975,0.30650020948749773,1.1523396090027938
0.27749323304423873,0.2777863745945945,0.9989447230779999
0.3169192907628741,0.24446989282357554,1.296353048232334
0.25790448214159606,0.252924515953769,1.0196895353107538
0.36352145775460515,0.272660501953998,1.333238423422021
0.3455278012296461,0.2770864644477774,1.2470035370304704
0.3344502650242315,0.2496237943880029,1.3398172471666643
0.22722589213084946,0.2154026698509816,1.0548889309870082
0.2347369439184778,0.21702111154828388,1.0816318386898154
0.2762659661866512,0.24413311306461755,1.131620216195452
0.29990465323494186,0.27418732614012686,1.0937947331733044
0.40561110191397004,0.30396590686236086,1.3343966963296159
0.332078085541327,0.28601584522159296,1.1610478618205469
0.2180321566904997,0.2510191269231317,0.8685878218246952
0.31671603142416993,0.2865321471791407,1.1053420516412706
0.26187558674178,0.2687709993411936,0.9743446554266811
0.24332134955093493,0.22388636073341758,1.086807381896116
0.3128521723254327,0.24848414536230642,1.2590427927273726
0.38652750667592467,0.30498271785667974,1.2673751135550086
0.327796411573193,0.2614887181548011,1.2535776452853993
0.35960498310574945,0.28666657127318323,1.254436405014446
0.44603273386930486,0.34261906195712477,1.301832803234752
0.37425879359243935,0.327979209243728,1.1411052379064677
0.32538071901020477,0.2702815702260504,1.203858327218064
0.18677447015545623,0.20688506287807254,0.902793404014535
0.16496329307595675,0.18869902989364495,0.8742137846121085
0.21746743859572787,0.20535078732359424,1.0590046497023655
0.3521385775951854,0.2960759146560733,1.189352325413688
0.21504170338525408,0.2210069026915581,0.9730089909697112
0.2934905270219181,0.24187283806521256,1.21340837346436
0.23985364919730576,0.2263582937840758,1.059619443085674
0.3026307708484151,0.25196589383536483,1.2010783135838012
0.3006513600440564,0.26835611206994825,1.1203447453646602
0.31341380376861155,0.2665564308841762,1.1757878162196573
0.23862896043561982,0.21067622013898496,1.1326810414492636
0.3109642681775198,0.2648354755025653,1.1741790543257777
0.34275733214878784,0.28188494311495405,1.2159476428970162
0.39947714163033465,0.3198262692531963,1.249044184404006
0.23772170762155223,0.21191883077635532,1.121758301282945
0.2213681371023113,0.21654903048405263,1.0222541131100265
0.260906591815604,0.2562838485479148,1.0180375911079895
0.28440208620753044,0.24000516253735338,1.1849832028645104
0.27864731042822016,0.24104412266323905,1.1560012637915102
0.22741361427060208,0.20880805461202936,1.0891036492492703
0.29709607828341517,0.2521980636482733,1.178026801576711
0.3427958710062339,0.3085745141117601,1.1109014365395042
0.25117846551427003,0.21692088264219336,1.1579266249279645
0.20601975493712907,0.2274086177912938,0.9059452405018594
0.20669214719059484,0.2176887826033083,0.9494846023703827
0.3935996638829743,0.3331926781945378,1.1812974583228004
0.23011816544192082,0.21787559074962495,1.0561906666560212
0.33218233619643706,0.2461524698057504,1.3494982864018248
0.29005416047956795,0.26261207855559154,1.1044966479642224
0.31282049098885717,0.27483914166663925,1.1381948331372926
0.3260740488694994,0.2589345453437342,1.259291410640623
0.23910444891565477,0.21681599762413936,1.102798924137293
0.2858237781890644,0.2677488640465313,1.067506968542701
0.22841773040565785,0.22999195247732052,0.9931553167199714
0.34595858369550064,0.30018844670372336,1.152471347563056
0.2540831087456076,0.2546620424830922,0.9977266587048478
0.27091839259382267,0.2509830189698477,1.0794291729607808
0.22606153843591792,0.24014682718367833,0.9413471795028665
0.23500900228042595,0.22248669873646718,1.0562833806024121
0.2215471101331819,0.21158632543786438,1.0470766939909955
0.3865702710482605,0.3303636596768302,1.1701355755242966
0.22042514970528776,0.22839695215618988,0.9650967214069889
0.22669686067714115,0.23494461305981962,0.9648949074623877
0.3309675124042282,0.26144936219969633,1.265895275550275
0.3005704427372632,0.2531815940482243,1.187173356211718
0.2855362070833008,0.2554628113901104,1.1177212273267678
0.3022509158915735,0.27784418714455117,1.0878432224832708
0.2522014598594119,0.23406382202357784,1.077490137856533
0.3004265100100002,0.25714493429788693,1.1683158792542037
0.2462446852143037,0.21169520784640672,1.1632038708829158
0.2880377612211856,0.2517843898797885,1.1439857783030385
0.4084529199272169,0.34379177929054394,1.1880822769238666
0.23811768708547634,0.24739817046243304,0.9624876636734631
0.30877570717415515,0.25834354284730415,1.1952135662885883
0.2684983371587061,0.22584830937023367,1.1888436885243896
0.31156071824228254,0.2946897178634233,1.0572500476133961
0.18382488810878317,0.1874099486204562,0.9808704898642626
0.2110571614776467,0.22112102328573874,0.9544870873942762
0.18005460803324963,0.19317506749229915,0.9320799540573601
0.218445403746446,0.2243704265243287,0.9735926749809862
0.2119021482849876,0.20522274153909628,1.0325471080631619
0.3338622176872466,0.26604444032403257,1.2549114624632427
0.27895592413758596,0.25922776519162594,1.0761035722056107
0.302504487685932,0.2397482227132983,1.2617590414744408
0.25560828025339355,0.21261613154763045,1.202205488326891
0.32331217302028054,0.2519968140213473,1.283001034262647
0.2800323063776997,0.29688853300453383,0.9432237195008919
0.35879287732015497,0.2789007566514669,1.286453581653515
0.21734035862909534,0.23812119074427954,0.9127300176425671
0.2373489294739324,0.24184215022672031,0.9814208534427284
0.26780285667922005,0.254889241809282,1.0506636324792418
0.3161617118047374,0.2705527172817759,1.1685771075640705
0.3039778102219304,0.24933949905792463,1.219132192734985
0.30266875285613243,0.23771349803546893,1.273250174506168
0.31191475157071746,0.2592153957439173,1.2033033403573863
0.27648715398082524,0.2606101906915217,1.0609222657301869
0.37763764369210573,0.30042865116109174,1.2569961028437797
0.24623508358635393,0.22195889494674514,1.1093724522526272
0.30974585168015745,0.27606017298624586,1.1220229572760207
0.3193565857994659,0.2684028813167841,1.1898403781386513
0.3242088871712999,0.2740821102658958,1.1828896342660764
0.2401178211889371,0.2422920204183982,0.9910265339085182
0.17817686380694825,0.1842878678667773,0.966839900365841
0.1871525020137243,0.1941013001983935,0.9642001461218099
0.24600255060026693,0.2638711323995872,0.9322829229676348
0.265518984075559,0.23321717263632086,1.1385052870425183
0.3079562529294428,0.2529934994062163,1.2172496670951065
0.2683615548189471,0.22876010706410269,1.1731134342569063
0.275499244786597,0.23948686780017106,1.1503730760572426
0.30961260190278334,0.27380333421784514,1.1307846297315263
0.2594849972662015,0.25003343056271393,1.037801211950803
0.22624603366775659,0.22832066757135475,0.9909135080688664
0.28998742910402386,0.23113887533815433,1.2546025789896855
0.2737038261255054,0.2302094799050414,1.1889337756134322
0.2866666978035659,0.2321782141409605,1.234683877917694
0.3576725933309156,0.2705635687090058,1.3219540052548486
0.3054583554641414,0.23742132320988343,1.2865666458867824
0.21391341067191277,0.23319224048214515,0.9173264523280374
0.22179252529025467,0.209564058325194,1.0583519285835024
0.18286558111139506,0.21548224632571078,0.8486340950566562
0.27983704869746817,0.2152968044928488,1.2997733494310322
0.3365726192716836,0.2906776239475984,1.1578896741372802
0.2566389212557277,0.23778296903666135,1.0792990023442728
0.2951115866112114,0.23579944104486733,1.2515364129088766
0.2642694723919304,0.2410070468415586,1.0965217650489067
0.277407248682386,0.2242794848293802,1.2368819595489196
0.27965301320335956,0.22966722460103894,1.217644414387609
0.18730760059128504,0.19406265915382503,0.9651913531846147
0.3332816473792802,0.2685721457050806,1.240938990543186
0.2527886520781764,0.22088736595423974,1.1444233172237905
0.27465131693841005,0.22992305457204504,1.194535786981508
0.24686107925862955,0.22786627093748374,1.083359455714958
0.17809338139921607,0.2072568572777888,0.8592882461809956
0.2393725006534344,0.22219357549751304,1.0773151299152375
0.20028630083167542,0.2157294182931799,0.9284144110539573
0.20648230592528385,0.2086472345256946,0.9896239765394822
0.3568859641624204,0.306333542138132,1.1650241161037902
0.23356697651636296,0.21969806347065488,1.0631271519949494
0.28995436556062465,0.2838818670430225,1.0213909348309376
0.2121971533361141,0.20457485444485649,1.0372592169841295
0.21823374128858508,0.2418603544639871,0.9023129969863664
0.2212978153143355,0.1977425955208766,1.1191206160281844
0.3166220901498535,0.23998426287708247,1.3193452201989768
0.16679926245369928,0.21330777085070673,0.7819652410621337
0.19073776647358556,0.1970677961795729,0.9678789237576937
0.18535472095747635,0.20299128771885175,0.9131166319521924
0.31510786325162377,0.27218618827327,1.1576923327764932
0.3435800166545424,0.2796099888387324,1.2287830562902575
0.2772665975581368,0.26208720424567106,1.0579173384528806
0.19565213979039253,0.22676832394256558,0.8627842565875561
0.29287767118296737,0.25288854856882004,1.1581294322754392
0.30229619195379903,0.2567817708716948,1.1772494243948737
0.30574994462551525,0.258264697930418,1.183862707817275
0.356976801630193,0.30812623740101186,1.1585407482375623
0.26033711473040094,0.25030004634998737,1.040100145911995
0.2046553532456673,0.23017402958858543,0.8891331207585392
0.19634949931047876,0.2229429720791932,0.8807162543824527
0.28454656659208355,0.23355221496347128,1.2183424020902052
0.357041152686031,0.30210949151804134,1.1818269955437968
0.3741116789240437,0.31194854392350013,1.1992736821871108
0.22243861040741153,0.22928365703653056,0.9701459462153099
0.37249258615126274,0.3000174275974301,1.2415698285736967
0.25310715159205094,0.26118422197452534,0.9690751978759949
0.20153214583015208,0.24018304544217578,0.839077318963678
0.2881352503899805,0.22950214952824874,1.255479528110105
0.19410854793390037,0.20558162474262678,0.9441921094694632
0.26139430485381315,0.2359173346441986,1.1079910903878172
0.24980952900683953,0.23019409393512097,1.0852125905421668
0.26927283707606253,0.2543270133892281,1.0587661667852837
0.25622053044686655,0.2251992356823088,1.1377504442702455
0.3336620370743468,0.2770968356712036,1.2041351402159717
0.3435732139378773,0.3050710132952941,1.1262073385035598
0.2965766274452451,0.25029992447746957,1.1848850057161766
0.20457303005951458,0.23063875463180344,0.8869846283470411
0.24830174160878046,0.23433570966554135,1.0595983939587028
0.23598962610154034,0.21265812145198876,1.1097136779458436
0.30818591847208754,0.29290540020549916,1.052168783012767
0.31304391932566566,0.25225751179115574,1.2409696627184488
0.30804021309308816,0.26594146580905226,1.1583008018548828
0.26751949428425637,0.25914847066101243,1.032302037522706
0.2405795581416824,0.21722237494851934,1.1075265989458893
0.322401739165229,0.24083586452734854,1.3386782728475979
0.3681555614338108,0.26585445119443984,1.3848011939606393
0.35145268370900695,0.3062245542467132,1.1476959598277519
0.27808431651731375,0.2472985260838292,1.124488370072407
0.3464819725085075,0.3044849096886381,1.1379282239727906
0.20227142894074432,0.24554381014639712,0.8237692036306958
0.2315087142231432,0.25716061395886225,0.9002495003382495
0.2547854841801752,0.22022913711599984,1.156910877083325
0.22670621531875332,0.26196672274617094,0.8654008148142434
0.3104699604910255,0.26391331894863324,1.176408836537173
0.3265858696477325,0.28635306768795965,1.14050068429375
0.19403393623748133,0.24419802297640278,0.7945761962873513
0.2664598891769404,0.2334395899349443,1.1414511533849008
0.2086965335942019,0.21423296092314614,0.9741569770352454
0.3535865474024869,0.2857564983902834,1.2373701014475684
0.29803694383661117,0.26271250590429707,1.1344604354129315
0.18351144816177137,0.19430653005845092,0.944443030847022
0.31345760912291454,0.2856627217232237,1.0972996659557879
0.30758448374911485,0.2763515189720619,1.1130189726954622
0.3873762656585642,0.3007262996838692,1.2881356438255767
0.2029709137484646,0.23077839005818185,0.8795057184396395
0.31565984940194064,0.2661068323570782,1.186214749189037
0.2057170260662302,0.22654619588202116,0.9080577374751497
0.24070425724668168,0.23286552000745964,1.0336620777475813
0.36855632427638413,0.29197350555000334,1.2622937262136795
0.2985678044454465,0.25657956055962133,1.1636460978974525
0.3135980813946141,0.2587058083413205,1.2121802885108481
0.27457846107176653,0.26809531557087857,1.0241822408835561
0.2563739953134059,0.21842108073723654,1.173760309435641
0.31256835496802016,0.27259018074753766,1.1466603606588042
0.2578355683374946,0.22573028521460095,1.1422285144076758
0.30892285138717834,0.26275088671752345,1.175725247767834
0.4046857879214562,0.32037836436123057,1.2631495535858595
0.26891518729845443,0.2514809318129278,1.0693263515442024
0.3714485301743612,0.2886456327319877,1.2868669678410045
0.2567337019781341,0.23125701291498602,1.1101661253080086
0.2853634085059151,0.24343157471404303,1.1722530606028778
0.282079019978109,0.25807473958633725,1.0930129017285757
0.2265291873093589,0.2602824597108407,0.8703206030902744
0.3426435852688467,0.2961428135446447,1.157021442349442
0.2857512242017901,0.24595122511524517,1.1618206986685913
0.21417632233234538,0.21305502048202887,1.0052629684472096
0.21269635040451348,0.23730544875843085,0.8962977947507281
0.21257733627363332,0.26491766203997585,0.8024279492605351
0.28744060427242596,0.2471824892811564,1.162867989186233
0.3266849892592462,0.29161898107977186,1.1202459731860943
0.21261382134067194,0.22907057231302855,0.9281585984345986
0.28152071455310057,0.2319991588220421,1.213455755540237
0.2875027265047285,0.26857313604362687,1.0704820695768573
0.29756630187804417,0.25971054034443725,1.1457613598716527
0.32260723115287737,0.2850416331743073,1.1317898636779073
0.3321832300972461,0.29856148072088284,1.112612482009343
0.3481082106794378,0.2736253243619805,1.2722075761486298
0.22542066686161366,0.2266614593892353,0.9945257895587318
0.2615483117670481,0.24960313613026622,1.047856672884702
0.30386712678882094,0.2652857055101155,1.1454334722050612
0.29335571887342426,0.280300236439736,1.0465767799539305
0.28373110965991555,0.23196445493946932,1.2231663240557897
0.25696664614360365,0.2622300463376917,0.9799283100178764
0.24945115392677727,0.23536879493028076,1.0598310366532144
0.32062343668288196,0.24885729942036955,1.2883826893149921
0.30277059191809175,0.2610294722928293,1.1599096043010662
0.3543230682386719,0.3124140416047915,1.1341457842887097
0.3320193116806566,0.27253884964208036,1.2182458101540046
0.3450043288702678,0.2530950521557674,1.3631413412931312
0.26613358596721626,0.23433407097779377,1.1357016282640175
0.33266509618778506,0.2848961101838015,1.1676715978086372
0.18293584120685438,0.2297384767103396,0.7962786374591696
0.35168842010297474,0.2807046285285549,1.2528771682409183
0.3009465176523381,0.24164160265787793,1.2454251020608629
0.29161914045630355,0.24603541220034747,1.1852730379269025
0.43542768940359483,0.32884325622613,1.3241192609532237
0.1970845717972789,0.20193612399258157,0.9759748176830367
0.3212774603719339,0.25874920117450373,1.2416558540610152
0.2294290221125286,0.2134816629817367,1.0747013064637603
0.3439817348960531,0.27147329405425075,1.2670923528386273
0.3715380144293225,0.31997235628155263,1.1611566034860705
0.30216892045508814,0.26950706424446036,1.121191094942882
0.36265688419577663,0.29672609314761733,1.2221941129233942
0.3610348953396683,0.2757301849702104,1.309377482115983
0.29587800822952554,0.26742196594151646,1.106408769331358
0.3726459927839409,0.3095090453021819,1.2039906375599354
0.2775392521678018,0.2482453791084463,1.118003699261441
0.29561916246626685,0.27470041096084263,1.0761511474710028
0.33142302050695444,0.28445026007053836,1.1651352346268473
0.2041892296100823,0.2354353284268673,0.8672837291430929
0.276999288903965,0.24814840270971164,1.116264645990906
0.2981137427090966,0.2821448434741139,1.0565982317392513
0.22707114705408482,0.257507691947607,0.8818033563839529
0.2587831259535362,0.2520287309353321,1.0268000993106503
0.2379297598006088,0.21776006317167754,1.0926234881417622
0.21674341331188052,0.22622923176264462,0.9580698816998308
0.28130727202785466,0.2623667110128863,1.0721911744895034
0.21468092992238874,0.22570999831613417,0.9511361106019863
0.28756884662674953,0.2591911345725607,1.1094856585314437
0.34611468977495,0.3186385275502552,1.0862298807238913
0.2826933440891906,0.24612876581296175,1.1485587357310971
0.3303262431634071,0.2767218743972138,1.1937120760075808
0.1940395712426916,0.21802182720012594,0.8900006652296304
0.27026179019878455,0.22404322676443214,1.206293062735382
0.34690986502507715,0.2748571794465473,1.2621459105547659
0.3768536496002909,0.29017653780932484,1.2987047555440945
0.2595333840143518,0.2316963753430261,1.1201443424831874
0.2777975131299155,0.21793383052857124,1.274687424417551
0.25753600251368775,0.24404878110017597,1.0552644489872522
0.20402810832477888,0.2446388561021174,0.8339971481865222
0.25935549267379265,0.2551678588168759,1.0164112904984715
0.22761328792931185,0.22068598372930695,1.0313898693652512
0.1777311911489043,0.22703653751888578,0.7828307861421641
0.26535524652742976,0.23394318567559103,1.134272177072077
0.2686676389951246,0.2486232851297163,1.0806213861060938
0.3056701477579414,0.2532911975463076,1.206793409005292
0.30519455612469104,0.29387845798172746,1.038506048455131
0.2722984043126288,0.24425701973503458,1.1148027786796588
0.28431601799444295,0.24825450834058016,1.1452602407702905
0.2773675156290406,0.2540749386364962,1.0916760114852138
0.18857414168528888,0.19747062380410332,0.9549478198456495
0.2371128194560384,0.2364836652076361,1.002660455418136
0.23750357487654034,0.2391521644079357,0.9931065247288196
0.30060481689684415,0.2570821314531213,1.169294867744082
0.4175700988787115,0.3299599531885766,1.2655175115753046
0.3258098814956078,0.2981277554588452,1.0928532333199148
0.35444028516559134,0.2670439622181715,1.3272731658917574
0.19739025905091065,0.20740898815704348,0.9516957813875117
0.24304396628538882,0.23018723198140714,1.0558533772412717
0.2987410875653905,0.2640245644007315,1.1314897469614489
0.28354222182554056,0.22975168237053104,1.2341246814822409
0.20587045468769977,0.23089664591232514,0.8916130153136647
0.289457291407651,0.25380469954306856,1.1404725441600125
0.23428155168409331,0.22451792666023432,1.043487062120587
0.31266658014677196,0.2677895542526734,1.1675831830682788
0.28904897216276354,0.25452633856219603,1.1356348179743747
0.2823983935765498,0.2354074147546068,1.1996155425729782
0.28596255406469046,0.25500711445676744,1.1213904940411812
0.26087034992091473,0.22163524721103348,1.1770255552923083
0.34087711433804196,0.26450498222203656,1.2887360815453202
0.2459181084544378,0.261516388030955,0.9403544852620445
0.31047706254761065,0.2766523731159472,1.1222642301986951
0.29570237136508115,0.2835427209376919,1.042884720818001
0.243798062465713,0.23593133681373657,1.0333432843564443
0.22211194804591908,0.22352728547213466,0.9936681670730886
0.2241558378597742,0.19909825103498682,1.1258553839349603
0.26467300743591315,0.24124337850755337,1.0971202984857311
0.24351581426153657,0.23483353106768823,1.036972076152727
0.2945094700602672,0.24770644473071599,1.188945529376239
0.20777864084627898,0.2440783368772072,0.8512785014214918
0.30284824485199624,0.25473130515159187,1.188892918645275
0.2448205893613285,0.24869269099058608,0.9844301751939941
0.30894808468681106,0.2482571700135596,1.2444679227993156
0.33028549835641835,0.2580238268644602,1.2800581340494466
0.2687444992633052,0.23149586344430487,1.160904109752967
0.41188585905038344,0.3205938149122746,1.2847592183370395
0.19752208815262912,0.23942042111508496,0.8250010054809982
0.4166277020400873,0.3405037207001327,1.2235628473704516
0.29667232507855323,0.25491739427144616,1.1637978880430764
0.3155377952729245,0.2691167527075476,1.1724940647445432
0.34212526529892423,0.27952357072372697,1.2239585535241713
0.42524594962240225,0.3486476367062776,1.2197012251101413
0.35233872091010116,0.2981863283887878,1.1816058865405366
0.19820894742581335,0.25202073096855215,0.786478741903762
0.41204115838209204,0.3146638266007764,1.3094646525889397
0.228589200497827,0.21709993397589497,1.0529215569600665
0.28128025415431374,0.25432945425039644,1.105968064074023
0.226572771551436,0.24332830489951926,0.9311402208016764
0.2435800516765561,0.2159610151095234,1.1278889921545603
0.30821568804955096,0.2647866844533866,1.1640150587096825
0.3168778286467359,0.25280898678155866,1.2534278653651516
0.30880376638471013,0.2644546507822501,1.1677002672151027
0.3079453021007,0.29367831108300996,1.0485803359637864
0.2598636130424193,0.2572998745084527,1.0099640100441727
0.1827429836579446,0.20076750159219806,0.9102219343703091
0.29738048773666065,0.2547209262806976,1.167475684384694
0.29698575224648377,0.2657627743185678,1.1174843918903752
0.36782353729836353,0.29696488094425505,1.2386095491453408
0.29525217092655415,0.2586664863612619,1.1414396007768688
0.403151432331819,0.3373651306540757,1.1950002999723128
0.3395031560037322,0.3071008517198518,1.105510304196222
0.2292840822953154,0.21916178366783676,1.0461864220033
0.24332596596785155,0.28853217501671513,0.8433235078679017
0.30633341680153936,0.24000623574784088,1.2763560740287772
0.2797279942449191,0.23008256828558848,1.215772217466334
0.28530699335749343,0.22805652497414833,1.2510363094843913
0.2432746101863076,0.23741313668601222,1.0246889181538736
0.289237726909125,0.271488957027894,1.065375660489231
0.3473441033475362,0.2884513559429668,1.20416873136909
0.22106703861843507,0.21146989302977956,1.0453830351505593
0.3636058464441707,0.3125592205019864,1.1633182532903708
0.3509049359160639,0.2980537805411278,1.1773208690021744
0.3054049717368607,0.2519190574251899,1.2123138870807901
0.31012743744853183,0.24031924268712107,1.2904810866614462
0.3011918549073055,0.2723137048779639,1.1060473619654332
0.3573860520144706,0.3052506939577526,1.1707952155022248
0.3361127276811185,0.2740567555810948,1.2264347469502936
0.25584858933958976,0.22780137675777423,1.1231213479962356
0.3615423972529317,0.3087725621959231,1.170901956707944
0.3313287177927808,0.2814488211574518,1.1772254594288194
0.3515286265104149,0.30098574852995885,1.1679244888746791
0.20185993378792383,0.19678664587415826,1.025780651381242
0.1911155457435164,0.20975291714801134,0.9111460681553071
0.4024629531477487,0.30650233182318887,1.3130828426451135
0.3184848470278746,0.2922375360274929,1.0898149887149076
0.29688012836593636,0.262357341650056,1.1315868902267214
0.21348159166010502,0.2129744290126447,1.0023813311758203
0.2336521136327849,0.23552173191448914,0.9920618014036046
0.37285038927846825,0.29960900385134953,1.2444565566642893
0.28907002457792225,0.2513357869630516,1.150134758248406
0.3150554734113114,0.2713408236658864,1.161106055310176
0.2133759415976339,0.24250762180448512,0.8798731355737025
0.24932758304917269,0.2393862630524683,1.0415283645349587
0.2672781907722982,0.2585512772879535,1.0337531246253537
0.2540376170417888,0.2098839441161621,1.210371846743977
0.30621862777362163,0.24159806411073276,1.267471363649963
0.390567254175679,0.30591425162573266,1.2767213429909572
0.263154749163866,0.22289601312529422,1.1806166717568947
0.3252079305817787,0.2653993613918784,1.2253531013648118
0.33821335688264104,0.2858780963270819,1.1830684520008863
0.29883675226190753,0.25531974056367696,1.170441234203657
0.29702037710918694,0.26429789458290825,1.123809092682779
0.29892861717977487,0.27032440994530377,1.1058143703717276
0.3215248672697099,0.23982014916027192,1.3406916324400862
0.19563532815027898,0.19231541434031926,1.0172628586291312
0.27559250199798074,0.25042415363281717,1.1005028788160207
0.3062849385415835,0.24248196551278756,1.2631246117370787
0.3315863433322338,0.25723620062412483,1.2890345236312593
0.32864994666228875,0.2841753631820265,1.1565040085891414
0.23464908392350903,0.21216835429815634,1.105957034448978
0.18675198562098821,0.21206147295794023,0.880650233236983
0.30404167056219,0.2788481313922056,1.0903486031776528
0.3214265109949794,0.26053952690774423,1.2336957651296991
0.32572818188510594,0.26250056718812964,1.2408665831630838
0.48674874674428387,0.37604291973867027,1.2943967860970451
0.1870641573262863,0.20764778508015402,0.9008723943483326
0.19267400327118847,0.2067040219255057,0.9321250814395208
0.22119724090874582,0.2207698588502584,1.0019358714124889
0.3538856056564305,0.291352818690651,1.2146290784033047
0.2923286030620029,0.2844180933349405,1.0278129623692636
0.24389113779161842,0.2223087818472923,1.0970827862263732
0.27881341697695244,0.26661031801336366,1.0457712929286447
0.37072239909981397,0.2948774378142657,1.2572084247873883
0.20824723234902062,0.23405941268240285,0.8897195372851465
0.31146281148824595,0.24701122850670282,1.260925721357619
0.20188112121082505,0.1969413411376388,1.025082494333853
0.24823342718784167,0.267827496993124,0.9268407089441403
0.3796608146504004,0.3306572457713966,1.148200499174553
0.31815496149693945,0.2787353934638273,1.1414229012801267
0.23636467569176672,0.23667477692562247,0.998689757996674
0.2371456174895262,0.25418331490194557,0.9329708269050159
0.3590667824994972,0.2929341970142768,1.2257591846881477
0.2997688123554973,0.25921131548849247,1.156464993785371
0.3186924036671502,0.28205209049593444,1.1299061925291558
0.20679373341295412,0.2209111401046406,0.9360946365810281
0.241129495432543,0.23195730053147792,1.0395426006426574
0.22286572561626705,0.21534408796727367,1.0349284613289986
0.23823824540036803,0.2197832016777832,1.0839693096729073
0.25610479434542166,0.23957284007292495,1.0690059618922765
0.29687450298340357,0.2660135916890106,1.1160125356694992
0.24934780002184448,0.24239933288816432,1.0286653723460781
0.2596902646847181,0.24718062469254162,1.0506093064848296
0.3252918183582334,0.26260622142329,1.2387056810581105
0.2011370973989537,0.2120660436826687,0.9484644213004282
0.38542055030779265,0.29172917242692187,1.3211587552298716
0.30603654700662036,0.2608615175033444,1.1731762888433583
0.2048023683599262,0.2053858659150122,0.9971590179660783
0.3567850148754612,0.2969822600993551,1.2013681044655637
0.24005518265922293,0.24276813692129875,0.9888249162493868
0.2418048509940858,0.22950526325243534,1.053591745859536
0.2156120240805384,0.2309580334116761,0.9335549878718274
0.30728752186017827,0.2609131515060847,1.177738722967409
0.21188480095949203,0.22349777672464616,0.9480398600140817
0.39264461992795874,0.3170288239482195,1.238513946580736
0.36270060560101375,0.3245482891346423,1.1175551304494586
0.22757938407772688,0.23198599786414092,0.9810048286233434
0.415655193831288,0.3421314533299273,1.2148990973667062
0.39944866905174947,0.33685804839873545,1.1858071105931427
0.33303171997207504,0.27544145056215413,1.2090835249828367
0.19495658870830196,0.21716031841252373,0.8977542035923757
0.38363239581508496,0.3160995800023405,1.2136441175032386
0.22169921299410117,0.22370323993395386,0.9910415828557317
0.22052875792515597,0.2132505077393648,1.0341300485656366
0.29217728798052756,0.27794486608355207,1.0512059175530772
0.30005332251286515,0.24753617466963965,1.2121594870459422
0.22943228921877637,0.24434516189953365,0.938968005075996
0.27249952267258426,0.23647292242807627,1.1523497907269513
0.19907717651715676,0.20165031761195315,0.9872395881877656
0.2969833856092169,0.2811036454000726,1.0564906946921442
0.32013313943229516,0.24883008488534797,1.2865531898194749
0.3259360668795931,0.28962726943789463,1.1253638772073022
0.39010924412964676,0.3162218378083211,1.2336568746593422
0.23894895344316158,0.2809607444513881,0.8504709578191789
0.21588135447912235,0.1861051926460513,1.1599964053109553
0.42877491900082176,0.3440249794550776,1.2463482148301697
0.36019514455946433,0.3108646815478588,1.158687898432138
0.2697742699815201,0.23203139929143543,1.1626627723891756
0.2807752062146087,0.24221433561300876,1.159201438279894
0.32190782959143716,0.2769981451864679,1.1621299102011575
0.23675328999770828,0.2258879708447774,1.0481004770298157
0.3524895184047032,0.2673894895031277,1.3182624308072517
0.3962290220050165,0.32566612260147765,1.2166725198183652
0.28682892900118245,0.24180395585743727,1.1862044522145494
0.3115818454183038,0.28063186081360203,1.1102867811052253
0.28793206759885137,0.26738479698471873,1.0768453212218605
0.23462247506724404,0.24058684026264537,0.975209096271059
0.3552222422858001,0.2762415208005504,1.285911839959333
0.30060183766558635,0.2500113726060252,1.2023526551301449
0.34822537174568263,0.26767703167172197,1.3009161434991734
0.2749730884842531,0.23243849597971203,1.1829928916260655
0.2499342865439868,0.24532468263992255,1.0187898088951368
0.3419861382705125,0.2569734808408629,1.3308226870394293
0.2597519513063896,0.2241450517281492,1.158856505212641
0.26905888269495487,0.23691539148687757,1.1356749808712099
0.21082403278920855,0.23166819046847958,0.9100258104614192
0.30887548472227,0.2809245202179615,1.0994963504169095
0.2205765288634461,0.21568979255533202,1.0226563169736484
0.2724037806717337,0.2353056936052933,1.1576591135472885
0.26407761266620583,0.22523453469316773,1.17245613789179
0.3341598350660789,0.2862544341271268,1.1673525200929362
0.2553779415773269,0.2510415416274983,1.0172736349598388
0.21466646764387406,0.2570947897311677,0.8349701208194106
0.23262696710668215,0.23889324717892454,0.973769538711368
0.2920400162200977,0.23452529442503817,1.245238885366555
0.1851528467673884,0.19147620251966668,0.9669757616399939
0.3116708544793986,0.2774757843620637,1.1232362319326414
0.2351723394348607,0.231526444324955,1.0157472081452112
0.2768239003350657,0.2564129799973991,1.0796017437879848
0.26193435097603335,0.20853261008733978,1.2560834052109513
0.3528925407914503,0.27359621777616244,1.2898297485974848
0.3263584561631583,0.2587978869935085,1.2610553353217464
0.2855561527587763,0.22911280860248395,1.24635612692533
0.19791327520483712,0.2082672336669488,0.9502852259579668
0.25296787771356655,0.23392124414243465,1.0814232740637033
0.3567102359926944,0.29565386248724107,1.2065130250347675
0.2612506920341955,0.26185809950858707,0.9976803945513564
0.22530625043304534,0.23480810006183836,0.9595335526061893
0.2857398328082737,0.2604979820919038,1.0968984500903527
0.39189472690544574,0.31472327220219026,1.2452041571735997
0.1980823966556116,0.20547938797645937,0.9640012976790878
0.3053898034744792,0.2432909986022495,1.255244975066889
0.30217941875801213,0.2589549650026551,1.1669188067311775
0.1731796688232145,0.18329650621827331,0.9448061635009481
0.20170274722828233,0.1946827253123474,1.0360587818188391
0.23720880414783108,0.2430284999708963,0.9760534430169213
0.30355752911652034,0.27990584219884135,1.0844987254709644
0.32771168375900167,0.2873907953008408,1.140299860390285
0.38372059936705527,0.30112877976600355,1.2742740818902494
0.3695109173269897,0.28821126346528914,1.282083541372393
0.37541242160609073,0.3216131647128336,1.1672793989676828
0.2275176487492961,0.21649359414718417,1.0509209274553277
0.31947782648276124,0.2633775523446941,1.213003248145636
0.31418616731832855,0.27746154183157373,1.1323593361599915
0.3102345698891903,0.2702636608016495,1.1478959804251154
0.18646774758004223,0.19846470170042604,0.9395511946578152
0.2897166217537131,0.23530800003206578,1.2312230001284825
0.2822732544009979,0.23983667701747025,1.1769394819476942
0.23766607076552473,0.20815477206787844,1.1417757489029499
0.2826774719174503,0.2533043761992221,1.1159596851778293
0.35094750973012223,0.3050362249825905,1.1505109262027882
0.24079943946358132,0.22239643514747842,1.0827486479443758
0.2341087511567667,0.24880947743718074,0.9409157302533796
0.26594552124782367,0.24003982919902989,1.1079224732630266
0.380976888636555,0.29142623410921,1.3072841221761335
0.28752542758223243,0.27478011656766554,1.0463836727845202
0.2420574075523985,0.2174865462189286,1.1129764657200272
0.2635941984642679,0.24029542254154107,1.0969588836786894
0.23599746203468663,0.2402546840661888,0.9822803786404875
0.3517197398185427,0.26955630046904533,1.3048099384304048
0.2928276457555707,0.2592130267941388,1.129679512550609
0.2526354131773583,0.20819601752718875,1.213449787262939
0.21343290391058742,0.23582989358598924,0.9050290472728584
0.19772563480686248,0.19956873783777748,0.9907645703887089
0.306277817219923,0.2295387120779317,1.3343187928837783
0.2247555016679532,0.22370633024927092,1.0046899496206174
0.332833461376828,0.26899196391543867,1.2373360770043629
0.2555500633859291,0.22169100471328165,1.1527308639177227
0.3425110686609908,0.2831954790112693,1.2094510472300342
0.2978653169468223,0.2789870712217693,1.0676670988457615
0.31571465548722455,0.26437809631681713,1.1941785642819982
0.34191271056043965,0.3090862140572498,1.1062049842737718
0.32373613576890853,0.2601750930274395,1.2443010282108962
0.4067166333447936,0.32897517757562716,1.236314047588878
0.21751812977050597,0.22860748346625354,0.9514917292837242
0.2939933050091258,0.2602724362066565,1.1295598922956824
0.36003996729168514,0.29554051163778267,1.2182423495732242
0.34086673995564887,0.30315028752679024,1.1244150310282173
0.28175295476289985,0.21506299890705408,1.3100949777263537
0.3348796514125994,0.28833025419548375,1.1614447202115523
0.2579561188397243,0.27700817155662005,0.9312220552562236
0.2346878010028361,0.2373920020705733,0.988608710301313
0.3096239867512778,0.27637805206704297,1.1202915153196396
0.3371250805099363,0.31173962372752023,1.081431601407861
0.2617411494280758,0.2387347194749682,1.0963681780501133
0.2920606026919054,0.22623496016881714,1.2909614078830656
0.32244516481041224,0.2942781707785107,1.0957155400191116
0.3003839564246961,0.2602582018204488,1.154176714983722
0.2603444858970398,0.24437905473159968,1.0653306036516708
0.21625993718830364,0.2328703832962611,0.9286708516865134
0.2078853508775527,0.2141835710451981,0.9705942891095212
0.2103619960892744,0.2312473498491746,0.9096839216816012
0.3120811549997771,0.2681685943284304,1.1637498260425168
0.3157094848630677,0.28574802646948244,1.1048527220424569
0.3565820983885047,0.2917064159992102,1.2224006015331186
0.26107598726261905,0.2733755091767226,0.9550086913376261
0.28192529494513036,0.26233753781878855,1.0746662383477585
0.2924615640968642,0.25752593786515543,1.1356586700404585
0.32787499857000707,0.2519807006691388,1.3011909154126873
0.25832275670723776,0.23905207818354046,1.0806128884974662
0.32440884460350994,0.28842184104124985,1.1247721165371567
0.25385031255299856,0.20942176191825138,1.2121486813394782
0.265798563792271,0.2385545313357648,1.1142046319722192
0.3347683791862877,0.25228266041170344,1.3269575429400289
0.29397455464827354,0.255721309424838,1.1495895876236275
0.3284997874576423,0.2851343623311702,1.1520876851598307
0.4278291094741221,0.33837705584051614,1.2643561438035755
0.2205502909960158,0.2098509343678209,1.0509855086441569
0.24330289380225967,0.19750909879385248,1.2318566348996602
0.27986791957219,0.25905686575237,1.0803339211233762
0.26988200225659326,0.2583705962714064,1.0445538546232043
0.25062663747599595,0.2253078790015605,1.112374048287322
0.22516886932618038,0.2330593904467211,0.966143732267486
0.20336498733946107,0.21620300309926976,0.9406205483930576
0.2512495132797938,0.23277343623042987,1.0793736491094879
0.328382748695686,0.2868898477324666,1.1446300776802418
0.34693249093741546,0.2793824541436771,1.241783389729262
0.3217839784965733,0.26433318303833536,1.2173423510354584
0.21433371261889242,0.22338861884508915,0.9594656779158658
0.2258030292797305,0.19449462384713193,1.1609731149031977
0.30926920456159185,0.2560836118917987,1.2076883884794054
0.2811723753498729,0.23356819852359428,1.2038127498828561
0.29861324828954816,0.24633912936102448,1.2122038795221723
0.18979135681137632,0.2203286454419042,0.8614011874430559
0.27996575365061394,0.25015402828054223,1.1191734771372082
0.23423354702899812,0.24339361217266162,0.9623652196050018
0.33054503416483755,0.24582615616519296,1.3446292262842618
0.3784958742441439,0.27564954889850063,1.373105364244631
0.22574390940401212,0.21678876495101987,1.041308157528438
0.2061180765630426,0.2167630905540383,0.9508910213275357
0.34163203978848455,0.2948428524730695,1.1586919503829203
0.4454196751410088,0.3344103229586501,1.331955518598285
0.23856201693575668,0.2557992281944802,0.9326142952799751
0.22087575810078774,0.21630461405823542,1.0211329012210606
0.35378644874225446,0.2921458333685084,1.2109926219484823
0.2855453512667169,0.25241656241180394,1.1312464940429112
0.3423852622075422,0.289914011733315,1.1809890117435726
0.2477338117897686,0.226871925367573,1.0919544645658366
0.3345096699069641,0.27732593064477695,1.206196871418537
0.3767341074896832,0.2828616945673192,1.331866826527913
0.34546582047867247,0.2699286626550841,1.2798411887073662
0.33329249178008624,0.3001303793803413,1.1104923549165948
0.33362539961236537,0.2783368272038639,1.198639084033268
0.24165513495326912,0.21669920097900516,1.1151639408983414
0.3252921974754551,0.26266279180446805,1.2384403410956273
0.35158707430534625,0.2887922398530146,1.2174394799676476
0.2925213344195937,0.2584547598286984,1.1318086562362957
0.2896326960336826,0.24734284915157273,1.1709766303217217
0.2550518888375479,0.22671179178103254,1.1250049537956428
0.30681709653513783,0.2369018855594432,1.2951230667100435
0.258020610310039,0.22932489243549023,1.1251312823906412
0.27405727890676274,0.24570355315113093,1.115398110413941
0.32854133358076265,0.24375252475143522,1.3478479204093996
0.3479527619935019,0.30366852503679825,1.1458308428617596
0.3302125961408774,0.30375063727779195,1.0871173772678704
0.24786286807040378,0.2744329282125076,0.9031819529997172
0.4461259353148386,0.35996493059518925,1.239359441424433
0.24872291430533988,0.2195537253180167,1.1328567253644752
0.34865784203378647,0.3153266449120179,1.1057037128310823
0.25627886761025176,0.28771995544594753,0.8907232979827066
0.3024922839305184,0.2536372808881314,1.192617594981768
0.3054412485154508,0.2569328847170438,1.188797801619783
0.26299304605642887,0.22006161683980235,1.1950882204409103
0.205838792210093,0.2220575776228082,0.9269613512569934
0.25786649006061274,0.2460136774796602,1.0481794862073575
0.2480582422099291,0.21086585540222913,1.1763793703667909
0.2942653238585552,0.2323309600185219,1.2665781772480764
0.33511128087059316,0.2776075226211658,1.207140489949544
0.2316979285475315,0.22031985431177398,1.051643435728023
0.2259789297823807,0.2140076497841361,1.0559385611230239
0.2716008111593695,0.24073303750591835,1.12822408578919
0.3224770039650678,0.2656096798743148,1.2141010979632307
0.30509202447612,0.2483028344785764,1.228709390759868
0.2977377453256499,0.24735894869169647,1.2036667640302134
0.18176761321790236,0.19271438185639894,0.9431969293985876
0.23081508084249858,0.2287654660774427,1.0089594587863278
0.2801295065476941,0.25382304298289415,1.1036409588965994
0.3511151461578113,0.30591826710855236,1.1477416810589518
0.197273324506076,0.24807259448303584,0.7952241758795581
0.31426430779380216,0.27093904631037047,1.1599077802680424
0.19114393236458557,0.20205587707665992,0.9459954104283026
0.2050017660864368,0.2349689540012837,0.8724632024591505
0.19004073679778732,0.1966214466732998,0.9665310677606457
0.43203367929231307,0.33388279741241556,1.2939680709535344
0.3780009493267408,0.2981282105097778,1.2679140584528594
0.3290983790537857,0.28112267407953395,1.1706575434775448
0.32146759342389153,0.2615720363512201,1.2289830285690324
0.2092134127559403,0.25494220414643015,0.8206307521989384
0.28472441577059127,0.24221544475133225,1.1755006624903725
0.3273192387830645,0.26276072979936227,1.24569314080151
0.2971249057948783,0.2482305656041047,1.1969714731615837
0.2628691593148711,0.26971067400657367,0.9746338749220737
0.3196625096630182,0.2883752513987709,1.108494949245775
0.21154878553251724,0.2358909963186785,0.8968073764321383
0.2706361715323741,0.2395021756325229,1.1299946266359653
0.2519483974177894,0.2607122546269326,0.9663849433480453
0.23996512230597405,0.2505106134438087,0.9579040145530597
0.3165248253958844,0.2852170867498,1.1097681033168547
0.27612424469234476,0.2416986439915925,1.1424319149343252
0.3003097934695119,0.27677166896315036,1.085045281529503
0.23077953404222978,0.24948007829506755,0.9250419336861035
0.3247161774369649,0.2507656621810472,1.294898889316541
0.33579558219107825,0.29368212757332607,1.143398084744661
0.21566517325156728,0.2241470819502294,0.9621591830468466
0.2816217980394085,0.2136684827865207,1.318031533554628
0.2994924265109805,0.27696748881102756,1.0813270098835372
0.3060467803656213,0.24609772269867727,1.2435985876242577
0.3099594059848101,0.2630534849881435,1.178313246824237
0.3474957496363708,0.2805855471285752,1.2384663187128977
0.2732543985869192,0.25755934961404675,1.0609376013582559
0.2383699473771116,0.2600625000023106,0.9165871564527516
0.2925897182523459,0.22918137910650335,1.2766731721095717
0.22951547324400923,0.27993336288369197,0.8198932448768866
0.39277901557527317,0.30644213031429396,1.281739606667106
0.23553864674431835,0.21509384252096014,1.0950506252700651
0.2832599574778874,0.2457342838771114,1.1527083360478187
0.2748041839454286,0.24662983193970925,1.114237405037874
0.2516483721182052,0.2319973809425179,1.084703504392389
0.3991303755729122,0.32676455759300915,1.2214616496751032
0.2998776680246574,0.2702462719840349,1.1096459012110738
0.21514730965449236,0.22402468372443746,0.9603732324386863
0.3075645556390592,0.2510037096005567,1.225338685744974
0.22001404885652684,0.21373453203695392,1.0293799825406182
0.35468312549720427,0.2884560957618359,1.2295913683517674
0.355314021598734,0.30722357915241705,1.1565323943526442
0.24270316124625718,0.2555245885940809,0.9498231171474795
0.32378672232822103,0.2759594166976365,1.1733128233235395
0.25252072238828605,0.21444815867020128,1.1775373775842783
0.20232427896623065,0.20435657633405832,0.9900551408509335
0.28960926362643336,0.2685912574795458,1.078252756043216
0.29021791463929314,0.2413725910608759,1.2023648309185946
0.20720419208315696,0.23433448142027755,0.8842240835719667
0.35534940089425676,0.2809432624316045,1.26484400379869
0.2631272892583554,0.22011816562967215,1.1953910687273397
0.2673024871986964,0.26595946306268237,1.0050497324688068
0.29748003316059374,0.25473912347827893,1.1677830601704149
0.2179890752508651,0.21458214990482843,1.0158770212133101
0.33945643567020145,0.25547017853138154,1.3287517064482075
0.31077777251407435,0.26516645837862496,1.1720101192825907
0.3344998242318263,0.2987407343075942,1.1196994109528207
0.28617414525853013,0.24199934258102238,1.1825410028240795
0.3143910390781368,0.30967772952964756,1.0152200468391706
0.18953635599459787,0.1956990287664986,0.9685094360930435
0.2522766004062779,0.24341281234848947,1.03641463229593
0.28581706882601815,0.2679633957001762,1.0666272834735175
0.19560067314490448,0.19639305290929973,0.9959653370999778
0.26518167406092596,0.28161915877705257,0.9416322213747554
0.22974446882651428,0.21132056540163835,1.087184621098563
0.2634455660640081,0.23871745174123404,1.1035873755454584
0.261786637650569,0.22803410328149867,1.148015291938172
0.4123699287177466,0.3294996166648217,1.2515035158211532
0.3738424251594132,0.3213737691767517,1.1632636543955284
0.35447302318274676,0.2993207972393314,1.1842579147593164
0.19845186240359058,0.20407809594823972,0.972430977864101
0.3261925739388734,0.2980597511811923,1.0943865203073964
0.21080333715591126,0.2433346523114947,0.8663103884031287
0.26661586616846866,0.23205489933507925,1.1489344415154303
0.32581509487738936,0.25707133352412986,1.2674112294469695
0.23262016871718363,0.23046239290870738,1.009362810917836
0.2621254436550173,0.2536331537769896,1.033482570206475
0.3215574907422739,0.25757075097535187,1.2484239360432863
0.2726916839665027,0.2533719705880733,1.0762503971279402
0.3168529177275101,0.23533989824016877,1.3463629418423382
0.2575520189511679,0.256496755359184,1.0041141401204323
0.28490344352008906,0.25033443439645087,1.1380913065634901
0.18124528965912445,0.20659945321942605,0.8772786512006238
0.295722555442532,0.2821206302838578,1.0482131531642636
0.3413696033339813,0.2973994350056933,1.1478488630196835
0.3250200106801622,0.24321308884171786,1.3363590431256926
0.20619703310459508,0.22393603795530242,0.9207853947373668
0.22768911424558075,0.23955490936123178,0.9504673264793824
0.2900380030658095,0.24095135386596986,1.2037201634780783
0.27456788118172826,0.24728770690172813,1.1103175512515113
0.2510618076047806,0.2106496725083775,1.1918452310662668
0.1977366819837156,0.21783673805595363,0.9077288052896059
0.28766439035306574,0.26036311989830446,1.104858439495674
0.23559918288676254,0.22450004920341246,1.049439337419893
0.3148536097908071,0.25048450906178876,1.2569783695212065
0.2597498355629655,0.2663374820998995,0.9752657925388697
0.2466915149444014,0.23654902316501056,1.0428769125472808
0.2707160776159591,0.25871770440503056,1.0463763128948638
0.29691231760351267,0.2520407885886462,1.1780328067775607
0.21601252602642534,0.21557076865812727,1.002049245224888
0.2612959167193481,0.2288431175324534,1.1418124326255623
0.22580132612577544,0.21719683841469706,1.03961608177118
0.20942642198929284,0.20846688537371705,1.004602825114673
0.2622594342201395,0.2314203570239927,1.1332600018111179
0.25455292349937203,0.2388383767135513,1.0657957360205468
0.33186459560370174,0.26855247271633553,1.2357532673111562
0.2885172676034985,0.24742714465279764,1.1660695838702766
0.20907514166148863,0.20688370700432315,1.0105925917941894
0.31266593322412056,0.2489068777097688,1.2561562625388611
0.32228869540783867,0.2701020490077469,1.1932108497207103
0.23255395321640954,0.2264180742756125,1.0270997753179723
0.3092388788436392,0.23279111357708743,1.3283964069411804
0.3135511970923865,0.2746774685105339,1.141524999457179
0.2858699882499074,0.23514529744720453,1.2157163734651837
0.30149501960449077,0.2369330717526468,1.272490232681596
0.29015445034343096,0.29453845584390675,0.9851156770415095
0.2705256567420917,0.22956080764238027,1.1784487932431753
0.275214334255628,0.2540148371313199,1.083457712012895
0.22490350129483289,0.21094152802523852,1.0661888315700636
0.208512302482378,0.25659061312295295,0.8126263854495067
0.2494461554428297,0.22692265919958218,1.0992562678522013
0.24967067732431492,0.23928293470112974,1.043411965989801
0.350662743509323,0.27871337184080924,1.2581482588844306
0.23859350899999945,0.23239099611789707,1.0266899879329048
0.3755865640306141,0.3053147487814871,1.230161875669558
0.25011417215369464,0.2344050927282084,1.0670168008836773
0.25467732173234897,0.20679636824238673,1.2315367232844283
0.2331381513594346,0.2561788715002441,0.9100600295181348
0.21858082998286177,0.25015644087435357,0.8737765424662748
0.19890337742398978,0.21082840429529726,0.9434372853545642
0.2977319499567208,0.2489717074688569,1.195846520006548
0.26992923328148105,0.21067536208370755,1.2812567668649844
0.3010486989015685,0.26097360564901095,1.15355994776903
0.2544250913612451,0.23922603419525992,1.0635342939037289
0.2742799833742187,0.2727992280743351,1.0054280039952317
0.3169800268093324,0.28771246409763446,1.1017250427557634
0.25005538079597744,0.23254009845591114,1.075321557255585
0.3515056712720967,0.29136769408263996,1.206398919340728
0.24017235565140152,0.24350667027437303,0.9863070912217126
0.2620234797026056,0.22671151261008396,1.1557572735763706
0.3411957328117854,0.29442515806965147,1.1588538664588897
0.34077504729624253,0.31771038784063843,1.0725964914536354
0.24420809882556743,0.22845776499376136,1.0689419938614744
0.2964807043149455,0.24331491952096967,1.218506061603813
0.28195798722593973,0.28345351455692896,0.9947239061991279
0.32676881953071174,0.24942051827926903,1.3101120219982785
0.2554389852261286,0.2576755887305294,0.9913200799679174
0.2752615967824257,0.20924053920645908,1.3155270858426873
0.19205545133554705,0.20023015431232316,0.9591734671291067
0.34446850993199096,0.2629056571484005,1.3102362028579373
0.3841945724334811,0.3039466517864402,1.2640197553596508
0.25347366444940145,0.23690999460494835,1.0699154540612494
0.3039328561678301,0.24230945072398327,1.254316970550367
0.20086095825952066,0.20068802886603218,1.0008616826547432
0.24517834230985136,0.23149041564513384,1.059129561051463
0.25909882161230335,0.2644605983279129,0.9797256122480623
0.24864326699451397,0.24800242567126804,1.0025840123196834
0.24514050422194106,0.21549603219641683,1.13756388794437
0.3700072355462526,0.2941655991856074,1.2578195294439984
0.2578433055432698,0.2393102619485252,1.0774435807467837
0.3239563634273165,0.2441482895878387,1.3268836082128879
0.3215209078497836,0.24643036359326811,1.304713036013906
0.2887246751916605,0.24633473974519007,1.1720826526145633
0.23848826796919353,0.20388169776188247,1.1697384835775144
0.2724229858186091,0.22691398494120466,1.2005561750158158
0.2287232930358213,0.21541445336927176,1.0617824823654476
0.225856086789012,0.2025490085621861,1.1150688339196202
0.27830342806268055,0.22738208920791078,1.2239461297596266
0.3050689551712528,0.2741708367684326,1.112696590078678
0.31970932388444473,0.2715407038835022,1.1773900535427944
0.31978331267933563,0.280760486945641,1.1389897351946465
0.25069530751486696,0.25805187650859107,0.9714918988644549
0.29931250676259835,0.24810938043726924,1.2063731981237005
0.3267971141612144,0.2659880522613633,1.2286157644408002
0.3379674905247114,0.29941152439624075,1.1287724853150467
0.28999643370120204,0.241785984641691,1.1993930671000446
0.2989210031552904,0.2523736763396646,1.184438121640621
0.1974133947043835,0.20723471536381793,0.9526077441118285
0.23164567098994088,0.26924078230767323,0.8603662082857464
0.303955268884256,0.24872957156683975,1.2220310876970886
0.2898405643431724,0.25601817764677826,1.1321093174214294
0.30828839612165676,0.26120259724469524,1.1802654314070675
0.2523755432464865,0.23957621882654986,1.0534248536128836
0.2934346836641453,0.2753135417781538,1.0658200165852845
0.334225344143842,0.29251490629057486,1.142592520778525
0.2784262153239931,0.23039293611819742,1.2084841662903822
0.25993952363911843,0.24460241432361116,1.0627021992318364
0.37522209551620106,0.286881574314456,1.3079337577285932
0.3510392863396982,0.3100678547244652,1.1321369854725554
0.3142479560405635,0.26801961007292996,1.172481207457374
0.32730844710907814,0.3006815035276826,1.088555309418772
0.27405069316115904,0.2348917023480491,1.1667108306579788
0.3841706130771016,0.3016529960607254,1.273551458443876
0.18333486360323187,0.20091236115026948,0.9125116172723152
0.28658405794181063,0.2497212358405566,1.147615888481308
0.2518538773346467,0.22445610075387265,1.1220629623732843
0.3327667693457022,0.2764428766150528,1.203745140480073
0.23104295953466691,0.21499707843458232,1.0746330192806175
0.2537155934549225,0.2590264463417924,0.9794968700614374
0.329038102012011,0.2925336443231121,1.1247872113081758
0.2541183187697159,0.2248855540206093,1.129989517896857
0.2696484536182535,0.236842051768542,1.1385159502070694
0.24029990567747733,0.2565322771774043,0.9367238630610935
0.34978232124892794,0.2901358610678579,1.2055811369250895
0.303513848181032,0.25207267736151573,1.2040727751930875
0.3907548781483493,0.2871502167184639,1.3608030062239669
0.29871619104930147,0.2306952947587873,1.2948516846069016
0.26811094033524907,0.23945859224326493,1.119654708664103
0.3232188915072525,0.28319771566396035,1.141318851211289
0.282741859689168,0.24531629753054524,1.1525604394627011
0.3068887927883984,0.27990805106903865,1.096391445749108
0.3016986199313086,0.25089945001840025,1.2024682394050001
0.30112331255042224,0.2883196932648116,1.044407716797378
0.2950009539426127,0.24073610196198292,1.2254121901051604
0.2980126348886119,0.24715712576235147,1.2057618568325619
0.20530211583382452,0.22833476600188118,0.8991277124751694
0.32081837341029423,0.2715062896620314,1.1816240935325886
0.33657406368924503,0.279526218119542,1.2040876378376286
0.25374643515032835,0.21486797771615673,1.1809411427771268
0.2853687296543242,0.22825318832681454,1.250228887255372
0.20805760499825693,0.24870386670012232,0.8365676326581801
0.249786426629049,0.22286370325909288,1.1208035358662993
0.32672822033420235,0.28121633242839417,1.161839419185928
0.25686000836992506,0.247268189865291,1.038791154292267
0.30049229905578667,0.25586932349488334,1.174397520388159
0.20903359953802556,0.2084042659103989,1.0030197732511734
0.18843250531821576,0.2130161254260269,0.8845926802083902
0.291407343703239,0.282850091459187,1.030253666173153
0.28668611408624745,0.26877685124828476,1.0666324601794626
0.27228126351432796,0.23240607717729253,1.1715754889947063
0.27713553495931,0.24223879126610615,1.1440592710639346
0.3308073392883968,0.27777566227110234,1.1909154912410462
0.27445162029644743,0.2558671283326394,1.0726333706283961
0.21916334751056957,0.20421492705412764,1.0731994505596538
0.3596594007663855,0.2829490874832315,1.2711099511416522
0.2571050119377939,0.2263366376513547,1.1359407588878045
0.21780458824588075,0.2325715495516994,0.9365057276597969
0.2619344171634965,0.23885821477341776,1.0966104616161894
0.23125119218967052,0.21628479293481925,1.069197649320457
0.2179733423275788,0.2453277001899203,0.8884986985115617
0.3218849008840987,0.26364356170583164,1.220909392975246
0.21443468961464177,0.2184238909106871,0.9817364241639827
0.23628044741744725,0.22103876665239633,1.0689547856056394
0.26600301655924424,0.2513975318147849,1.058097168413013
0.26099740708354013,0.22848440590643915,1.1422985566481705
0.38104034121089064,0.2667415509336234,1.4285001338457002
0.3387278668034766,0.26850268314360765,1.2615436942293397
0.35274848527022057,0.286242599286391,1.2323409798179243
0.36164128701062637,0.3009703190932032,1.2015845552485687
0.17279221657272653,0.1979117609169709,0.8730770509652397
0.3239011727714703,0.284639950265657,1.137932930599413
0.34555445030703325,0.26790975686031543,1.2898165947991238
0.1820129522360875,0.17967071762973832,1.0130362623205857
0.24487014353731187,0.20966688867837122,1.1679008787741512
0.25144262097767595,0.21476447489026024,1.1707831153460433
0.3388632441541104,0.2629553584492025,1.2886721386952522
0.35077043121804713,0.28256733909441356,1.2413693399322596
0.250397071689758,0.2415526628692139,1.0366148264129582
0.1932720326893352,0.24189438697797414,0.7989934578636326
0.45974743095348725,0.3596118507732688,1.2784546170124766
0.25552616762942637,0.23039384593279488,1.1090841710414543
0.20935842572387167,0.22303882140421802,0.9386636120375068
0.283137199431324,0.23968124643916536,1.1813072722115887
0.309505922769209,0.25119377315760194,1.23214010792784
0.3375783461280686,0.2912260005709444,1.1591627995654614
0.3239785477266931,0.2957650787387583,1.0953914813346002
0.29216434601266844,0.24201904716333109,1.20719567090724
0.3685861093533314,0.3053911591822175,1.2069311709623114
0.3355737756500572,0.27032762260972004,1.2413595488705753
0.2071899202536305,0.2341298549508427,0.8849359271039209
0.1996954750139353,0.19513680262336255,1.0233614178836963
0.20052642119692132,0.2106472423254102,0.9519536974860837
0.2435357519417673,0.22005973134756293,1.1066802201858834
0.2712501782435549,0.2209629691650528,1.2275820662101034
0.24965860306848325,0.22123795903149626,1.1284618795138177
0.20272256529037896,0.2570724059334948,0.788581584842769
0.1808648405702964,0.20672582574177856,0.8749020105316442
0.3304714542377555,0.28087444061775413,1.1765807294922168
0.2739381856226379,0.2531205347279776,1.0822440222680176
0.3506501165039819,0.2937759927076662,1.193596907875691
0.2672492206666167,0.2902409538784161,0.9207839799843314
0.29162975333511676,0.25089188312870736,1.162372212677406
0.29775304686104576,0.24632806120781572,1.208766250183105
0.20069181827577712,0.21323636591793668,0.941170692962441
0.24704447900161045,0.25189997711295814,0.9807244995930652
0.292134193421985,0.270363766381288,1.0805227243727424
0.21260752290288404,0.20359744313587694,1.0442543856554916
0.2906512042153896,0.2585679352389226,1.1240806171377025
0.25393550926390024,0.2585546511013511,0.9821347563550878
0.30616846639788825,0.2316662141547406,1.321593083890015
0.19490480941955907,0.23301016845706507,0.8364648234459889
0.28187178727527995,0.23467029074645676,1.2011396345855334
0.3310357551858848,0.25790295848468464,1.2835671104003372
0.2759803752761592,0.2519662740980866,1.0953068074845775
0.24807017410567986,0.2422199602206279,1.0241524847073844
0.3803092917253836,0.3145389215768816,1.2091008954274232
0.31224670844222985,0.2773350310245845,1.1258826816384064
0.31454029677159195,0.2596481353057757,1.2114098042767467
0.32771882041543293,0.29086467213153294,1.126705481328561
0.27764830655246076,0.29041871418234533,0.9560276008182227
0.23834611415910764,0.26507502787144566,0.8991647235615842
0.3122419885509956,0.2510003476262653,1.2439902633757223
0.21155698214410237,0.20239816757092396,1.0452514698284954
0.31456660128803554,0.2665791373249926,1.1800120761308501
0.3524423254563629,0.2982760434390854,1.1815978292884237
0.30585762374305137,0.2474533410760133,1.236021394631715
0.31180203933820594,0.2908251188712981,1.0721289844162016
0.3411016245636296,0.3032850797498697,1.1246897633241588
0.31726608775042053,0.25527789345572166,1.2428263311623213
0.24029266687879597,0.2503724498053184,0.9597408463496676
0.2541455301103337,0.25347943778159837,1.0026277963000267
0.32534911596070276,0.2879293839446508,1.129961490916277
0.3324868607551723,0.2626959272695112,1.265671928038913
0.2004406054852629,0.2344286506683205,0.8550175284199997
0.20273996384420162,0.2257464821743113,0.898086924285513
0.2015592457058643,0.25022361989526526,0.805516464793491
0.3085595676739225,0.27182531018413386,1.135139209313897
0.2483412331150806,0.21743131291166815,1.1421594699930349
0.24420425437865445,0.2748350161686292,0.8885485473540213
0.4270054471233716,0.3233684031491073,1.3204921784719843
0.18801004630306836,0.19613639484665227,0.9585678703336143
0.24895940811041045,0.22266682162405807,1.1180803960580339
0.2330712367049737,0.21486096656704295,1.0847537383308226
0.1857252467665395,0.20487210686140342,0.90654237715329
0.22117632287533034,0.21284779191203226,1.0391290456362365
0.32090139050109273,0.28181048190557584,1.1387134656283466
0.2994994727753238,0.23642947012594892,1.2667603265184189
0.2685360260087254,0.2431662489828788,1.1043309963120451
0.2988335599117302,0.2593363488910645,1.1523010992849936
0.3565093581364467,0.2644866471939975,1.3479295152278585
0.17538183931305468,0.2134706931017798,0.8215733821102792
0.31305447914341467,0.24466718071856422,1.2795115316406698
0.3507787902273599,0.2794199975927684,1.2553818382698259
0.20109993569059045,0.19246902144148076,1.044843134674189
0.27886940828202855,0.2622875432437962,1.0632201774935972
0.40573039956064255,0.33218009967755185,1.221416936037066
0.21206877248833655,0.20970852238070953,1.0112549079113826
0.222358606059454,0.24633958680222323,0.9026507227113982
0.34749054150047615,0.3125466254509299,1.1118038500627883
0.2627562378790978,0.2382770635661376,1.1027340774919598
0.24888314005164955,0.2442399195042759,1.01901089943363
0.2622290372154653,0.2639378466453041,0.9935257127707978
0.3189361027622851,0.30277408139186046,1.053379804823872
0.28913000583223997,0.275461577588737,1.049620089898381
0.37868275495954973,0.2916401748043699,1.2984588121769143
0.1891978467931785,0.21378909520849246,0.884974262174916
0.2558115410186226,0.2178380128961526,1.1743200262323943
0.19640543490292084,0.20696215212850405,0.9489920397666309
0.1960931369877975,0.21446596248421365,0.9143322078543418
0.27788217274352567,0.24678492015855916,1.1260095331796875
0.23979338777759532,0.22406157768322882,1.0702119937609635
0.32402224100750565,0.2654129572960197,1.2208229933782697
0.28455240290284056,0.23716367754623577,1.1998144313113301
0.4030034188280239,0.3179428219825208,1.2675342576225213
0.29437675419833176,0.2485760666100031,1.1842522018026236
0.22220235143392267,0.252046824477604,0.8815915530555187
0.24723681931100902,0.23594768295108015,1.0478459301601597
0.30629525604523417,0.2461592705319972,1.2442970576865604
0.31579572171207304,0.25604612381580744,1.2333548229741913
0.3104973916061571,0.2656942404136525,1.1686267309473917
0.2989803937623319,0.24621102520218469,1.2143257740664286
0.28905617653065435,0.25117478037647956,1.1508168777828542
0.22093828876817345,0.2051418747869694,1.077002386751159
0.32743921078654264,0.28744621915184915,1.1391320844389552
0.2823868094050454,0.2604593202990526,1.084187769056666
0.2872758903108531,0.24414127736454722,1.1766789025269908
0.38665758377451415,0.32912864936971986,1.1747916339551783
0.2252241611583123,0.22165148590923103,1.0161184358156947
0.22419427566035696,0.23875780491438944,0.9390029186302224
0.2838920139282141,0.22703774452221848,1.25041769828026
0.2662891973539202,0.27368280425834746,0.9729847590371519
0.37834007674859066,0.31278435454102127,1.209587600069593
0.2976803976836305,0.2937150599936129,1.013500627751617
0.27771973860814436,0.2393814907259908,1.1601554396118188
0.3133325608801466,0.276675931040654,1.132489406294277
0.3086527002331835,0.2554235483972164,1.2083956321567848
0.231980398514891,0.23037288927704186,1.0069778576936455
0.20353148915057304,0.2311908881948968,0.8803612060134197
0.29447864987193956,0.24764719327277185,1.189105541558006
0.2439769874307289,0.2685031539121965,0.9086559464046821
0.23031325009583814,0.2150193191563371,1.0711281711778702
0.290251178546635,0.24583525831428285,1.1806735150072314
0.2784626734192006,0.23517545744471702,1.1840634921892697
0.18377586896970477,0.22416067559897382,0.8198399138414538
0.37369787222003203,0.29755782757770305,1.2558831850002201
0.2299199707876877,0.22379062023621338,1.0273887732426172
0.33858483500016173,0.28203056273253013,1.2005253321473037
0.36578732496915234,0.27934329830944576,1.3094544497142266
0.276681159673828,0.23834831001630621,1.160827025183855
0.26459582622356725,0.26856249280557215,0.9852300053497173
0.2634249564165575,0.231010884822385,1.1403140445918571
0.23825463001689975,0.21717669094806988,1.0970543338551462
0.30564210302341116,0.28199578164284034,1.083853457817039
0.31914184037967797,0.25529541144366213,1.2500884311824196
0.24701772757340199,0.2423116321716814,1.0194216652314332
0.3280205841598995,0.2765538462326927,1.1861002427856404
0.3320604899308154,0.2923521957891906,1.1358234852125335
0.24969967183432729,0.21835296604740212,1.1435597892456388
0.18943677570354164,0.18183026716857018,1.0418330163257126
0.21497878264187212,0.22954938069968925,0.9365252129480616
0.2262483813384538,0.19419201100417927,1.1650756391496695
0.31893975667515284,0.26934757173157114,1.1841196659942594
0.28992866339268764,0.24356104187700517,1.1903737196981505
0.34636347589240124,0.2921569874078555,1.185538908261238
0.18361210393569116,0.20069030145987782,0.9149027262406054
0.2398750246106372,0.2561255186043114,0.9365526165365053
0.20118924086131368,0.21666421426833388,0.9285762373852159
0.26925993514086305,0.2537639099788534,1.061064732031048
0.25283866653352605,0.23287022637963214,1.0857492194873413
0.3119769846822832,0.2826274576889717,1.1038452782801107
0.21328402210229275,0.21435219483044002,0.995016739954577
0.36504143502183245,0.28455239461119514,1.2828619331094204
0.1638838764978797,0.17622363130795077,0.9299767305980243
0.31314106534010583,0.2733241245856026,1.145676642392512
0.263839353488158,0.22934899649285384,1.150383727518855
0.30801316178622423,0.259982230055764,1.1847469795153232
0.20024358006517695,0.21130305330173899,0.9476606084779609
0.319922594689865,0.2762716462424015,1.1580001025844107
0.20329239264322135,0.23502392657101628,0.8649859425346349
0.2869235311004378,0.24002197687493637,1.1954052492865663
0.3070165597970865,0.24806925001103755,1.2376244124712197
0.25044729692732615,0.21409279449034027,1.169807220852667
0.2853311838987426,0.24437277674545246,1.167606259988419
0.2497444646660508,0.24945649801906247,1.001154376210983
0.17829916884152439,0.22245730067835684,0.8014983922659425
0.28174035334541836,0.249744250667276,1.1281154724989824
0.32923292690907396,0.2959639479568208,1.1124088902784433
0.22138952514866939,0.2244363909575556,0.9864243681878558
0.27685634013077437,0.24468362418543144,1.1314870010302
0.2508855399850095,0.20551576414886633,1.2207605631813205
0.2939207346666588,0.24323148864647073,1.2083991933045448
0.44170363473205776,0.33110019897782,1.3340482310058863
0.24382080002129672,0.22453427701304898,1.0858956737688958
0.26688214684635325,0.22088313851217414,1.2082504289101443
0.27068485285863075,0.23702201215815016,1.142024111575002
0.18347326237349126,0.19222877581875342,0.9544526390080252
0.305200659643325,0.25605217823818566,1.1919471325856883
0.3872090109791769,0.3106572114660406,1.2464188716298465
0.3489132880181504,0.29789097296122996,1.171278486721922
0.28827527811263176,0.2276656263392905,1.266222234545915
0.3107081415187279,0.24092040439155463,1.2896713431285427
0.19911083673614574,0.25370541529100127,0.7848111421183687
0.23162941718828797,0.24648843723705113,0.9397171720697266
0.31355349508805874,0.283743951777937,1.1050578985854516
0.33684478636631005,0.2539307666139982,1.32652214955248
0.27010087673288563,0.22307167730451724,1.210825506835493
0.29035985064279496,0.2530182365654652,1.147584674465424
0.26504032687828905,0.2256548894795933,1.174538373573587
0.3860543604884968,0.3481673527850918,1.1088183811616332
0.223756875874619,0.22000740320674184,1.017042484085655
0.31704203002353276,0.2846677425215406,1.1137265754638233
0.2729049405755557,0.23724520039344188,1.1503075304494108
0.19031805799567078,0.2187712597223181,0.8699408607750287
0.3608928065075036,0.3207084794005335,1.1252986113185484
0.18314361297381243,0.21166970710212185,0.8652329871909977
0.2522535994524379,0.23834838398706248,1.0583398772535004
0.24330395901027113,0.25631205376015154,0.9492489933303997
0.25451561355371255,0.2176228393492691,1.1695262055892635
0.24514931205130264,0.2242361738651132,1.0932638914842059
0.3556533835272737,0.3004437836910747,1.183760166903527
0.3035413814373383,0.2639197673996001,1.1501274968075703
0.3480991841413183,0.29152946227685084,1.1940446136135154
0.2859593776284548,0.2904592736956702,0.9845076522778536
0.28407692124277983,0.22275221882132287,1.2753045637253453
0.2970526821061444,0.2773520998260092,1.0710309469172719
0.2938210340028466,0.2792748743854185,1.0520854575601863
0.321926071115609,0.2509886779375396,1.282631845232966
0.2962231421451785,0.23750066043697868,1.2472518670059949
0.30831640177031505,0.2769114744620041,1.1134114336335317
0.3018231604754,0.2501782610439991,1.206432402303404
0.3322150603268857,0.2717985771610743,1.2222840303170797
0.43283233105941354,0.34820447511313063,1.2430406901542193
0.35457765033740263,0.2991945381765849,1.1851073635847273
0.23633378076992104,0.23680596157798606,0.998006043408204
0.28079760983455687,0.2735233348126201,1.0265947145859424
0.19115741558091148,0.2105112990602825,0.9080624956201102
0.31253296838755973,0.26757629356359997,1.168014416468752
0.40719609405148605,0.29599135091187934,1.3757026777877501
0.3706295212036456,0.3002348559055042,1.2344653324339443
0.2511808355241029,0.23092034921919236,1.0877379857315177
0.3309927085065345,0.2619414600145905,1.2636132840066545
0.27728186879124606,0.23919925697755676,1.1592087379153626
0.22644825513236647,0.25033748243400417,0.9045719120070821
0.31396313613740606,0.24491919414266644,1.2819049859951819
0.28633353328505917,0.2468006297118007,1.1601815344613289
0.24278008798879175,0.27132074556380276,0.89480842124437
0.2972529788921522,0.28119697827788764,1.057098766539367
0.2432018001552158,0.26646608579645853,0.91269325861223
0.26172639616138954,0.23899680384615307,1.0951041685472411
0.2450061403048864,0.2796952219931698,0.8759754226722882
0.2868201631755219,0.2560374302822145,1.1202274716605984
0.2556175031056729,0.24189326850657472,1.0567367363458695
0.3257425359875595,0.26178153599166337,1.2443296841146696
0.37032273738122934,0.31119612326700563,1.1899979135135086
0.2786055014803962,0.24760156510044848,1.1252170452451296
0.27979211470687654,0.22590789977936857,1.2385229333729968
0.23392834720835404,0.21798155311116899,1.0731566220608233
0.2217316401986653,0.1983749163043429,1.1177403087519844
0.21929225979884504,0.25859387029011627,0.8480180120001345
0.3223724339380127,0.26615823093631835,1.2112059537063284
0.2447403120284976,0.24596134101489273,0.9950356873915353
0.21512710457336037,0.2223739248148674,0.9674115557948613
0.19803898652421303,0.21968713131728587,0.901459203990391
0.3334115416041965,0.2841498393858942,1.173365229854667
0.2290383499377597,0.20987832797533587,1.0912910930216455
0.20020583560542238,0.2025355899049975,0.9884970621673557
0.3221600499274767,0.286780065877294,1.1233697465754853
0.17834975206564924,0.1975983073644875,0.9025874484677007
0.22912975729832089,0.21672468737855838,1.0572388409913553
0.26982453933430023,0.23623194636976552,1.1422017363898505
0.21794815262106065,0.23072398272894887,0.9446272123219325
0.24335760893492947,0.2135467013062676,1.1395990078343903
0.3303654365936251,0.2881631570388768,1.1464527248674428
0.26205149791558796,0.23399718197524547,1.1198916828977468
0.33521608025291005,0.2823902947549079,1.1870665758674557
0.38454296322969,0.3033267126992594,1.2677517248899683
0.3603014558772353,0.3110872723024827,1.1582005692823707
0.32173952119807037,0.2721278307429324,1.1823102411822186
0.268254093686709,0.2384654695804749,1.1249179772595181
0.29971621807086724,0.2635744800164276,1.1371215379128778
0.31038753644667977,0.2610484254628339,1.1890036720059451
0.39984718073560643,0.33151420517013336,1.2061238236545686
0.2926090540816781,0.23434863679598533,1.24860574433984
0.32282368736776396,0.2817782548939498,1.1456657203348144
0.22219983945108665,0.24112886513094967,0.9214983006303155
0.25745230438874167,0.2326983970319682,1.1063776445068196
0.19762783946885462,0.2047091529539735,0.965407929333228
0.19944319194941726,0.25086521696828235,0.7950213041078288
0.2848817228999111,0.24541787324258618,1.160802671524728
0.20739935883351562,0.25376779987637704,0.8172800447280948
0.3058372454284548,0.2571348215105832,1.1894042340580742
0.3686931962377016,0.3120709986048895,1.1814401142238178
0.4220472744705585,0.3399196492100513,1.241608937439674
0.30163748044723465,0.2456868469198939,1.2277314973462272
0.23364378596122853,0.2762121196007972,0.8458853518046504
0.22729486664962,0.25147663911440465,0.9038408794155087
0.25710021906798913,0.2557498041518528,1.005280218769335
0.2281542379768146,0.23408064690657465,0.974682191765621
0.34724736965907677,0.2769659968206599,1.2537545173241076
0.28418861316701316,0.2469938731188867,1.1505897275039827
0.2997050484955818,0.280024499589652,1.0702815251335855
0.33073354760858126,0.2839209301990986,1.1648790646630225
0.3089682463359086,0.25821907118578147,1.1965353485204604
0.37447404991542244,0.3115521215024724,1.2019627666456147
0.3542301840956604,0.31802976879337524,1.113827128320823
0.3238408946667097,0.26943543090293776,1.2019239399267097
0.2499205767719021,0.24580802992879203,1.0167307261862089
0.25649055449471697,0.23254685295121497,1.10296291366508
0.23583997839381796,0.22433692134922234,1.0512758086159566
0.18160963999436117,0.19721996671742134,0.9208481423920591
0.17490048246540296,0.2140094602660083,0.8172558458303951
0.3214465482689762,0.28260660956612993,1.1374346437348901
0.33103395121743634,0.28544528909682965,1.1597106831394999
0.24244470247522001,0.2357769755541778,1.02827980512249
0.405119726265789,0.3393953820729025,1.1936512624051228
0.3872726120339212,0.2926463145380002,1.3233469645613245
0.18582763768743904,0.216152368673264,0.859706691293937
0.29785728885711815,0.23696321524784905,1.2569769048144355
0.3347534700606705,0.27447143846488414,1.2196295247802218
0.30869808395360476,0.26695153943354366,1.1563824827856208
0.35181543557112877,0.30602424945540696,1.149632541202897
0.23072851994012974,0.21999215247253484,1.0488034111532014
0.2305666071486389,0.22013216297553853,1.0474008160918307
0.1938043468296828,0.22682449383605552,0.8544242447191834
0.20801033471954297,0.22624793387888045,0.9193910907973162
0.3261823494204046,0.28491071402204954,1.1448581375397522
0.31349159939314625,0.28720244154572994,1.0915352867682024
0.2714377409691692,0.23495059713498892,1.1552970891715455
0.2729056368827564,0.27647798982199234,0.9870790693265096
0.4025704785333199,0.30767397117727285,1.308432029504928
0.2142061489040178,0.21336121551450712,1.0039601076862688
0.2399169031307053,0.24307718248596627,0.9869988646283432
0.2727696014418196,0.22977420339129445,1.1871202137400345
0.41461780969016454,0.3337153664974955,1.242429481272557
0.23716193307386593,0.22301678600645725,1.0634263784386129
0.28013029681974666,0.2680112601821334,1.0452183860833961
0.21805835237756868,0.21317874092588363,1.0228897657922726
0.29445198232891295,0.263171076567767,1.1188614880066088
0.2175318516351472,0.2330660933748321,0.9333483411733267
0.24085150498939412,0.24704744715289653,0.9749200316177816
0.35160168373979656,0.2937596290969212,1.1969026677378847
0.270989859479963,0.22224521949785864,1.2193281821415018
0.28933049791796905,0.2252508033033165,1.2844815364692157
0.3694756268316801,0.28799055446726646,1.28294355873979
0.29683092424930285,0.2486132859793031,1.1939463455465282
0.22648330995447208,0.2482942920413744,0.912156731805708
0.2579614573538731,0.21701207541775414,1.1886963287977883
0.27868591136388454,0.22460896408009942,1.2407604144619107
0.3337712948057575,0.2843264131862355,1.1739018231385183
0.3013244384839145,0.2444236520178621,1.2327957462230135
0.25805300761437444,0.21912161711207553,1.1776702409164241
0.43509422835255906,0.3457376522504148,1.258451966456416
0.27549017649124347,0.23758740902797662,1.1595318860470576
0.2614214936760918,0.23140463988415794,1.1297158683030748
0.31195342955542715,0.26795997163776375,1.1641792154581023
0.30192540419883723,0.2548610100325349,1.1846669059354908
0.24737662611818567,0.226049395328733,1.0943476568846269
0.19554130703644795,0.23258992584241145,0.8407127106998377
0.20449977558934226,0.19996664767921937,1.022669419939443
0.19133269046035353,0.24239495932535368,0.7893426950497678
0.2881869056129057,0.2516615058637175,1.1451370149909532
0.18546941210275708,0.22362868405503664,0.8293632495602027
0.2640443477574474,0.2578404439532951,1.024061018934935
0.2113622502019996,0.21890408652244608,0.9655473022899774
0.31656060795262964,0.30666019184335574,1.0322846472173706
0.24872335582012534,0.22250386915336984,1.1178383403691854
0.2305382527182607,0.21521987039020268,1.0711755020588254
0.2580845229820017,0.2273853439558163,1.135009488703681
0.2960063180280832,0.23788447338570387,1.244328029547944
0.30581657376649785,0.2894644713664174,1.056490878907834
0.3567004841576198,0.315664102613229,1.1300001527087515
0.2828911380793625,0.271677024508249,1.0412773718771828
0.31709672380269305,0.2641757803380496,1.200324736040994
0.19559499135057767,0.198388553377776,0.9859187338198956
0.39188644616239265,0.29974502193592834,1.307399347723479
0.2954850788557417,0.2509238315063301,1.1775887411008528
0.30420162261765626,0.2680479761150687,1.1348775209071804
0.1749221789586003,0.1889804173337048,0.9256100786872524
0.3108881207608856,0.2697584484056335,1.1524685235933956
0.23885501266112272,0.22125005108363052,1.079570429436139
0.1793329762920769,0.19908619463059496,0.9007805720774852
0.2095266529175671,0.25131329913794814,0.8337268804965074
0.3320516652038433,0.2789472974966521,1.1903741967882968
0.32625757676289724,0.30066889022795923,1.085105866840887
0.3227454963459268,0.248603249491714,1.2982352282434022
0.25226488204176706,0.22109180998030137,1.1409960507548567
0.27874186147582825,0.2509315586011195,1.110828239499823
0.36589105824296236,0.2954052049191765,1.2386073506831776
0.31760513403704294,0.26525559656359937,1.1973550724344166
0.2960872515560651,0.2457672261197675,1.2047466874683102
0.3317399642253792,0.2635047997028442,1.2589522642452213
0.32286956296150193,0.2672549505766325,1.2080957238205492
0.2378701469391087,0.2644501226436852,0.8994896450080689
0.31135018376354906,0.26992981770362556,1.1534486497723706
0.2992036423916652,0.2799044139173571,1.0689493538319346
0.2136103083743952,0.23437616141525877,0.9113994660742335
0.27463391175051266,0.25227509970669015,1.0886286917330255
0.30410827448846883,0.25958768928764026,1.1715049944124925
0.43018661879390263,0.3398618736053572,1.2657689850007396
0.23910832886765213,0.2209513041077759,1.0821765901459426
0.2340795771692738,0.2109403639185545,1.1096955216198143
0.343209342689155,0.2920922677864479,1.1750031772154932
0.21329258486165403,0.19872509158690677,1.0733047505899707
0.22288283610828896,0.2208422399212849,1.0092400628961715
0.33385994079114567,0.2836643606174316,1.1769541301010003
0.23952305567627244,0.2367161314817015,1.0118577647285856
0.27892049674932506,0.2346582843936532,1.188624119834693
0.2968424851238955,0.2805311356762161,1.0581445243443695
0.2953019858097683,0.2715949004289476,1.0872884039552235
0.29789880030425925,0.23863290124485642,1.2483559423291395
0.29301500212355247,0.2439396403696161,1.2011782983674881
0.19498751626857913,0.22158094168858405,0.8799832457730952
0.18782370985089136,0.19207453522693918,0.9778688758974458
0.2992411173977737,0.2771255305325299,1.0798034985183287
0.3345701134611515,0.2779475494574199,1.203716723224451
0.27885004822887244,0.23448794551703628,1.1891871354581556
0.18388816607817177,0.20923943883894228,0.8788408490223293
0.3297293586594943,0.2776104320782531,1.1877412393729854
0.2380993605667472,0.22175826003653498,1.0736888020654562
0.20147556262892993,0.20897081226559447,0.9641325525062402
0.23863534423006927,0.20913163072013255,1.1410772412013543
0.3111082358642098,0.26531587915275745,1.1725956126624713
0.3355292824631847,0.25540880360729856,1.3136950556296196
0.28169560743466887,0.2616569356623194,1.0765837592709957
0.23857143088325736,0.22401565508161028,1.06497660083776
0.3142069580459025,0.24032589649831193,1.3074203097713588
0.34458347015858065,0.26568301145337386,1.2969721634574798
0.26012263545038977,0.23399955382074084,1.111637313845739
0.2138968293918529,0.1958564560138561,1.092110179797803
0.2436452088110515,0.2727752475903598,0.8932086432451732
0.3226699674661802,0.3125625607921656,1.0323372276206022
0.26570545632963033,0.22995666924209734,1.1554587966739804
0.2817424770720391,0.23962244212102063,1.17577667007394
0.28405912116436843,0.24892378086625302,1.141148990168174
0.19989556142770978,0.18619497659853307,1.0735819251381709
0.23822070371039555,0.2430376811957849,0.9801801207874885
0.2318841480110452,0.21938291703188373,1.0569836117975613
0.27696848715255273,0.24094709718376722,1.1494991655421873
0.2196941538470819,0.20990286964072422,1.0466467381942741
0.22613049317516581,0.23014012157576283,0.9825774472823634
0.19074376282912478,0.19245040231793237,0.9911320554893506
0.26204844664578286,0.22495807270513377,1.1648768301338788
0.2918716142553534,0.23955769926395734,1.2183770972593697
0.301218339721138,0.24298226852099017,1.2396721026378805
0.21564065629134643,0.25355240194093215,0.8504776710479844
0.3234074675511219,0.27877737335968356,1.1600922401039189
0.17468751203006397,0.20316570440036022,0.8598277575718347
0.20752298216475443,0.21020464313687148,0.9872426178028287
0.2901388867760448,0.24238266410920062,1.1970282109174633
0.3099282716600859,0.29505260458742577,1.050416999685398
0.3012661350413017,0.25377515730732275,1.1871380092436201
0.24340054066055133,0.2375618414769934,1.024577596920688
0.2921793732044852,0.2721253719988316,1.0736939781041062
0.29496377279278907,0.25313939331790225,1.165222721468571
0.23711596318171446,0.25724096899616966,0.9217659384001354
0.2882848012469367,0.27838454730392603,1.035563230929632
0.3392589166073365,0.25575917333709436,1.3264779995210112
0.27440847367855953,0.2578924900880866,1.0640421269531022
0.48279796462878627,0.383294726931685,1.2595998084649775
0.2520122718061339,0.2249356700952979,1.120374868509581
0.31234012913462555,0.2508115549411488,1.2453179408257884
0.3633690518364182,0.286029957276746,1.2703880925480941
0.18644608535956184,0.21759324993233192,0.8568560165241507
0.25566108855242775,0.226118884622158,1.13064899015239
0.19757326715783974,0.22335829673707797,0.8845575474208124
0.3500359941310736,0.28329823348665595,1.2355742209298357
0.28401656599178343,0.25230315677020676,1.1256956497395738
0.3784798273315666,0.3135264449385914,1.2071703470043724
0.2752202108213718,0.24892861490012405,1.1056190182546775
0.28773245178812806,0.267076611065058,1.0773405078067224
0.33172958854601947,0.25730184411340523,1.2892623824328688
0.34174182432624706,0.2649217198516015,1.2899728437429634
0.3262836472779619,0.2761669899759444,1.181472294376612
0.25443042808856775,0.22481458126213677,1.1317345461320345
0.38031274359102385,0.30575608666323423,1.2438435739462737
0.2835185183683856,0.23398608974618076,1.211689629396071
0.35358606153378025,0.3002991794249819,1.1774459797420458
0.36644286652102,0.2966192592963309,1.235398090435299
0.2505148135401383,0.22773218083559982,1.1000413407580079
0.3425800570511532,0.3030338023883452,1.1305011333756374
0.3165988506846269,0.30207786630463196,1.0480703354986995
0.2714755231573013,0.24421942396286064,1.1116049606217464
0.33817888014821346,0.2757591256958406,1.2263560790413195
0.3263616763630602,0.26748406134014235,1.2201163490935893
0.26555973838932606,0.21175094573098446,1.2541135883600827
0.27054018494472004,0.24284788048724446,1.1140314850675839
0.3262892125537192,0.2640032650065438,1.235928701660684
0.3194175737218976,0.24382138610136608,1.3100474032622522
0.3329114803030768,0.2522132137340311,1.3199605023634695
0.3358778291432466,0.28753981427538056,1.168108945154886
0.2749997908343037,0.2399140269333145,1.1462430702759263
0.20522563118479448,0.21773749450376204,0.9425369372074254
0.3211666328565662,0.29031746671340575,1.1062601106726175
0.22775640461518928,0.2113038727234364,1.077861951509458
0.24562773125327336,0.21306769557254537,1.152815449536985
0.33853746971809573,0.2553784690253693,1.3256304300440669
0.18900867510615693,0.1980991576593632,0.954111452766308
0.2911548241140146,0.24156299274558654,1.2052956489931306
0.2818008120897139,0.24789072153477876,1.1367945131023294
0.2877601431172377,0.2684621332103617,1.0718835452736064
0.3807566452346694,0.27372274301142846,1.3910303581123036
0.2606981159076778,0.24150984713401166,1.079451289466548
0.29056373529707213,0.2391964197230557,1.2147495168760891
0.32508351907579525,0.26220621665779525,1.2398009597921205
0.3296897297170346,0.28279532733550544,1.1658245304947847
0.2447424344819665,0.23890130686117483,1.024449960937995
0.25477607100771266,0.23144575949766116,1.1008025014616318
0.2804643961395297,0.2650858490994025,1.0580134590072385
0.289631811895397,0.2673808764158972,1.0832181260595826
0.18800100897206956,0.1988232714453086,0.9455684317305081
0.3127296853446699,0.23928669337689618,1.3069246807305535
0.252769375341998,0.2287641168120908,1.104934545087005
0.209682985051567,0.20896824489691382,1.0034203290313595
0.3059587538166793,0.27259675478971135,1.1223858994678948
0.2943268008752856,0.23128167393785806,1.272590239702117
0.3142472845359559,0.2882077015838158,1.0903500593809334
0.30736091823158823,0.23868280175777057,1.2877380186927598
0.3216739990135123,0.28627961725851375,1.1236357030722066
0.29089008010967515,0.23495603217328,1.2380617659356103
0.2540682988203636,0.2209528074969172,1.1498758567433383
0.35385098046670344,0.29090578906137854,1.216376551351627
0.18963981459648177,0.20549414296551477,0.9228477846607355
0.3739632588478989,0.32045729700919295,1.1669675252773881
0.3192616432049294,0.2566816871248475,1.2438037429980098
0.26156875252303546,0.22043594023056418,1.1865975768263948
0.22065266659932994,0.2605928462026917,0.846733399687051
0.26522105778956906,0.22968627374706999,1.1547100898229117
0.36426305721684776,0.290069618242228,1.2557780419204854
0.21381367329343307,0.20887899127030224,1.0236245971560876
0.22376110326424437,0.22364256800307492,1.0005300210162487
0.26890909687734604,0.25055854071117784,1.0732385977108685
0.3024291796305799,0.23692162156257107,1.2764946383363676
0.2612503001549052,0.2578832277871492,1.0130565775705858
0.23618825755759315,0.2348159536349005,1.0058441681727741
0.2239466034622394,0.2535115724790689,0.8833782271644798
0.4119083475860615,0.326543948644432,1.2614177947440126
0.17842332021527307,0.22857178432877434,0.780600810984752
0.26392756170847625,0.2308983969385646,1.14304631477671
0.25925684101753205,0.24243898419420307,1.06936944105432
0.3058157070296744,0.28083932029081127,1.0889347927241808
0.18626160702392144,0.2165234888297607,0.8602374182616633
0.24727132168346974,0.24051634613520964,1.0280853075344105
0.26729982751564724,0.2547789813165949,1.0491439526696813
0.30693044629424426,0.24863951504575402,1.2344395308113583
0.2872075417025203,0.25425853451988834,1.1295885986476282
0.2401047152074797,0.21582292864638614,1.1125079096710708
0.1991035584886253,0.21952439258362097,0.906976924729597
0.17798929429774205,0.1952170508447462,0.9117507591040027
0.3085712801092788,0.2863918494398975,1.0774443501543711
0.289143917147186,0.23666449612468718,1.2217460661900463
0.18559933545172114,0.2411585855536834,0.7696152928812297
0.46273308728041596,0.3579076356991006,1.2928840883111083
0.4571073974115627,0.3461918062126466,1.3203876845392082
0.39467957912554,0.28969492917571577,1.3623972647658784
0.21820728427129704,0.2235633337185832,0.9760423618748313
0.19138058253046714,0.23306750487937153,0.8211379901694994
0.23829177412992647,0.25347906864405356,0.9400846208116151
0.22581039030646438,0.2215104281726947,1.0194120076839783
0.3043167952689627,0.24302564480879862,1.252200340866846
0.17957937788819608,0.19356261478051523,0.9277585865009365
0.2525269750694345,0.2420198411946376,1.0434143491001915
0.29035403027761314,0.2710594578430433,1.0711820667985779
0.3419667472990631,0.28566750202389274,1.1970796288562835
0.30086859344458405,0.24150349912066385,1.245814634322376
0.32217179081251435,0.2455246332248655,1.3121770576781637
0.4290166778728677,0.34666545204251387,1.2375524452902638
0.2960818677509677,0.2428087465713366,1.21940363323765
0.27968606073417346,0.23093479214510929,1.2111040442898315
0.2836090779429151,0.26599133940644326,1.0662342562573115
0.23044684571755086,0.2129552719101025,1.082137312922839
0.29268406424794396,0.2736079831468912,1.0697204843281616
0.3407747612241108,0.2663391215892894,1.279476928476191
0.2431951025314134,0.23210280507644648,1.0477904498022483
0.3113982416693157,0.24474883659246355,1.2723175562539302
0.3618248646633181,0.2531048893708131,1.4295451406046291
0.2769615871400901,0.25966673249075395,1.066604044666954
0.2203118127318066,0.20741948649193015,1.062155810227493
0.19971034071487498,0.2728608923641499,0.7319126569752219
0.35318242800981525,0.2797952424610991,1.262288897063428
0.2571287644887111,0.22433598360245824,1.1461770883103815
0.26509259734343515,0.21416108201850853,1.237818724321373
0.3052163587612146,0.2552522870781436,1.195743874638721
0.27495971496900795,0.2664580384689829,1.031906248912114
0.37648983333518704,0.28750620528678916,1.3095015913122159
0.31638665320113074,0.2730307716961526,1.1587948539120256
0.24396999481212647,0.22366314329429338,1.090792122558671
0.24992288501665227,0.23368174036331288,1.0695011284496971
0.2565871682515701,0.21635529366753925,1.1859528089285065
0.30913905860302016,0.28144237368402103,1.0984097900982548
0.2641008187636494,0.23414792990328698,1.1279229283501853
0.33407400716870417,0.2966679286878166,1.126087368615601
0.1829141393375115,0.20624335982136535,0.8868849862412049
0.2878307297075,0.24348701262673503,1.182119434635899
0.3746222620478692,0.3024910329613291,1.2384574127053922
0.18333734090087317,0.2083986383992032,0.8797434681395412
0.3147914108582161,0.25866049543434777,1.2170061389916238
0.2426674535596755,0.22019285917948225,1.1020677712435438
0.32230232785956914,0.28926304754743304,1.1142188073874812
0.33365404756970896,0.2871417220719404,1.161983863446063
0.20602434155132426,0.20385331474756407,1.010649946047964
0.26575854625338174,0.22531409285489185,1.17950254636108
0.3445320860543122,0.2635934619590304,1.3070585419446477
0.5292680690222824,0.4130493868375555,1.2813675213865734
0.3748179591023012,0.31720699257829,1.1816194720543314
0.2313005733323506,0.21692830271691174,1.0662535521434215
0.40644848227838826,0.2896918877625854,1.4030371558470762
0.2009206108780539,0.2262246375876821,0.8881464592917266
0.3093886513139215,0.24309107714313344,1.2727273043088771
0.3244990555383349,0.28137267462480736,1.1532713898783307
0.23866682486673563,0.2473696314972576,0.9648186134334826
0.34248540175663356,0.2942726229006242,1.1638371194057382
0.3284024429397336,0.29719747959061676,1.1049974023740072
0.21426832349155492,0.2525611945185948,0.8483818105943406
0.3352772980790704,0.29576979578149765,1.1335751752243128
0.2969162163590075,0.27776478560083384,1.0689483755716087
0.26678597273236065,0.253713957781983,1.051522648042921
0.34136618347116965,0.25908611173332713,1.317578087020473
0.23741697639616097,0.20816021333866674,1.1405492557307042
0.3905318343997898,0.3204035106508337,1.2188750167140954
0.28057141785899914,0.25636022301574013,1.094442088395954
0.33843323898033695,0.3027303003853626,1.1179364554837294
0.34994305720656654,0.2788403763040348,1.254994207958623
0.24480588612711324,0.2265127359759907,1.0807599187405583
0.33629868137135155,0.288399947231198,1.166084406741431
0.24364110054592344,0.22941716027475778,1.0620003327306928
0.27138275950528196,0.2734806508264743,0.9923289223027209
0.23354075809487515,0.2413752575001249,0.9675422432009392
0.22121005454802678,0.23898569421388968,0.9256204865134986
0.32874502711533415,0.26860146305937094,1.223913761939075
0.34645844941862997,0.2752414579244523,1.2587436937415335
0.20061897543647933,0.19632427639703823,1.0218755373418806
0.3026243219945441,0.24377330444541503,1.24141699060533
0.31940764048048437,0.2571328554234148,1.2421891397523785
0.30772620745611956,0.24270745708013716,1.2678893807309535
0.17398393052981817,0.206005156283257,0.8445610472516054
0.30170810152624833,0.2633375820864345,1.145708482381446
0.31825599169591695,0.272079119404806,1.1697185450766174
0.17430759076424907,0.22955552785209038,0.7593264792846146
0.3126343721500093,0.28432190846464905,1.0995789027945428
0.33965432719680516,0.25479220416996207,1.3330640484205507
0.2599967468630471,0.26459645040684093,0.9826161555201463
0.2913332502500559,0.2503809166527927,1.1635601232902764
0.16757030260551375,0.1993692354276949,0.8405023084230383
0.29508149341703493,0.23975514377900425,1.2307618880078255
0.25476879989502266,0.2493765657338623,1.0216228583679952
0.31440145407501036,0.27258475180762703,1.1534080758005674
0.21776934855601,0.23802699414051817,0.9148934949262554
0.31020156154572853,0.2575620493390797,1.2043760419740606
0.2071810006830963,0.20599078876879764,1.005777986100313
0.23658771839571788,0.2599174172415082,0.9102418795424049
0.2590096368243701,0.23694631139546274,1.093115293920249
0.205274015762899,0.24361355850118405,0.8426214740502684
0.25464052476294347,0.22872531092805234,1.1133027810946685
0.40908033027679064,0.31098482408250455,1.3154350263994272
0.21556805920593808,0.25025119400913615,0.8614067159977992
0.37905278420461064,0.33858952524856833,1.1195053477402677
0.32962771539158153,0.2932807995987977,1.123932135490989
0.21263157319203407,0.23898384103728262,0.8897320097841366
0.3742094602853749,0.3082721905031859,1.213893019913866
0.3189307575125584,0.29865132151006685,1.067903386129192
0.29528106977797663,0.24108562718200152,1.2247974847337606
0.340071167514619,0.27267382791514316,1.2471720154251478
0.45060674575951676,0.33817645252746564,1.3324604430372629
0.38273018205069215,0.3340610019289722,1.1456894993449966
0.3094737810541162,0.28064016295209415,1.1027423081526075
0.2939236716557652,0.26330516484217314,1.1162852495960154
0.2520093086012224,0.24656830232336632,1.0220669332861787
0.2631690419926989,0.2569401584819477,1.024242545608879
0.18652795847977752,0.2049959726508273,0.9099103561292561
0.2861773166710544,0.2472812970357698,1.1572946280270369
0.39121853227586506,0.29009381483144187,1.3485931525399169
0.24487437079574945,0.23168434237834098,1.0569310307378006
0.27160598367828437,0.26690151816140567,1.0176262223957593
0.2599392030838064,0.25008087206354895,1.0394205719890177
0.274108170461966,0.24062272133601414,1.139161625884829
0.20737524980156524,0.23153400236876454,0.8956578631214537
0.3039881175745252,0.25922548323190764,1.1726783716806581
0.30140319108317265,0.24750402925837203,1.2177708459385714
0.31933899048342085,0.2509577508012721,1.272481082826959
0.18862912536540855,0.1996753840877977,0.9446789158671052
0.46725140179970664,0.37620708726824587,1.2420058462815287
0.3155879419429355,0.24205946405806575,1.3037620452932654
0.22562913236484183,0.2385543754492855,0.9458184614719362
0.3049414238833493,0.25595671213173893,1.1913788911556198
0.19540727429924348,0.2266513942203802,0.8621490062807331
0.30517614313804525,0.23778889986228668,1.283391038500053
0.3077274713248837,0.263218397155626,1.1690956052093198
0.3103249827819937,0.2533724749573063,1.224777801275707
0.1691305348011436,0.21131215473492299,0.8003824248222094
0.29515546193721176,0.26588554646785634,1.1100846430285143
0.32979516219515187,0.25554890625708915,1.2905363870482347
0.2597235836668866,0.25988446003570154,0.9993809696478472
0.19415668008932271,0.19852245198387913,0.9780086743291336
0.18195397909499364,0.17861251584187982,1.018707889743135
0.23332453036534556,0.20803986644759048,1.1215375896433042
0.4065901725890882,0.30042340291324604,1.353390477061137
0.3161235632134511,0.2809621853386806,1.1251462997854529
0.3700925738122594,0.32003445659866325,1.1564147740390691
0.35821984589785827,0.26700032933858464,1.34164570802307
0.3417944958090779,0.28273230263033206,1.2088979314683002
0.4094064368339166,0.3407360131191195,1.2015355614635024
0.24760450516454405,0.21094945614707244,1.1737622352148467
0.20940380138284867,0.1976835030291199,1.0592881964055558
0.3542833652631745,0.2803128487681361,1.2638855722101556
0.2759131973616968,0.22376787111998492,1.2330331248213529
0.2298086274642962,0.22670811890306689,1.0136762131688588
0.3891741314062912,0.33894664710113465,1.1481869926571946
0.297977685906605,0.25100644847195563,1.1871315965011846
0.2551829019244577,0.23133565515846263,1.1030850464865
0.2985406840917748,0.2496869461444148,1.1956599602091484
0.2522398824092132,0.21811572913214158,1.1564497590927891
0.2521555632363504,0.2168495457042938,1.1628134263200236
0.24483395290472842,0.19918521670122924,1.2291773303235183
0.19947047406117738,0.20586016041052738,0.9689610348276828
0.23924240514926776,0.21918812470754637,1.0914934623783974
0.2705562476355056,0.23073069414209083,1.1726062223385374
0.2286477548350313,0.26149713630934357,0.8743795747137652
0.17812261944117375,0.19155603411572533,0.9298721403553594
0.2669560636561748,0.23827570534343545,1.1203662718001455
0.21239799610354984,0.22225586572604727,0.9556463016609503
0.18174571611348111,0.20282246902897835,0.8960827514998554
0.3740155054821152,0.3167268910454739,1.1808770144130771
0.3812495895214918,0.3159904408300651,1.2065225407452185
0.36632967438885344,0.31094644695098456,1.1781117873541713
0.29552439803335334,0.24607539180743984,1.2009506349363392
0.2578625419760898,0.25783289626884826,1.000114980313492
0.3045003647747323,0.26666132896444494,1.1418992245978516
0.22008685039427306,0.24412448645853646,0.9015353338250807
0.3238012657671695,0.2542740482634651,1.2734341863769914
0.20296869309456284,0.23438702782409962,0.8659553174883241
0.3089479698613159,0.25618366026725586,1.2059628219029084
0.20200969728957308,0.21697987494939242,0.9310066075791088
0.34160932451073617,0.29738677955685333,1.1487038025691
0.21811653731578068,0.2680124812541637,0.8138297749981825
0.4174583514051648,0.3203594641830604,1.3030935498338203
0.31286230061105536,0.2772953604927987,1.1282637403490938
0.3454687909027345,0.25643405601510233,1.3472032391921789
0.3399034539571999,0.2529598485769198,1.3437051605992023
0.30291362872303496,0.2603444278130564,1.1635110890122293
0.22381591670812395,0.20934172500864795,1.0691414561472543
0.20222034699035293,0.19739510570403151,1.0244445842216385
0.2528438936417043,0.21168119796875898,1.194456078612236
0.43105748905246083,0.31499663464493677,1.36845109325802
0.30706732246281065,0.28617796268116635,1.0729942990226586
0.23027482059144505,0.22729448771982771,1.0131122091939644
0.2646273108558869,0.24662578603822136,1.0729912516725877
0.30366830110260534,0.2497187779375416,1.2160411147717427
0.3211226072808779,0.267513857600944,1.200396159513737
0.2206411422030052,0.22671188820779992,0.9732226393031919
0.4190944037601525,0.29917431808640993,1.4008368313188777
0.31221971584719105,0.29772610748190703,1.0486810125180734
0.29789882480022734,0.24282732697036472,1.2267928347149482
0.3126330164852294,0.25527559054608,1.2246882509073884
0.37154334072303663,0.3124483294994911,1.1891353086067364
0.28687352906937225,0.24461984209273704,1.1727320507410701
0.34910596741818756,0.2705174964925918,1.2905116007080448
0.34167009266456133,0.27724576384939964,1.2323726354576767
0.2947437491888924,0.27096133425705043,1.087770511601041
0.27758806372170725,0.2697306888133832,1.0291304446775809
0.2758969259160759,0.25066502716576616,1.1006598289183107
0.2975076037406242,0.2424244687987924,1.2272177194602816
0.25593862314912136,0.25880306904387235,0.9889319477341074
0.3134440060708363,0.274627995489274,1.1413403266204092
0.20676391499943472,0.20913182623311094,0.9886774228661074
0.2810911917105564,0.24163133178207788,1.1633060565343676
0.35245862072127276,0.29957420310586375,1.1765319479018048
0.28262187121320514,0.22996056196819445,1.229001480924778
0.2533581822663433,0.24275385870446317,1.0436834397544643
0.319246738065669,0.25799258170770073,1.2374260374174935
0.25370507638589357,0.20874804516326323,1.2153650406041845
0.23120094435584693,0.25625304775488994,0.9022368568158231
0.3589106440164916,0.29582416537080813,1.2132566775489966
0.2763401651854914,0.22316195532961836,1.238294245886701
0.37858187397275234,0.2967280105028817,1.275854858903102
0.393433164331703,0.31310330411914294,1.2565602443530672
0.3098208836893574,0.25559856932583663,1.2121385675457292
0.22472992018918897,0.2231887422250552,1.006905267482442
0.27034464457762736,0.2724148216342787,0.9924006445602633
0.20954541488542378,0.239180749869212,0.8760964876981391
0.3087309857509335,0.2578331248759987,1.197406213415803
0.24115344376701997,0.22453181996226876,1.0740279208868675
0.27969884134350204,0.22918378346322762,1.2204128805142076
0.3383500193132301,0.2500925264288573,1.352899361466841
0.21635103714449094,0.24154809870148844,0.8956851174053881
0.1970707858751276,0.22632088685208346,0.8707582787262899
0.21821906023666882,0.22349254890821854,0.9764041857443964
0.20410177922976272,0.21325396296461488,0.9570831715968121
0.31576420739191535,0.2647421788914124,1.1927234591562017
0.3364132578093624,0.280911361453308,1.1975779693242479
0.22659729450272037,0.24403329782430946,0.9285507204261032
0.2971039568027133,0.2525312874076449,1.1765035526988685
0.24923780411769486,0.23453480076557837,1.0626900711711964
0.3167947436493299,0.2460736265461107,1.2873981990506693
0.2384199084643936,0.20227175585994864,1.1787108261890684
0.32366992150288654,0.2714348404010029,1.1924405909894042
0.29792991081454556,0.23914590014616907,1.245808147379683
0.2828547324662463,0.25008500576588516,1.1310343520996147
0.18814869637184178,0.2047425679527182,0.918952508280015
0.25683455398079363,0.2661286635767566,0.9650766307129396
0.5172410071403398,0.3973215060977077,1.3018198089009105
0.1922324674343214,0.21942365180824228,0.8760790637206072
0.3286690800826114,0.27802579332711896,1.1821531957501032
0.23418393803886955,0.21331391894277144,1.097837118175571
0.23348611108744,0.23146718929442062,1.0087222806790614
0.32639179885078423,0.2800082864829399,1.1656504989564669
0.297770764870934,0.2927038267268914,1.01731080252931
0.3946544801306093,0.30386235136184503,1.298793609546736
0.2935181782131416,0.2488664158358646,1.1794206029258936
0.34141157190906773,0.3067615722732613,1.1129541727767012
0.26522495232076815,0.23360271923072887,1.1353675727498962
0.32455672743508474,0.2649037394001023,1.2251874140020516
0.24117239089801012,0.2062795989329764,1.169152898035113
0.30468331761958123,0.23745555067152685,1.2831172687180128
0.29144787785399734,0.26580362754207715,1.0964781803358221
0.282170184865261,0.2401252437237697,1.1750958811721524
0.35745241214139645,0.30379267206151894,1.176632766405278
0.27959379371721105,0.2351219827212269,1.1891435691434786
0.29982140646730626,0.24528868575619958,1.2223205711384035
0.2857524080636398,0.23353740299385176,1.2235830509392223
0.24111499397925348,0.240783969079613,1.0013747796454466
0.3041531030098361,0.2444952354929442,1.2440042129925823
0.2005478872261502,0.20673764545245513,0.9700598397899021
0.32608077739905283,0.28272050639488605,1.1533679730454498
0.18168754162033396,0.1957035686337961,0.9283813416826897
0.301009201077429,0.24619502781910288,1.2226453301835243
0.21096145000734823,0.2083613548250418,1.0124787784399352
0.4391079135270589,0.3449407355357659,1.272995237413846
0.2546469394252141,0.2684064365368869,0.9487363369924929
0.3385362229923301,0.2619825820279609,1.2922088956135214
0.22392842773395932,0.2545451524014589,0.8797198674629951
0.23304627084436616,0.2107186501421459,1.1059593950851458
0.3128399242153705,0.23715328938513658,1.3191464686256953
0.20588292785202564,0.21935911972267402,0.9385656183901279
0.2625154881633772,0.24755454580881905,1.0604349328576343
0.3334963252520807,0.25302919504604715,1.318015200543913
0.3162046076564984,0.2776077245484375,1.1390338945749559
0.21091400406466895,0.25317480661942693,0.8330765879944582
0.17522378884620565,0.20324102716204498,0.8621477232866912
0.20276148923240842,0.21258529207804738,0.9537888875114073
0.1695304794565122,0.21037340212188352,0.8058551021497088
0.4427573030886623,0.3666230739185918,1.2076634957978014
0.24479114712564387,0.24971629531955428,0.9802770252233326
0.37909351512092715,0.30755592766036804,1.2326002558453615
0.3165796693350221,0.2545367234238119,1.2437485054284552
0.28224495063600585,0.2519347576590321,1.120309691519403
0.2839447921073462,0.22664439143288423,1.2528207308029955
0.22397828076347104,0.23106190485370537,0.9693431762595428
0.18953543831121938,0.20797700069747277,0.9113288376868227
0.34802711721553325,0.2941479081687722,1.1831704647576382
0.4632425254520896,0.3620472022365444,1.2795086458075402
0.2845986670197912,0.22745286912841334,1.251242369948365
0.19959526026751065,0.23059431128200022,0.8655688822410715
0.18239264355098256,0.2063592540949557,0.8838597733400172
0.29042916708761296,0.24966795854231258,1.1632616727564276
0.3041787680083156,0.23544321831815257,1.2919410895805936
0.2163052259476571,0.2616125370015973,0.8268152146941506
0.23641038997576175,0.22683852976424856,1.0421968006117
0.34276764289688544,0.2792586585236609,1.2274199292833872
0.3051965406422572,0.2551737992070633,1.1960340034542594
0.18619171880255894,0.20158011566273334,0.9236611368656968
0.2359557876132033,0.23949718810500104,0.9852131855082779
0.29473715571722287,0.2563537154038475,1.1497284338278768
0.3642327506279187,0.29766253807258813,1.223643233664482
0.315589651220858,0.31266612872063076,1.0093503012692477
0.29044232161852884,0.239175218241889,1.2143495624399976
0.28559658238745184,0.23997020675665534,1.1901335013519594
0.2394387005764238,0.2423778568787648,0.9878736599943981
0.19783208567862665,0.22121269997329818,0.8943070886188103
0.3984960915997314,0.3026256799057919,1.3167953615958305
0.26083415661614473,0.2396349320356922,1.0884646674855194
0.22075006794825597,0.2117769193141844,1.0423707581691626
0.1963182100600402,0.22655894289327785,0.8665215663215609
0.23621189530838607,0.24115681490510643,0.9794950037026068
0.3497342822081921,0.31173530705600305,1.121894999674716
0.25952929412476466,0.22697272965292659,1.143438220625102
0.3170820989923426,0.3229595029052234,0.9818014213546593
0.3288142753797502,0.27458501670466345,1.1974953306844647
0.3782772501996353,0.3080292738818103,1.2280561695729573
0.24158401583086003,0.26359785803208136,0.9164870216868678
0.28560426478550155,0.21076841756524625,1.3550619589250787
0.2409877392341223,0.23167981165722606,1.040175825033333
0.3114455287427393,0.2675666028439485,1.163992536558765
0.2922871422445171,0.2434627742258663,1.2005414099707712
0.23042789547903236,0.23368335866637702,0.9860689130542993
0.32319163236054704,0.2566096707987182,1.2594678577568301
0.36488843759283557,0.3157436908300926,1.1556475970542468
0.3160369438667192,0.28183174889854995,1.1213674296875686
0.3481761934868854,0.2789504764511318,1.2481648997931751
0.3149273194917255,0.26608666818191734,1.1835516662428833
0.1938998436837377,0.2329324388887496,0.8324295431275067
0.23495973220032695,0.2228424686324767,1.0543759169525029
0.351802759342056,0.28600275268300906,1.2300677390052128
0.28027841950358945,0.24786685052836688,1.1307620155988276
0.27434715653958436,0.22678668683590844,1.2097145576190207
0.36258727200574475,0.2732034090821562,1.3271696470548418
0.2810710359830332,0.2101683407528632,1.3373614454783387
0.2796703920003746,0.23047881807988702,1.213432081656359
0.3192756860206628,0.2610123280999372,1.2232207127719177
0.19771627836510608,0.20426116496198246,0.9679582430752585
0.3788872091032917,0.2957845618114083,1.280956675977124
0.21987927112898856,0.21780901476374087,1.0095049158892404
0.2952149237709806,0.26087272358404545,1.1316435068991453
0.29290975212024656,0.2884388195844875,1.0155004535873489
0.318624241432298,0.27330055823640154,1.1658382386350343
0.22898207492209913,0.24868629515219115,0.9207667627279845
0.28512721300302707,0.2595379594051586,1.0985954180132922
0.33897646289305394,0.2899249536999719,1.1691869173973997
0.28856404487467374,0.23806112116485723,1.212142677740492
0.26972241062595936,0.25909138112272917,1.0410319689414693
0.3017527688659544,0.29928775894390175,1.0082362537337008
0.276400569478078,0.2497716875468011,1.106612891928703
0.21269563999602045,0.20914247962765203,1.0169891854332715
0.34397234775221425,0.2969198157580378,1.1584688171587711
0.2889503260204018,0.2539227389945305,1.1379458459079785
0.285704750537272,0.23589013743632745,1.2111771761309469
0.24538808639914692,0.23741898234650696,1.0335655724486648
0.3262581315546885,0.28804808298105194,1.1326516329433447
0.2832281937562073,0.25471861400223544,1.1119257807900982
0.30023104738669265,0.26026879445002915,1.1535422370596031
0.2268475520162123,0.2483594885113,0.9133838750271507
0.251295558311728,0.2321221964965733,1.082600294605767
0.24914984178225763,0.22673448257892495,1.0988617123799422
0.21960749799980023,0.22040424380441723,0.9963850704920001
0.21344639530334256,0.2305754620318854,0.9257116668981276
0.31277352847673917,0.2808686704518466,1.1135935096412346
0.3086983575657117,0.25328708245440085,1.218768657976415
0.3107292443846528,0.26285820972224905,1.1821173274861265
0.27829927185437126,0.2518691660844856,1.104935852930168
0.25478013482863415,0.22520746053103444,1.1313130312284858
0.20482382256118503,0.20335704795482404,1.0072128043808288
0.35313965201854475,0.3021409300827763,1.168791172787469
0.22550122772288814,0.2964812957838145,0.7605917504061269
0.26769822082640127,0.24680204401043998,1.0846677623750853
0.271777424344037,0.22477003353473718,1.2091354887039916
0.20780615804633903,0.2480419545096182,0.8377863271444309
0.3087109165317362,0.2651508327673329,1.16428416727858
0.40849144098498547,0.2995188092874478,1.3638256707710026
0.3783792817723536,0.3168294538864309,1.1942680111678805
0.3309696960998817,0.2552572099268272,1.2966125273983777
0.2972292797706307,0.26626417182067047,1.116294684854616
0.33718588509587155,0.2881916710643164,1.1700056557867038
0.2884606175687385,0.23751581359519128,1.2144901562654464
0.25318566472747495,0.232689489389078,1.0880838038375058
0.29249267387408207,0.2371402475228709,1.2334164146719662
0.25436346291242434,0.22178157242908703,1.1469098181894941
0.27399354294364114,0.22214921929225476,1.23337612356486
0.25808251768691753,0.232018152579811,1.112337611593303
0.32250057574784063,0.28867739336287446,1.1171660239513443
0.29865525142922966,0.24704335416795908,1.208918379671047
0.3679179073801654,0.3065113174458376,1.2003403673509665
0.1981724822167696,0.23765790655443103,0.833856045817613
0.2520195499436403,0.21097018072525564,1.1945742714788818
0.31060951715035046,0.2584333033775632,1.2018943111854257
0.24333575089286258,0.2537326488519808,0.9590242012363831
0.20766718816728297,0.19639759377286406,1.0573815298748126
0.2856692798784407,0.24315600915027308,1.1748394821774442
0.24647231855604393,0.24406906144689272,1.009846627404982
0.24368824214909324,0.2107565140468557,1.1562548529101033
0.3087797261067087,0.2577811643947622,1.1978366488943626
0.26738181397490524,0.24329890055326184,1.098984883889236
0.20960678063168006,0.21848945235154738,0.9593450776489879
0.18704405737629656,0.19830371484077144,0.9432201384955604
0.22993055708732318,0.20404165760688903,1.126880460510237
0.3285267907591068,0.26367307101308807,1.2459626214267423
0.26087251735426875,0.2399544832706191,1.087175008353807
0.25472067197263604,0.2204713410985029,1.1553459542790694
0.23099253516415746,0.19593284698934993,1.1789372670969929
0.260725779572533,0.2604314271029309,1.00113024942065
0.19348136737538296,0.2423435883183922,0.7983762587569934
0.2146758798067384,0.20872779951790188,1.0284968284175602
0.2339655109199699,0.26404896083033313,0.8860686676601102
0.36550721525534374,0.32010968109922444,1.1418186853962953
0.238914956570976,0.21762758748187977,1.0978155818175794
0.24513379730585577,0.23368115042801743,1.0490097162602174
0.30382299485586095,0.2384058738205661,1.2743939148266556
0.3101174516307845,0.25807066002810186,1.2016765160247787
0.3504731737719815,0.2984570792342263,1.174283333038093
0.31006437116111857,0.23807151160024925,1.3024001447168279
0.1854388302838308,0.22106084579329757,0.8388587749149614
0.2580962044533672,0.24848417828665542,1.0386826486619327
0.38989172920948323,0.2973358531095228,1.3112839408097472
0.22455749080507198,0.217881722628149,1.030639413423017
0.35495829900452464,0.25931325110265435,1.3688398008785416
0.4352623139488178,0.36089703261201045,1.2060567824528368
0.19360764095939598,0.24591529553129376,0.787294017401852
0.21586322824436627,0.25234768837139626,0.8554198757971839
0.2480264528972885,0.22444572160165394,1.1050620663533326
0.32853016070329827,0.2701478985928345,1.216112220063785
0.3026648827195936,0.2602915968642586,1.1627916012879682
0.2820017681319749,0.27047681001505036,1.0426097827620906
0.27594861466967796,0.22567062843817207,1.2227936642861823
0.19268187849923493,0.22625131359673625,0.8516276676415921
0.2524707607480703,0.21427815015499888,1.1782384744568901
0.2620645285422931,0.23357300664932779,1.1219812267765203
0.25091685119377005,0.23394185211545973,1.0725607621073825
0.2803329402128407,0.2478792312127627,1.1309254867432679
0.28202496984466946,0.2519700799209338,1.1192795983283677
0.2967997066908263,0.2595936775533191,1.143324095903165
0.21297652684239343,0.18895956038996634,1.1271010919101523
0.24905312725639803,0.20812144829815632,1.1966720839824383
0.3447642123918425,0.2915714059057338,1.1824349212875358
0.32603473859333254,0.2534219139178491,1.2865293831654279
0.35609766736027965,0.2874185023111965,1.2389517880610281
0.3563244362745735,0.29174309293585654,1.2213637440010139
0.2588782257214594,0.23833000205116373,1.0862175281896924
0.23599869152459252,0.21870450705707753,1.079075574162729
0.3606255773312327,0.29626808855595294,1.217227204890564
0.25533269442645423,0.24329542720312503,1.0494759287575077
0.23751796498564967,0.21155901985774178,1.1227030884590192
0.30499099867425,0.24300838655413257,1.2550636749580253
0.31333846532861975,0.3127096003270194,1.0020110191722376
0.3270173061167606,0.27471093613678926,1.190405124439334
0.2672615496177212,0.244011886837443,1.0952808614433065
0.19041223726093895,0.23797986491026515,0.8001191081133587
0.24981301297483863,0.2330550552178927,1.071905575020796
0.22387765748490177,0.20226285555987336,1.1068649103425223
0.35948609579199764,0.30172184563818766,1.1914486835768547
0.3272340669586063,0.2735832458612068,1.1961041909876946
0.2786304972900238,0.2353303711251787,1.1839971864142116
0.24199088160579527,0.23776429890272943,1.0177763555023664
0.26199557369302806,0.23454378223446737,1.1170433562426219
0.2312428092267969,0.22716989967516452,1.0179289138105723
0.3015379021480047,0.24586692034928637,1.2264272953825197
0.20359531544021356,0.23891228941723855,0.8521759844871475
0.29269575572713796,0.2447563228660942,1.1958659629286528
0.3104087395369424,0.25097639654648857,1.2368045115328012
0.3226810685827856,0.27031945699414256,1.1937027107515152
0.3362092242080591,0.2542564663144916,1.3223232001981793
0.2087887829793667,0.22696440191037462,0.9199186357947656
0.4105694278206733,0.33315813737861066,1.2323559948172305
0.2925006789090893,0.2471015954758213,1.1837263873017374
0.2788814030792573,0.23944181923133712,1.1647146850726837
0.2982561302750679,0.26973588226502676,1.1057339786258724
0.32577635591582504,0.26701432133786496,1.220070722362513
0.32043563413162607,0.2637384734367841,1.2149749331450188
0.22515117147145064,0.2114548144808292,1.0647720271787104
0.3115513351422956,0.28193215166818636,1.105057842104397
0.2357833240760416,0.22462568971830943,1.0496721206364434
0.3000408349051007,0.2413263251550414,1.2432992327394776
0.24748904669911162,0.21631623513585127,1.1441075911092995
0.20984272548019506,0.216443207689016,0.9695047847456388
0.2773823598753648,0.2385500386664225,1.1627848036664696
0.2603359427584548,0.23472943427073353,1.109089465355193
0.25245145714056016,0.22992166973563424,1.0979889691599354
0.3601345473065894,0.30982901697600074,1.162365458282706
0.24338693921384427,0.2333171814616225,1.0431590922243252
0.2129436558512577,0.22232677217990138,0.9577958325187618
0.23482470885725784,0.2413597084239052,0.9729242315988806
0.2950636934300912,0.2676975219317129,1.1022279597543645
0.2436853160165872,0.21096492042476134,1.155098750664072
0.29897241088223453,0.2552976893275592,1.1710737048569153
0.2712649923446546,0.2186573438746711,1.2405940159052555
0.3147714199354469,0.29141837529582015,1.080135800002045
0.30957854872352264,0.25656517874332013,1.2066272993079843
0.24623139728910626,0.26208848567954396,0.9394971955775799
0.31515101544644036,0.24442308784174102,1.2893668033949979
0.2046892110211005,0.2086354715750828,0.9810853805242693
0.32818817531034317,0.2668612270584782,1.2298083874073853
0.2088504997150617,0.25778591219388175,0.8101703383929858
0.2613976473028735,0.2575827597915108,1.0148103371299015
0.2117170556030626,0.2573511393642359,0.8226777473225553
0.32430677164071753,0.2573946891582781,1.2599590640399483
0.25003079335333606,0.2342335734379095,1.0674421675918038
0.2579439895926785,0.2650651998256138,0.9731341185579234
0.2591834134664316,0.2511787610028433,1.0318683491853742
0.33353958306601045,0.25538755947973263,1.3060134320774537
0.2852585479401385,0.22743775798230664,1.25422687275316
0.36952236834809554,0.3002122013277011,1.2308705865846468
0.292980268881719,0.25486365360399765,1.149556889492553
0.24144900292528593,0.2703037964480507,0.8932505059050833
0.3589685753209124,0.3019066024843028,1.1890053823502469
0.37807193716484,0.29956796686851944,1.262057292429988
0.2807877088715713,0.2390507912072816,1.1745943506545413
0.23963612771116666,0.256390441843839,0.9346531250846044
0.17495017057524112,0.22399839798309423,0.7810331330514475
0.28191761516608477,0.26219916348332667,1.0752040983685747
0.31797277353049025,0.28135626547377746,1.1301428564068194
0.25811587655961143,0.23398889912404552,1.1031116327564556
0.32490975643178704,0.27347058993393825,1.1880976177740898
0.27920711833640194,0.2431145499735229,1.148459104429619
0.21970943451889355,0.21155584538161767,1.0385410723233288
0.3140032388867518,0.2802553383394033,1.1204184039715885
0.20147758587262093,0.22631428088632943,0.8902557323539685
0.36670307759786713,0.29907351594139925,1.2261302256857785
0.3067049175737358,0.255534523534024,1.2002484569678842
0.3061689041477814,0.3077780633934594,0.9947716896131714
0.17347371928654648,0.20449195180150098,0.84831563178064
0.5010392857848074,0.3915589490977151,1.279601160794236
0.38830466926989815,0.34059429735003877,1.140079773181951
0.3590604598154483,0.2926566591549126,1.226900016053918
0.33946797015360597,0.24840622540752763,1.3665839879684385
0.23713157678718652,0.20866962766535802,1.136397181709035
0.29078223551503457,0.2535411525175777,1.1468837805132048
0.32760321739207643,0.26921847140995564,1.2168675339264323
0.2953179218098661,0.24884537139775448,1.1867527217849267
0.3120448135574143,0.26918983141715747,1.1591998550414984
0.3677810788750659,0.31601571711152376,1.1638062886134042
0.34522313318900644,0.2901835308591404,1.189671695588345
0.1949227058085683,0.21024937522301482,0.9271024258778925
0.3954476242161597,0.33798011222628715,1.1700322294448984
0.34527702488385276,0.27099979028397486,1.2740859486350318
0.3115545682915314,0.24622914330323703,1.2653033841239685
0.3599850971141835,0.3182730428674796,1.131057452654172
0.29269036779990193,0.26658003624115156,1.0979455623418501
0.2970899510381505,0.2370662946498681,1.2531935485680643
0.28807402173859714,0.24041050786243467,1.1982588627259005
0.25870749928825376,0.2538368393375056,1.0191881523716582
0.25640304194289637,0.23815469505323053,1.0766239224701706
0.3539559208786872,0.3185833015471229,1.1110309898848614
0.30210619983788206,0.2560779093562128,1.17974330779795
0.21359067769518075,0.21055548711511013,1.0144151578363345
0.2730949376782895,0.22889495362308387,1.193101609955057
0.27118092070462335,0.2424541296100927,1.118483406080681
0.20533425821927934,0.20490894308584748,1.002075629921402
0.29538387660513343,0.26458354170336906,1.1164106229112896
0.3311222514526962,0.29785715571848886,1.1116813717433294
0.3308569092717636,0.2688036199494833,1.2308499019988721
0.3381324712609035,0.2810700909708304,1.2030183293177041
0.37279637703349067,0.31813225897037106,1.1718282774593152
0.3032065135270838,0.2597478034206397,1.167311174663011
0.36290886000991934,0.3085228346113389,1.1762787686917668
0.23385093571690047,0.21758718415273495,1.074745907611678
0.2777301623571747,0.25256151305054997,1.0996535418347262
0.23179639708437688,0.2250150827168776,1.0301371547436746
0.20600805405345685,0.23518121644540863,0.8759545390874207
0.2297321188447539,0.2545318755800426,0.9025671866096396
0.32774901058681505,0.28284276773333117,1.1587675131782837
0.229409743608693,0.20828564424045093,1.1014188925274937
0.3179323495426859,0.24766379069833916,1.2837256049671615
0.385207813652195,0.3078395574475327,1.2513265573994619
0.2686481508831736,0.2355494348373079,1.1405170683968175
0.30958267960784164,0.2621444534036295,1.1809621587955952
0.20419298571513006,0.21251310238274143,0.9608489237871713
0.21759580882022483,0.2105408053980009,1.0335089599799303
0.2911084495805284,0.24729891820114086,1.1771521351490708
0.3909395398585301,0.32240876123450596,1.2125586735348604
0.1855744900942782,0.19226226911107927,0.9652153329526283
0.2792965596641052,0.22357663025802293,1.2492207228536256
0.3466154287807987,0.28247680895787897,1.227058001892409
0.20203303219265364,0.2549706197248686,0.7923776959504653
0.3152648359197506,0.26472776179006946,1.1909020564671917
0.22348353022229916,0.24066576622322436,0.9286054004665201
0.22597737695175904,0.2273495731268964,0.9939643776046526
0.22054887426156594,0.25948740957104954,0.849940560222742
0.2619623396299522,0.22854598253202021,1.146212839655802
0.2502274371683292,0.25403354475840206,0.9850173031530436
0.29759480719880554,0.25065428477016155,1.187271972915549
0.24333537018763673,0.23200142435459414,1.048852914867107
0.2487946637671617,0.26690811761314914,0.9321359949335049
0.3931872794064764,0.3325107414119672,1.1824799335409544
0.2157613566728165,0.20652194749517688,1.0447381466701278
0.23918536211446623,0.23208947322892923,1.030573936796081
0.41092224838294034,0.3344462793322842,1.228664433652361
0.20109021658023143,0.18110305920761283,1.1103634442182766
0.30883771720059927,0.25670975176934907,1.203061882425435
0.2796695569117858,0.274789457743361,1.0177594119093993
0.25608354036960884,0.2426293921502258,1.0554514360364584
0.22172356148192926,0.2157661433212054,1.027610532723177
0.21467136163293438,0.19613546714154187,1.094505571896469
0.28183312186155896,0.2408628210679703,1.1700980691496055
0.22982355434167262,0.21148510234062973,1.0867127367274596
0.3510906816845225,0.307106554558404,1.143221062765542
0.35377688921731265,0.2804456919064723,1.2614809192194547
0.4176889136966842,0.3284040626602594,1.2718749893444277
0.272854281951531,0.23185657426475645,1.1768235721449045
0.21108488917630702,0.21884732867351028,0.9645303438508782
0.24309889842641055,0.24086637360910573,1.0092687276511578
0.2934414249385576,0.25918821862552455,1.1321557225659324
0.25878425508075553,0.24544995903389313,1.0543259249231374
0.2944827584403005,0.26363761475699693,1.116998265637225
0.2813427811291206,0.23929584176484656,1.175711115806154
0.4391429271993684,0.3199067579031963,1.3727216332586916
0.23278261380273263,0.2665467176399648,0.873327632258302
0.292885047035874,0.22770812473165744,1.286230113137264
0.32623820822282024,0.2710413029473408,1.2036475794473411
0.3266519614696432,0.2775443665736724,1.176936017481499
0.33967227279787565,0.26347800664224125,1.289186437709366
0.3072167109394295,0.2533843110659335,1.2124535637073763
0.4400123931464822,0.3389492325322267,1.2981660700607918
0.4105572669788441,0.33814767192564527,1.2141360153120346
0.37953135491047757,0.3081360120092688,1.2317007429143374
0.2532414341934725,0.23981475906998836,1.0559876930659036
0.2775022874333949,0.2408238027532485,1.152304233472003
0.20666025096572993,0.22880954582005394,0.903197680083928
0.30224519578761844,0.24278743225073104,1.24489638110874
0.21042676703052857,0.22481705732616733,0.9359911099861024
0.356395886642195,0.270324413696489,1.318400664478437
0.24463051041148848,0.20219261100494657,1.2098884780982608
0.2658638591814229,0.23758325150543694,1.1190345173609124
0.287196237591358,0.2631909897049494,1.0912084715108206
0.21795992942374118,0.20327466020655097,1.0722434818106115
0.1887739861337978,0.20888048836655396,0.9037415969773479
0.30160663841117374,0.24049501364121156,1.2541076583863526
0.21745670704038864,0.246567841261914,0.8819345861466079
0.2970318155444755,0.23528592754759547,1.262429158600612
0.2667301225709404,0.2794780983203691,0.9543864945910162
0.25582157037056674,0.2528458865699955,1.0117687649221356
0.21300549716212247,0.2597284275008295,0.820108523397741
0.26899132959169747,0.25629185202397764,1.049550843959455
0.3091752421547737,0.2529241441312633,1.2224030379413562
0.2000712217432547,0.22796759524509497,0.8776300926811637
0.2065520392894884,0.24675392644805214,0.8370770113478732
0.22443659458847326,0.22686750454655982,0.9892848913600684
0.2665206241615097,0.23164282179124465,1.1505671624122102
0.30733768782966153,0.2555449703612581,1.2026755501984063
0.3188565145236675,0.24974030479758866,1.276752323907415
0.19186339803400831,0.20882013810883626,0.9187973907670238
0.24307232771290846,0.21149655538479215,1.1492968633492306
0.3939001375768487,0.33015778793375844,1.1930663215367778
0.20370020767170868,0.21881527746683702,0.930923151390016
0.20712558622713004,0.21138516554140013,0.9798492041607534
0.36503329878183943,0.2952445195783036,1.2363762054015932
0.26545395438183456,0.2509936493553323,1.0576122346666659
0.22714722807382393,0.23731875405182823,0.9571398138396473
0.27987480835673695,0.23829533427326488,1.1744871514596709
0.3145234108906749,0.2636772547941321,1.1928348204938697
0.2499317878755083,0.25316459357870663,0.9872304193193062
0.2989891448920872,0.26086769440846264,1.1461332748390631
0.2236300165334555,0.24763661956720165,0.9030571363972628
0.3343376217013846,0.25759360717769775,1.2979267046435121
0.272226656960442,0.2642336990681521,1.030249578007945
0.29109364263900905,0.2484982583816157,1.1714111983512583
0.29059765884279787,0.2338052654168347,1.2429046810588806
0.185078289726455,0.19483806775758844,0.9499082589790602
0.38637917790846577,0.3022614368018516,1.2782946511359232
0.254118952534251,0.2664056265027526,0.9538798255510017
0.29741531184245146,0.26474307882893133,1.1234110940993924
0.19685562868288736,0.2462051560741479,0.7995593261401955
0.31311374608657355,0.2572229629592957,1.2172853561916332
0.3532360068537128,0.3450647115721944,1.0236804721186588
0.22373753685212863,0.22117536050624173,1.0115843660886203
0.33245182724253663,0.2952142274382397,1.1261375514568897
0.288786797235211,0.2782154408606842,1.0379970153411449
0.28825725918749506,0.25000194162995415,1.153020081796666
0.22687534359894704,0.24085955640660053,0.9419403862720463
0.2020564635275503,0.21221752108352313,0.952119610557633
0.2073231882063307,0.1881445388828592,1.1019357215327537
0.3101940717757517,0.24988431950214252,1.2413506873651272
0.36678112516763145,0.2669365212957724,1.3740387541846653
0.19913115821835584,0.2114912611343358,0.9415573823254615
0.17709449949115644,0.20292836467645511,0.8726946564296831
0.29801132982293277,0.2639573747547964,1.1290130844033845
0.2967938423874066,0.24848821700434442,1.1943980522111342
0.28799754918387566,0.24550959554814333,1.1730602567320048
0.25799192390269376,0.24576883271986308,1.0497340978819842
0.2346482663873128,0.24523740228944763,0.9568208772263999
0.35140165182710525,0.29713718175532083,1.182624300840508
0.3259070438174789,0.2761234994458538,1.1802944858787268
0.2365252855367509,0.21839753290798844,1.0830034679759855
0.325045369325891,0.2545203305579426,1.2770900014680482
0.3225027678038724,0.2675426114837409,1.2054258049412494
0.228056473050034,0.241041452227561,0.9461296840957122
0.2205938415554047,0.22893962517175845,0.9635459191038142
0.3507662339775873,0.27441517782902913,1.2782318993890627
0.296531466956482,0.27460659583969965,1.0798410214792544
0.3594191362741,0.32953594299270095,1.090682652125935
0.33454961029358343,0.28767371048436785,1.162948153066503
0.19370641477350667,0.24372195746933686,0.7947844206768988
0.29321546002872845,0.24516461440514237,1.1959942128686667
0.3303268917076551,0.2619688561713047,1.2609395503549865
0.2083537589954717,0.22851782916360713,0.9117615013150725
0.22335559611721545,0.21404630048213844,1.0434919716627098
0.2800254891493111,0.23172925160238633,1.2084166638996188
0.27698809829710747,0.24376078898636735,1.1363111329304008
0.33203703215626584,0.28729102505507326,1.155751496562118
0.3189075485130396,0.262441122133629,1.2151584550482877
0.3446964586303564,0.26710129744258143,1.290508364918952
0.31118672767843714,0.29258604435510105,1.0635733784375618
0.20958947917380258,0.1894095331258598,1.1065413430618272
0.28003953084006405,0.25516016916805656,1.0975048799862692
0.16546531220730015,0.1765086635515323,0.9374345081877071
0.367215431050932,0.28511294277887156,1.2879647885215006
0.1855198807130735,0.20617570823618467,0.8998144461351921
0.36051822798922384,0.2841813674400919,1.268620216859307
0.36573791476289397,0.30565045938479,1.1965887945957854
0.21919694055015215,0.21946879068572137,0.9987613266801179
0.21310616970441063,0.2587275355871757,0.8236702337104224
0.222854375756937,0.2162984833155058,1.030309470232708
0.2593727403399945,0.2186019891037372,1.1865067715230606
0.29245655550147454,0.23543390130679961,1.2422023925958197
0.2699422835456273,0.23101977738865495,1.1684812728889928
0.23462982062360513,0.2293498216686504,1.0230215960777285
0.20459537665689576,0.24020936916218097,0.8517377043638964
0.31322447587049923,0.28591998981680444,1.0954969467898674
0.28033851005844806,0.2707845046464373,1.035282688810002
0.2571578130088755,0.23705926826837156,1.084782784015644
0.2801848880035541,0.2644389653808405,1.0595446385899923
0.2574088574503773,0.24627650573455423,1.0452026541574448
0.2670482579938609,0.2516519426001803,1.0611809916291484
0.2758648028227372,0.24354495674679053,1.1327058729019341
0.18927345326989906,0.19316384918610774,0.9798596065847683
0.26704927781917287,0.20401650868956023,1.3089591598958585
0.28405096230110005,0.22499534938945476,1.2624748159101868
0.2404967161222262,0.22991322391830823,1.0460325509927104
0.24274863388544396,0.21832831246785314,1.111851372557036
0.24859733214216295,0.23251968650734414,1.0691453092695917
0.3020584092116174,0.2718520657120114,1.1111131652448258
0.28685654808930633,0.2600546258230637,1.103062663013263
0.37343901667778795,0.29648128934166,1.2595702666667883
0.2015407148728489,0.2596876163330663,0.7760890477517409
0.41152111682347553,0.31434582317478865,1.309134992370023
0.33439983785116467,0.2610389069242725,1.2810344702683505
0.3555288730795434,0.31490895295991955,1.1289894102337377
0.2941795881088898,0.26532849713208967,1.1087372494422905
0.25839259495252836,0.22912246687519666,1.1277488343963893
0.31769147471183284,0.2713055043521823,1.1709732003794393
0.20415986730979768,0.23224936616773798,0.8790545725853428
0.3214965119664653,0.285941205762987,1.1243448145523651
0.4255061463311659,0.32744146052211115,1.2994876875173011
0.2336970693442898,0.22514912017588812,1.0379657231692665
0.19112129625097893,0.21408305001760178,0.8927437096737226
0.3625951823830882,0.30103801312539985,1.2044830439139464
0.246983451510494,0.23505516914405764,1.0507467349468325
0.2338339640743763,0.2086484459498343,1.1207079113860132
0.31153885795286196,0.28521103551869836,1.0923099710580362
0.21074765791164182,0.20933283489432,1.006758724774525
0.19304710987438226,0.2050843900828405,0.9413057219830531
0.31759272208493755,0.2726070040489821,1.1650204043468833
0.19648194563353444,0.23075391050976518,0.8514782921748995
0.27742517928695065,0.249147418431103,1.113498109006766
0.2246656019752313,0.25556831445484696,0.8790823794196309
0.30635832727044315,0.2444394688531972,1.2533095768361062
0.23749619369181169,0.25262955222781946,0.9400966418910459
0.323912248319584,0.261495236791298,1.238692728380753
0.22485053070071653,0.20019566084739682,1.1231538673164019
0.28135408239567267,0.24720650239964473,1.1381338260302858
0.2608680765148947,0.2308147515238756,1.1302053910878844
0.2854660325877089,0.23996563912057714,1.1896121196096283
0.2166409050582961,0.25272434578842384,0.8572221421028581
0.21303844462289143,0.20754343696369199,1.026476422187037
0.3202483384885392,0.2871649362110894,1.1152069703006178
0.2100830165547342,0.24931811116833139,0.8426303872200165
0.3057907816232266,0.25817763892107515,1.1844200872745094
0.32193132615983894,0.2944676582405345,1.0932654814569513
0.37316528960738266,0.27262605970089765,1.3687807028307866
0.17922741276046222,0.2040109138514561,0.8785187487124382
0.3096164429083257,0.2463502985156878,1.2568137516935425
0.3100787076801514,0.2737201069611636,1.1328313112348245
0.25836903255828414,0.2309136885303306,1.1188987287964407
0.1942851266738575,0.20809856171845556,0.9336207087135625
0.2331654286152009,0.21149388013800022,1.1024689152379252
0.24445741324905362,0.215504071548113,1.134351715459244
0.27666935456044967,0.241128834581601,1.1473922438206838
0.2820151007674551,0.2606418392184614,1.0820024199226101
0.24014920536958828,0.24859405918262284,0.9660295429391947
0.29812926307043425,0.2693473830533293,1.1068578416869426
0.2954943247526775,0.24764450504938526,1.1932197917888387
0.363647563730477,0.3171566462566915,1.146586609558729
0.3675877979749024,0.28428725578417513,1.2930153937465536
0.29241830950780207,0.23477556306099734,1.2455227694708093
0.23854161066206675,0.216448097259871,1.1020730312804272
0.23599455840715386,0.22607710277668214,1.0438675810538325
0.2328799807100353,0.22469828480082288,1.0364119197281139
0.2160193852939419,0.2386056098205246,0.9053407648564018
0.19985364229781846,0.22505366905777566,0.8880265899886847
0.21852138640965862,0.20951337458896602,1.042994924970136
0.27826944044825885,0.24156852010816562,1.151927578658262
0.25133110977344963,0.2412755310809939,1.041676744622231
0.2957109615303324,0.26067808674854187,1.1343913300068997
0.31479607382815067,0.2741465418688333,1.1482766540924172
0.28689981375572715,0.2658198133243342,1.0793018404751968
0.3207820930825613,0.2799152607033044,1.1459971574131986
0.2938141801885728,0.2685711744552635,1.0939900038956492
0.27761890007790585,0.23142103639793574,1.1996268982242886
0.30297000073665364,0.2597738203948174,1.1662838090311969
0.3664560052573695,0.3016764269681077,1.214731985990109
0.2036753146338801,0.23279136763536262,0.8749264060036409
0.3050503317460037,0.2361973304030861,1.2915062639591035
0.3137150105940184,0.2947655917869151,1.0642864002281576
0.3348263537631312,0.2496864849285055,1.3409870937107564
0.3085662432550127,0.2976707444846047,1.0366025179574594
0.38989420420126847,0.320100745345073,1.2180359148522355
0.23608274995585143,0.21801422536436,1.0828777322273082
0.23572533290776346,0.2319534901116539,1.0162612030295122
0.2961459248433266,0.25693947204939793,1.1525902286682952
0.2957870182448896,0.2605232839849806,1.1353573228485099
0.31597107279365827,0.2798900221265912,1.128911528867392
0.377397139354297,0.2742529302071472,1.3760915482990226
0.29140232202579563,0.23184004159165386,1.256911101400898
0.24908864609962672,0.2570279963358651,0.969110951532829
0.3923812526613924,0.31741788114126385,1.2361661896632938
0.285552874339966,0.2518488991323758,1.1338261764244397
0.2921384552029556,0.2275090760342522,1.2840738501305913
0.31167405370358087,0.27691452066007305,1.12552441439565
0.19662173459257498,0.20032246524562647,0.9815261326356292
0.3124612787092538,0.25616194857218266,1.2197802228273056
0.30434281136386104,0.25573265469890777,1.1900819303744588
0.21605049410368643,0.23218343204531447,0.9305164119613866
0.29122549671669995,0.258676815610746,1.1258275931266017
0.425151481951779,0.3404946815332889,1.2486288479963044
0.2759029355877354,0.23669560100126394,1.1656445426979527
0.2787975412757725,0.26506250893966554,1.051818087707128
0.31524538281435366,0.24742460681975467,1.2741068354773843
0.34483656956181696,0.29975588596164665,1.1503913207760608
0.2269172916491822,0.19973841428558495,1.1360723597451667
0.20368938882147827,0.19122744320855503,1.0651681861338913
0.3250021500424209,0.2661548378907771,1.22110179404589
0.3072751369321132,0.24448474686283655,1.256827433510623
0.32468788733917425,0.2716180970039732,1.195383852992773
0.30430266357486174,0.2469242031879772,1.2323727672139282
0.21111219344877924,0.22188284644269685,0.9514579285122916
0.2880750256370655,0.26172309954636785,1.1006862830845736
0.19340838188723253,0.2170827294579431,0.8909432011020612
0.2806272503720066,0.2543873054695768,1.1031495846618335
0.20576352337581877,0.21081835785967828,0.9760227973731583
0.30116298514409934,0.2644404403399046,1.1388688687592283
0.2812493812795735,0.287782018024157,0.9773000523471376
0.2198338029824734,0.23754159211990333,0.9254539426994679
0.21742816553727684,0.22722647158238693,0.9568786771326621
0.19030841920070127,0.18679921517180473,1.0187859677336921
0.29119352448947705,0.25519327160507443,1.1410705409980988
0.29837883220182093,0.2467336951207198,1.2093152986495526
0.30129245429732204,0.25767500295682244,1.1692731186183722
0.3679596227493451,0.29206899937425773,1.2598379956026795
0.2550566387169963,0.22628726269915703,1.127136524056537
0.3090125628446551,0.2690734873440442,1.1484318499560822
0.31170755679331325,0.30010813437670947,1.0386508097845948
0.2730226360554267,0.24302678403107608,1.123426115948253
0.37387597993742594,0.31341069248512793,1.192926689810263
0.24084154337819857,0.2421608895271973,0.9945517785651735
0.37817125725744577,0.30227235471640884,1.251094423147777
0.29519389666841767,0.24266343310917163,1.2164745750366648
0.30314236148345336,0.3016518330167503,1.0049412213139786
0.22010617367011065,0.21025538923404674,1.0468515193448786
0.2097609710580162,0.22026634352046823,0.9523060477849362
0.19850144363733851,0.22651974623700702,0.8763096680747955
0.2654272409482041,0.25654371743983073,1.0346277180241488
0.22623268712266692,0.25517510613025857,0.8865782033110334
0.37166342308910005,0.27723237336491896,1.3406205724750702
0.2926892004683398,0.23678282338333997,1.236108245886105
0.18440664799441805,0.20492349626928213,0.8998804497854962
0.2082541978486186,0.2385726364728764,0.8729173677564454
0.28107958821128803,0.267342561545764,1.0513836127928793
0.1716526495778377,0.19064403460677193,0.9003830092659001
0.31632718076619576,0.27842159219768253,1.1361445722269983
0.1939663358614651,0.20706531026579936,0.9367398895183372
0.1966215885628585,0.23363197455236723,0.8415868116493058
0.2715238776219647,0.22596180184308515,1.2016361854404016
0.31426576784163457,0.26541177690979567,1.1840686630437
0.31395069291217226,0.25973631645427336,1.2087285182064378
0.1783532864706369,0.20612408388930445,0.8652714573927159
0.2670079897917855,0.2591288809094615,1.030406139426338
0.33189993507438365,0.25246170148504904,1.3146545916551189
0.2397769945599052,0.22401243945013327,1.070373570094893
0.29417064724156383,0.22571132709530708,1.3033047611179462
0.2670056705933372,0.2276889339617601,1.1726774153994688
0.36146388780543226,0.2946857868409629,1.226607810577944
0.2449342461317236,0.25115075281891996,0.9752479074124915
0.2109367583567315,0.22771382197909235,0.926323911844485
0.2840845705575753,0.2505823785094537,1.1336973184124264
0.2133622372918665,0.20740278275813612,1.0287337250468815
0.2551670231009855,0.25340206852062075,1.006965036199857
0.2805218772714653,0.23649400446237087,1.1861690866505659
0.31205514688112534,0.2848864542071117,1.095366740934134
0.3318839639728354,0.27202664149734324,1.2200421331749478
0.2847673093430759,0.23997674681825418,1.1866454276036327
0.3258956988128013,0.2927376020750438,1.1132690044009357
0.3283914870473472,0.3010891858146741,1.0906784518308081
0.30706322385803747,0.2512623809750119,1.222081963350395
0.257657948537907,0.24205608975451182,1.0644555516005332
0.31360785134461044,0.26003597967640624,1.2060171509145392
0.31960975265780084,0.26049487663438375,1.2269329699961333
0.28377709605070534,0.24238102210828452,1.170789253970251
0.2898217114047878,0.24907685819172204,1.1635834557608848
0.4264467362044409,0.32391808871013095,1.3165264647694968
0.27987326483908703,0.2271331807726472,1.232198941110374
0.33589896794621854,0.2867794597121378,1.171279729320174
0.29399358049207547,0.24950439361515653,1.1783102342700245
0.21092718982896452,0.22162089274380006,0.9517477671782608
0.2563389979015424,0.25537097225433747,1.0037906643760623
0.27398731695827183,0.23511639274204948,1.165326303976041
0.29653295865127116,0.25904308741688115,1.1447244611243268
0.3312429919251142,0.2619501881691275,1.2645266424135873
0.3664984265194413,0.31046092198324166,1.1804977714368332
0.31404516971789087,0.2570406086483973,1.2217725882662744
0.22588117471184638,0.2128030753604686,1.0614563456342192
0.1928033288248834,0.2223461803221952,0.8671312839532385
0.21318071938005462,0.24082849438678583,0.8851972434693416
0.31495475376137577,0.25007317073762164,1.2594503953877896
0.3240589284370741,0.2819122289737618,1.1495029130759526
0.278298618635148,0.23810704313639613,1.1687962479788079
0.29246406523757573,0.24200038089729,1.2085272930281195
0.3114448303799623,0.23723131782996176,1.3128318521722073
0.24387556463810334,0.23029846457360306,1.0589543664115966
0.30946224864445365,0.25195374410651716,1.2282502478455883
0.2988944714082987,0.24745204250943956,1.2078884796309441
0.2720404827689673,0.24376959532369627,1.115973804722163
0.2614154993991788,0.26168438835663227,0.9989724684795219
0.33266380232840076,0.26725288011811776,1.2447529178408605
0.22602485708681117,0.26685184432587505,0.8470050400355987
0.2069730599447535,0.22518138109337327,0.9191393131163472
0.35495808875841955,0.3029553216691127,1.171651604608894
0.31482130308961587,0.2583539247837329,1.2185659782530944
0.3314818636774312,0.31434264720048777,1.0545239935770219
0.35425194614639177,0.30331080377162756,1.1679503062248962
0.32371345123241485,0.26383669458396236,1.2269462810806915
0.32090590203130853,0.2550860996554283,1.2580297494249588
0.3089380161048826,0.2542906436587151,1.2149012313622911
0.26799838714408303,0.23330628777376838,1.148697661350451
0.23405560309735732,0.23193115614117044,1.0091598170402505
0.21060054761010008,0.23402797246258544,0.8998947663992143
0.31074979569953326,0.2661716772499271,1.1674788200990622
0.19013866492345444,0.2310975787873499,0.8227635526134836
0.2572104014068734,0.2562525661187281,1.003737856376047
0.3839559882400032,0.3033892276413529,1.2655557721182213
0.30349820432077107,0.282095762855133,1.0758694184167135
0.22349482395002757,0.20912267541568322,1.0687259213080367
0.22944234607744754,0.208623681004298,1.099790517418397
0.2697986072683942,0.24039042191844973,1.1223350960294123
0.23922045257056018,0.22881466451366386,1.0454769281462506
0.27542228297477,0.2956452956821603,0.9315970421219505
0.3282536888990504,0.27390056640265564,1.1984410737453215
0.23344427633903186,0.26395728478994307,0.8844017187281138
0.16360395864347563,0.19458065559384027,0.8408027927759472
0.36985860414150007,0.3233604490752041,1.1437966677720746
0.33928791343617476,0.2851187690822096,1.1899879987849775
0.3037467969342109,0.2637127947725368,1.1518091004882987
0.2746717173874826,0.253014158609887,1.0855982087982219
0.34247758121070015,0.27581146336932394,1.2417090175548915
0.34762438708688986,0.2987993657730676,1.1634040326273782
0.3750980752119707,0.29422532080386776,1.2748667388216162
0.31674018064619425,0.28671286805606555,1.104729560252095
0.20474243622163943,0.23014824298317232,0.8896111200666846
0.38863693277428674,0.28098474623620645,1.3831246641680106
0.22782627356090662,0.23631075769171528,0.964096073265199
0.277693747791239,0.24408994385152144,1.1376697598003405
0.4010966437122677,0.34233652834977374,1.1716443046429954
0.32287738213872597,0.2500386448975022,1.2913099183971437
0.3142862851194908,0.279847965631105,1.1230608177219426
0.34212405155153397,0.2756345737278122,1.2412232867759898
0.2243751333804745,0.2402217914629446,0.9340332199424359
0.33556273623577765,0.23753032249310563,1.412715364984685
0.37492006271895506,0.30084613084993983,1.246218662210294
0.21923801052350456,0.24881884559909392,0.8811149734081996
0.33763023350540394,0.272407270714672,1.2394317986433208
0.2702993341147894,0.2254702119823697,1.1988250320886071
0.2527771108304525,0.2111175466090482,1.1973287625331794
0.3030225889289879,0.2549873662149317,1.1883827556913813
0.21457300712122937,0.22454604665126918,0.9555857710310598
0.1989052693024213,0.21145166291001707,0.9406654294653863
0.22354970348568093,0.22478129706883154,0.9945209250092837
0.2643135721908268,0.22222672683169756,1.1893869651016529
0.33789423750469405,0.2798504486418742,1.2074100261211256
0.23890013025675935,0.25915564855220424,0.9218403364595597
0.34860265953656916,0.28986820745042563,1.2026246776172875
0.36351627278936777,0.3034787453565425,1.1978310782927815
0.23379099936591888,0.2495481985813318,0.9368570909147341
0.3106546735540347,0.29729697733483423,1.0449304810931737
0.19353703114340645,0.22140526184522782,0.8741302240535616
0.1888168977248823,0.2079058200616132,0.9081847620664305
0.22624694048944374,0.21829829746254403,1.0364118415914974
0.22968230443834806,0.21681234135041352,1.0593599193098238
0.2615300743803905,0.21927836613469304,1.1926852566009367
0.2252961858115633,0.2700640853305406,0.8342323102156128
0.21110402424432026,0.23378092811588513,0.9029993419295352
0.30080633935427925,0.2840502724093429,1.0589897936122705
0.26901971917819784,0.2412753421947167,1.1149905196739522
0.20400838070366908,0.20242555666782477,1.0078192895299365
0.2562516889004185,0.22576589075707285,1.1350327901221748
0.3424017433488767,0.29731045679859947,1.1516639779031466
0.40572038358861073,0.3059713768891534,1.3260076406937704
0.211401715708411,0.23744548980407207,0.8903168296978348
0.2632348108402534,0.30955847013129817,0.8503557041375843
0.3350145819841136,0.26146583206467044,1.281293924099619
0.24499445206058185,0.23298890651011275,1.0515283999152467
0.2902238652774233,0.2616277125693685,1.1093009315688327
0.2692296599836873,0.2715379734477865,0.9914991136054012
0.29892380840386623,0.2355752909138895,1.2689098557162886
0.19543668283985327,0.21112955310846046,0.9256718444312458
0.2755244015695429,0.236574829544104,1.164639543862284
0.3450048189174125,0.29314198314181295,1.1769205325683765
0.27482559506014076,0.23592296834200804,1.1648954613937255
0.2846388629154045,0.27567919636909416,1.0325003361309668
0.2555283417008264,0.22142725609529906,1.154005817562273
0.3099084760203978,0.2548640332510306,1.215975718767468
0.2802838662523654,0.2492311931234043,1.1245938469410837
0.2504767668825813,0.20490058236944048,1.2224307221878263
0.24022725720486332,0.27419542115929624,0.876116954065769
0.3205335264141479,0.29866505322971043,1.07322072987099
0.24768212080264806,0.23321812270210227,1.0620191858718508
0.2150538292609682,0.2160843240463413,0.9952310525535758
0.2863708221941656,0.25246345601233205,1.1343060366731939
0.33255339538862877,0.2891090280176706,1.1502698399591411
0.41141920497765255,0.3337695812279069,1.2326443993610203
0.3151306809216284,0.26409275680206645,1.1932575688087277
0.2715139486582031,0.2546285392751136,1.066313891723055
0.17891981090869638,0.23274170124284546,0.768748401997841
0.38579367738125714,0.3251060648620282,1.1866701949869318
0.2686623740992796,0.22374959658454383,1.2007278591796946
0.23735554370899467,0.24408988998814846,0.9724103842257426
0.2649001852481035,0.2378422998382935,1.1137639748194765
0.25064491860176463,0.2282303712669971,1.098210186533613
0.32047642761967526,0.26888654655111976,1.1918648654247468
0.19975336119564877,0.2268142787499856,0.8806912964057005
0.24702278405324343,0.2138882652387825,1.1549150851145102
0.1908198539795388,0.21750907146819543,0.8772960717982782
0.18626807038577098,0.21640354254837485,0.8607440903798173
0.32782963620703587,0.2398783496750539,1.3666495398651997
0.3742876747314266,0.29029664868969596,1.2893282661747514
0.36889359825310575,0.31122121742463554,1.1853099261859805
0.22679508082058786,0.21363515950844275,1.0615999788725088
0.2555969415329729,0.22405888629807508,1.1407578862680832
0.24645395583043375,0.22635487525279455,1.0887945556957517
0.2498341909849475,0.24039785718581333,1.0392529863185944
0.29317729204989273,0.25677047421670546,1.1417873995997732
0.2116665367607698,0.2274690891640307,0.930528792015932
0.2997210220900937,0.23392528411780167,1.2812681759495403
0.28805251986809316,0.2766593442958827,1.0411812425898965
0.30638794565415756,0.2684442102223255,1.1413468198863632
0.28711625810515323,0.2521522916634385,1.1386621006339417
0.27695506094563277,0.25255366385403183,1.0966186620270304
0.23996935450809884,0.23742904520038433,1.0106992356624716
0.31121905737908556,0.28048231527100614,1.1095853122803165
0.33071094608208695,0.2829361218202554,1.1688537467555384
0.30984935748783005,0.25465276544825577,1.2167523762893906
0.27104962891665213,0.22135203753340088,1.224518337111544
0.3826182452176915,0.33082698396748267,1.1565508974784822
0.24890337342036323,0.2396076167612469,1.0387957477511198
0.31400036861365993,0.26611435744159606,1.1799452371996628
0.2785082483762673,0.25837648623169124,1.0779163864258279
0.29078546308634745,0.24344261530184566,1.194472310140939
0.34035360436130957,0.29435275910662256,1.1562779482492442
0.27450279979884057,0.23707504296767787,1.157873036160392
0.36570116037597183,0.2936257897317647,1.2454667579099574
0.2832077986788297,0.23687363249523444,1.195607107872285
0.2958125913524087,0.24365346842561134,1.2140709232001836
0.25408318810957514,0.21330958785825185,1.1911475272195364
0.26204757750656255,0.25907037442027653,1.0114918700872229
0.24218660135098694,0.2682647304552049,0.9027895725988009
0.2406180272884813,0.24750176070862967,0.9721871335361844
0.3511120408031954,0.30163677096109454,1.1640226743061186
0.20090539640094165,0.23440404332318399,0.8570901489269271
0.23824491085691268,0.23153277593190452,1.028989998923445
0.21518987457331482,0.26685940598469265,0.8063792009851747
0.27690799222702545,0.23882493988200365,1.1594601148600205
0.22450394042068392,0.20928326139517073,1.0727276463681124
0.30656001994408955,0.2549862535093109,1.2022609678952572
0.42089866646937013,0.33494861100909845,1.2566066931919206
0.26336332508026083,0.28831680588174635,0.9134511749144438
0.33969622855377113,0.2822766323286612,1.203416045286579
0.2868630980363257,0.23875622954297648,1.2014894798156037
0.21714177596831558,0.21300991298099153,1.0193975150240673
0.18622556069875015,0.2011737583258219,0.9256950918873744
0.26647976467960394,0.23662789021312777,1.1261553506629711
0.41705126886474203,0.3257181595544294,1.2804053339711026
0.23018729660738302,0.24340789440760283,0.9456854189861196
0.315806829532308,0.27217059831836565,1.1603267637413937
0.25829626441995346,0.24239801984998396,1.06558735331175
0.2994987862545066,0.24737135526919946,1.2107254129265694
0.4064646952548698,0.3216866452717417,1.2635423360876938
0.21551070970601185,0.22233561556169595,0.9693035871088757
0.23437488518987504,0.1969199061897071,1.1902041277842417
0.3384823242801177,0.285440578960809,1.1858241232287836
0.3409980437442813,0.26457906869262715,1.2888322777355956
0.3757298160040572,0.3115132993522985,1.2061437402039603
0.25940031014782544,0.22605061572788365,1.147531977794246
0.3281378133541933,0.2527112781227051,1.2984692087816694
0.2649396934291348,0.2641276299967856,1.0030745114865838
0.30855843385756576,0.2659692218816968,1.1601283474627475
0.22570357624669857,0.23150808126743394,0.9749274194276176
0.3411707300323344,0.30721985917435385,1.110510013738118
0.35025485743425944,0.28513520594845604,1.2283816593927552
0.22454525690713556,0.20882311560876515,1.0752892765369242
0.19959623482578534,0.24625382175802615,0.8105305062916446
0.19609678679476816,0.20605766664587194,0.9516597464523249
0.28082678777004666,0.2436513188242715,1.1525765143614397
0.2863247203167589,0.21082142846898763,1.3581386028739388
0.2641379158193151,0.25969807303077636,1.0170961714760687
0.2510266525755981,0.24157479788852834,1.03912599646024
0.22637302733562092,0.2096970281100682,1.0795242516112322
0.29411058444975624,0.24272183907711828,1.2117186717438746
0.24195603063515891,0.23406856111046398,1.033697261551382
0.23489093039443576,0.2242233222979867,1.0475758185505435
0.3210149010398477,0.2625823089868945,1.2225305744259778
0.2947004031286939,0.28973953684967413,1.0171218133809388
0.24750648383664417,0.22004050962699143,1.1248223531940211
0.30974596061089443,0.27866528961217296,1.1115340595234426
0.279364071991268,0.2633135729185212,1.0609558364000986
0.28583467087208336,0.2537384556381023,1.1264933025357364
0.29223889406749554,0.2659177665476115,1.0989822074004647
0.32871324798050994,0.2744529360684456,1.1977035213736331
0.28658676274513795,0.23896192563071084,1.199298850596082
0.33852258486839515,0.28505988553449285,1.1875490100392718
0.2332974281834289,0.22275190814722523,1.0473419964116928
0.33782141281528877,0.2967318510526278,1.1384737149615038
0.32997313138666795,0.2919056063558686,1.1304103936407113
0.39385717334551473,0.2827097966292188,1.3931500713506175
0.29858888339860057,0.25324704501765166,1.1790419247647628
0.32492467324866803,0.28942375269190557,1.1226607015719043
0.3284089392392238,0.2538606944240462,1.2936580827698085
0.2864998024258443,0.23087741794967437,1.2409173879807258
0.29189036948829683,0.2456380899522797,1.188294411282072
0.23018732634070976,0.2564200726783499,0.8976962058249389
0.3246457527089283,0.247493824935674,1.311732738355419
0.30450459530451035,0.29037230169775563,1.048669564983043
0.22837660740254342,0.2144488061227514,1.0649469751387644
0.3522132049276824,0.31007872653542523,1.135883163811444
0.4161213884184092,0.3560551989833629,1.1686990938667714
0.27294354626217976,0.24323789290836514,1.1221259278257505
0.326132003474181,0.2953202524032722,1.1043333493729852
0.2604003467205741,0.2115521408179191,1.230903859983616
0.2479144607726786,0.2656998060481226,0.9330622572143588
0.24474423778913446,0.22491256971886373,1.0881750099385727
0.31687628879647073,0.2769018019865336,1.1443634043662931
0.3390332031122844,0.2899085734015465,1.1694486959607653
0.27631263334533684,0.2420003325151513,1.1417861722484919
0.19340737371715086,0.22408356341895994,0.8631037938090308
0.261240798113386,0.22523422793338724,1.1598627815602152
0.25408401176625883,0.27542118528548426,0.9225289314723243
0.26850360066146045,0.22049934805141147,1.2177070047338932
0.200901841590836,0.20914530118895833,0.9605850117059309
0.3347942659220908,0.26834123405012317,1.2476437589146472
0.3210311416133311,0.24968637820275819,1.2857375076850899
0.22043717401272686,0.23274903410325523,0.9471024224097685
0.3734650375950698,0.3024842475277576,1.2346594596163183
0.3144745465317091,0.25596193487590946,1.2285988800802221
0.2307397828208766,0.2526105740402527,0.9134209195221927
0.24246795246731234,0.21281127151998067,1.139356720795436
0.22601918590588901,0.19588835300962695,1.1538163572940003
0.253569578574023,0.26086032439402623,0.9720511509868759
0.26804481441955325,0.2392595016904021,1.120310008696745
0.21198271741932367,0.20651270397858157,1.0264875396784763
0.229492426297843,0.22674507987165224,1.0121164544242631
0.21542485315597318,0.21162078080677796,1.0179758922289799
0.3242965034650201,0.2627065830560711,1.2344437649505093
0.3400506218973554,0.28869672706541755,1.1778818047365713
0.32016763277179494,0.2796985837516028,1.1446880727009052
0.32524892001764694,0.2796914164031548,1.1628848829197687
0.1792983524084693,0.20733384791969744,0.8647809038778532
0.3547500780034651,0.2900913123782691,1.2228910790023357
0.3017091996173197,0.23783451470154526,1.2685677686265584
0.1988283873817302,0.22524216831879101,0.8827316344261226
0.2734620927683599,0.2373994737170846,1.1519069039481196
0.2775497317651593,0.2286929871966291,1.2136346425285154
0.28525015701134504,0.2549319367848949,1.1189267245556287
0.2011283351404016,0.22113625286342278,0.9095222178003605
0.2520720132549223,0.21397055638655071,1.178068690906888
0.2162068217263417,0.21848069499710193,0.989592337799958
0.2627432646671362,0.22690459968138832,1.1579459607080302
0.2447129814674318,0.22139681027635,1.1053139436018897
0.2559175393437368,0.21834266780338113,1.1720912908062113
0.34186240976216264,0.25632475836184954,1.3337081128915411
0.316574404384387,0.28075343306997436,1.1275887205464188
0.26365390359038965,0.24324124926957155,1.0839193779102647
0.30065367480415534,0.24617300712082646,1.2213104853392343
0.32083962025401447,0.2795216109992461,1.1478168686387538
0.3291287955324889,0.2759598500016483,1.192669134769145
0.2981635020244178,0.2443808900760379,1.220076995102382
0.320518420663283,0.2672859828282713,1.199159107678359
0.3322671316400634,0.2636531418361182,1.2602433990587312
0.17758599347148354,0.19348592903205475,0.9178238146819603
0.2744624710616048,0.26219250723241566,1.0467975380330479
0.19394768234208512,0.22886727036612822,0.8474242823441691
0.20400386203801935,0.23678323911216706,0.8615637779217146
0.3350443695587254,0.2548259549400025,1.3147968763135214
0.23355156809912997,0.20878231601698083,1.1186367339661785
0.25337693205517675,0.2683422920731816,0.9442303339425768
0.33229760906230654,0.30371232847903284,1.0941195924657603
0.2280855222076092,0.2173675981848772,1.0493078274417704
0.4522940446235885,0.37027961409837873,1.2214932375494472
0.2997167873870338,0.2730268853469934,1.0977555818582476
0.35049877333134616,0.29711776605607554,1.1796627915719988
0.3118558082031895,0.26323473784327533,1.1847061324742867
0.3188643385793175,0.2614262325838199,1.219710567787345
0.3829365019131395,0.29761538360619477,1.286682486883278
0.30117714343780466,0.28845569977643615,1.0441018973493263
0.2546531855204698,0.2444278928761894,1.041833575227275
0.20606754970956526,0.21102815275786505,0.9764931693545571
0.3045880593323449,0.26470056885257215,1.1506890999618082
0.24996166821633456,0.24141521310184752,1.0354014770017061
0.22622108032089616,0.2012548015734254,1.1240530837141895
0.19054361601608027,0.2621874533306366,0.7267457446782991
0.32730444754449495,0.2767856299404695,1.182519654704946
0.2710628948167464,0.24414657124015465,1.1102465762261946
0.21234609557723733,0.23878663164087524,0.889271288422028
0.23242941530174724,0.23283017282048388,0.9982787560826765
0.2927335994772649,0.24180395414557082,1.2106237075884765
0.3050202311381336,0.25644148532651784,1.189434036968559
0.2000055703454679,0.23733604741365388,0.8427104627594874
0.2460566561463363,0.22018776308790544,1.1174856072637571
0.27214079365248933,0.24727194827905744,1.1005728532755616
0.3229552040521323,0.26638762330737725,1.2123506341714805
0.24965758498008925,0.24262630814967628,1.028979861598831
0.2421501839031858,0.22427222301532257,1.0797154486966574
0.21890328162363143,0.21819738245816797,1.0032351403922033
0.2716890748909533,0.2275226756710034,1.1941186701048394
0.19221552077325585,0.2309040265623268,0.8324476780891997
0.31534151402706967,0.26821211143193446,1.1757169068298972
0.28354801556538833,0.2559155890512301,1.1079747686203933
0.1775122311629696,0.19893750348698094,0.8923014919335536
0.2632216153779131,0.223305579705049,1.1787507312875336
0.3777469381922325,0.2833532946992754,1.3331305661828907
0.25292893864536475,0.25718789395107766,0.9834402963518841
0.2776579986357747,0.23761065073548102,1.1685418889108479
0.3539487961541979,0.2746972267761295,1.2885051673370411
0.36332506877025694,0.28505834339424485,1.2745638820603356
0.28581062583529004,0.2252808618109823,1.2686857797760651
0.23630011695705902,0.2293116330240327,1.03047592414247
0.3829463084464159,0.29764986209973854,1.2865663895993866
0.267966246738826,0.23695095248352013,1.1308933090592366
0.33133312662504644,0.2712616292235318,1.2214522473136553
0.3066506863799282,0.25774570199952557,1.1897412216809444
0.2597885360476065,0.2646496311910144,0.9816319595023377
0.3147823877649739,0.2678489403636616,1.1752235694402609
0.2082159135080047,0.21121046594919132,0.9858219504998063
0.30321212915872914,0.2538787811860913,1.194318515876586
0.23473972039875454,0.22463346696945086,1.044989972178447
0.2908540760504481,0.23951051111823946,1.214368733516091
0.2732136423399526,0.23187486374625813,1.1782805515259804
0.33318000476556703,0.2752259445923832,1.2105690299619656
0.22837211660798534,0.2178163424404762,1.0484618098405254
0.2713461774527769,0.2422506215021886,1.1201051859853555
0.32178874989138734,0.2550749961551103,1.2615456424263105
0.3165950667532516,0.26443321043807183,1.1972590970278132
0.35925640166827777,0.2785041818076931,1.2899497570788507
0.33091982474179,0.25637511345389774,1.2907642254492737
0.37085204038593794,0.30127455452641544,1.2309437847112377
0.22362418225960515,0.22277232717172743,1.0038238819816299
0.42805939968151274,0.3297459561253006,1.2981490499882093
0.20134591063503257,0.23539849118668954,0.8553407017182171
0.2910135996573974,0.2681779872476654,1.085150957556569
0.3605593672416098,0.3192689445873245,1.1293280269011312
0.32029428028417994,0.26620807661680485,1.2031726623577612
0.31321931663307206,0.25347536232284695,1.235699255985796
0.27208347858523707,0.27037322419693893,1.0063255316549111
0.35004002778154464,0.2748750230271066,1.273451563283819
0.2387469243164364,0.21472564690597187,1.111869624130104
0.3216246360853838,0.28485087596963854,1.1290982869214166
0.28348217531200853,0.25061270468090047,1.1311564418609983
0.2554253812914327,0.22031676779833712,1.1593551586832993
0.15854282732423242,0.19248898782016471,0.8236462205949832
0.3396162998907114,0.27884861031272573,1.2179235876766084
0.28729286933925874,0.2527435097311317,1.1366973167575327
0.3513500526712697,0.31961262462448076,1.0992996696675479
0.278316967606193,0.23121199639524542,1.2037306538819206
0.24234430510973262,0.24043646559735127,1.007934900838113
0.3034604522205482,0.24935350236397513,1.2169889307493844
0.27665133033885136,0.23763756432560032,1.1641733962556362
0.27666931827818375,0.27322939361751686,1.0125898777401758
0.2867234266894926,0.24081079678735284,1.1906585191140027
0.16453063351501512,0.20091085975090334,0.8189235450936114
0.2657636645383038,0.23309568274734074,1.1401483777216623
0.33353130477609644,0.26394271493295046,1.2636503525426857
0.32965573842089396,0.2674386656609522,1.2326405293945717
0.2696143470125342,0.25219060876835603,1.069089560191285
0.5277393987929659,0.4085329199258732,1.291791611037667
0.2989194774448237,0.243863969159035,1.225763192798213
0.3151145908445751,0.25344347503474823,1.24333282125875
0.2527525991969604,0.2599828666678945,0.9721894463138984
0.4260206857037219,0.3419735191672169,1.2457709788207547
0.2462199514759419,0.24930789953265278,0.987613918120928
0.2771670867103272,0.2614721522242621,1.0600252621648354
0.2945092555914297,0.24498080239290598,1.2021727936015527
0.3107017202790157,0.28438265122471373,1.0925480824549496
0.30981343393982563,0.2793221985445698,1.109161518683917
0.22635398977380916,0.23436592111031146,0.9658144353985184
0.3661308924089372,0.29498491946060484,1.2411851191526213
0.22981699546373308,0.22563979282829347,1.018512703734923
0.2942237771620477,0.25830377560992107,1.13906107824909
0.2812765684021446,0.2424712740762427,1.160040790290482
0.25948460048418137,0.22546942227082042,1.1508638194517744
0.32475744583202926,0.24765530951172574,1.3113284204256197
0.23591361021443122,0.2548830224596951,0.9255760071337685
0.2161408348786047,0.22542005654252067,0.9588358648904621
0.4119609888767153,0.31280363511560116,1.3169955289185469
0.28901139180110386,0.2637140075806897,1.095927343611711
0.2182435935142027,0.23203361516426613,0.9405688626611238
0.3309528351580614,0.2591306962988713,1.277165692390041
0.25512780709783367,0.21712966174631348,1.1750020934307717
0.27422542928482735,0.24076035702820228,1.1389974357477175
0.3336977430659794,0.2770478909281669,1.2044767493014437
0.3412354583662739,0.29066360394087704,1.1739875709918037
0.2754960583160299,0.2672305084945438,1.0309304123546765
0.27353577021884967,0.2697017429487479,1.0142158045705711
0.280242165675433,0.25999730170387525,1.0778656695238156
0.25372035513015445,0.21789234603886837,1.1644298652183724
0.29169946454501894,0.2601468206517548,1.1212878320565833
0.24707514171391243,0.22140309051763632,1.1159516388694273
0.34560634968921217,0.2943708415124136,1.1740508941495755
0.1952275816566842,0.2307871088621495,0.8459206522375337
0.29304858458475375,0.24075291761813367,1.2172171680576183
0.22039913528876348,0.2074626105873262,1.0623559332682357
0.3356653935958934,0.30806188644482724,1.0896037723771126
0.2692367656511454,0.24638485560899184,1.092748841992217
0.24805025302710434,0.23377620577414274,1.0610585974979512
0.36853508654785017,0.31169442739057507,1.1823602033348186
0.3010101463755135,0.2655418937161775,1.1335693293550357
0.3355425200770842,0.26885407300507963,1.2480470030697455
0.3483865943298787,0.25856501575614516,1.3473848861999373
0.23551879838562184,0.23394859603109375,1.0067117408745612
0.2581893109481236,0.22914537750233357,1.1267489388717615
0.38597172870435265,0.294664889393574,1.3098667082416569
0.26703878746641085,0.25024106205586555,1.0671261753468553
0.30880531445734954,0.2808582943106672,1.0995057675447146
0.21291574208753025,0.23053900916442524,0.9235562469849703
0.2673257798841632,0.25981859604093,1.0288939435345519
0.3182418118906456,0.24915991094390344,1.277259293780593
0.21059377449591735,0.2406233880470997,0.8752007699878934
0.31768284547091186,0.25962970215194026,1.2235997762882993
0.2895205470662508,0.2779964120229546,1.0414542582022412
0.321521162385387,0.26719432574881624,1.203323317156227
0.25080522143842854,0.2593844805580818,0.966924547292905
0.4396453658203514,0.36946073920428235,1.1899650468064011
0.32292380049589253,0.2526684400833593,1.2780535645423499
0.27381164472778247,0.21794277651699537,1.2563465011488022
0.2867341543272359,0.26081275928746045,1.0993869897722512
0.2501405266263221,0.2457351933656429,1.0179271564660428
0.3307422080613022,0.27776259878736054,1.190737016089412
0.24516828903424856,0.21424449403418103,1.1443388085162827
0.22198197330717465,0.24722853404632236,0.8978816873362305
0.2796600026196222,0.2383932420061282,1.173103735098469
0.2091437981429155,0.2531748690342765,0.8260843540304161
0.2197193489016502,0.20838235903056848,1.0544047486736565
0.27830303887788843,0.2850315269752633,0.9763938811654376
0.21108635649054366,0.22123143749410626,0.9541426791848565
0.28335826392642777,0.2652753978209499,1.068166389548431
0.24393168906239773,0.2490882458850368,0.9792982731709508
0.26543938215110874,0.2690957659399809,0.9864123325162697
0.31899698452461434,0.259444091381339,1.229540371592979
0.4215162014151358,0.35894289544683905,1.1743266317902763
0.3494240460119654,0.2919954674985753,1.1966762669481172
0.20624862741487407,0.20666324915080203,0.997993732617523
0.29607791540156747,0.24107254872749673,1.2281693497016437
0.23749499772939406,0.21071734975811957,1.1270785153762246
0.21028109516536325,0.20262300690769058,1.0377947616835115
0.24964587834529373,0.23050594877969474,1.083034427818138
0.33683042044222616,0.2998078779240253,1.123487557346918
0.3659694671621105,0.3137285787022734,1.1665161926781729
0.3174021528856784,0.28016172155432567,1.1329247661841324
0.32609819894692677,0.27383231321856005,1.190868218268494
0.19064501360887587,0.1989243815435643,0.9583793204712051
0.28312615020884885,0.2294280404483616,1.23405207861928
0.2900837358973386,0.25761503468315133,1.1260357387685913
0.3454870046303127,0.30712698882493467,1.1248995275607108
0.34712833518202024,0.28389669082197083,1.2227276555319253
0.18775219354182915,0.22505917796354138,0.834234778784468
0.29554966490027773,0.27767483420254885,1.0643732470357403
0.22532208535471443,0.2546577996140739,0.8848033937942726
0.25556659440370877,0.22993542139042822,1.111471181161597
0.26620690322195706,0.22628956955976579,1.1763993530053034
0.2927943829932887,0.26206523831086825,1.1172576144798296
0.32627076547647993,0.25859657366114386,1.2616979446294367
0.32596757969855916,0.27068828245329507,1.204217547742585
0.3491068756603364,0.2671595291868351,1.3067356299171806
0.30652798189551084,0.24962143238920434,1.227971408390843
0.26988927986967015,0.22946092839607155,1.1761883897018641
0.31746958305133904,0.2403657805256524,1.3207769523476656
0.34272054394983603,0.27581166089766,1.2425890291745227
0.29793039960742435,0.2642662868530069,1.1273870880591834
0.3044362864274611,0.234931134604871,1.2958533016047036
0.18110880761368067,0.18492021766923533,0.9793888948239717
0.2860233931624369,0.2501451841694641,1.143429541176642
0.17893933363981773,0.2003561534330722,0.8931062539069526
0.3641191460641164,0.3182102704494194,1.1442721366279545
0.3516570399661922,0.2859383894395787,1.2298350027620213
0.24785653833906698,0.26353040000181016,0.9405235158348505
0.3686104930225181,0.2866654338934091,1.2858560867145867
0.3451270286291506,0.2624423130382392,1.3150586299659073
0.23486857937106834,0.20888153443641064,1.12441044635551
0.34551403573896344,0.26633340357211593,1.2972989159634551
0.3440647317196076,0.2694205226455859,1.2770546517431183
0.3050992736888071,0.2635032437151511,1.1578577530477068
0.2991971003763126,0.23080819889874954,1.2963018723072475
0.27812275926273283,0.21457100315871883,1.2961805424240134
0.35598956843982504,0.3039354646208809,1.1712669624911154
0.23613631212294928,0.2428194033863416,0.9724771119186094
0.27111828322066195,0.23394196942646042,1.158912545215141
0.3924909113307163,0.34111569062763064,1.1506093742230343
0.29899792083314625,0.27724659114603756,1.078454813807436
0.21611959596003422,0.22201494606638217,0.9734461566178285
0.2640811168361317,0.22005027159550244,1.2000944825988082
0.3209083853484901,0.2580707490827409,1.2434899595908973
0.3461033222199357,0.2775862336070277,1.2468317240468993
0.38679074972866456,0.31070145418156886,1.2448952025265718
0.3234012311712521,0.26557641068249643,1.2177332705873742
0.34771701473960764,0.2755184018736745,1.2620464272982983
0.3593955805190141,0.3032678410785314,1.1850764632374866
0.3206918176868481,0.26282302623188886,1.2201815886706273
0.2852591103259464,0.2400370891145892,1.1883959740478651
0.4133769474697916,0.32150199594740686,1.2857679040269914
0.29021274676160425,0.2531183188210212,1.1465497563090736
0.3289505709641736,0.25648344546857477,1.2825411416444723
0.21145545967845358,0.2225108992448523,0.9503150649971837
0.30187508068714114,0.2590775197413724,1.1651921053918224
0.2671370202739539,0.25828810212300374,1.0342598752254415
0.22088862867091397,0.20885845522590113,1.0575996477231482
0.3044006929616097,0.25904011364576207,1.1751102509855995
0.25663561076969615,0.21522747477550572,1.1923924259083625
0.28104467818641693,0.23838769280251368,1.1789395454204146
0.3285024052999818,0.26930947667304184,1.2197951938349492
0.27827873202387543,0.23601101335482064,1.17909214518523
0.28636651542976094,0.24663016245344357,1.1611171666150866
0.2809413084552561,0.23922110157607993,1.174400195485714
0.34608081392873097,0.2807849154599734,1.232547743392097
0.17699772687657514,0.2002698951946727,0.8837959729520215
0.3037743036872434,0.24713763680715184,1.2291705448502233
0.3824216064064975,0.3167733962568655,1.2072402888795597
0.20363584603397966,0.22210052446813897,0.9168634181374564
0.28856663780654496,0.22569857557021766,1.2785487771798907
0.26212356711341084,0.22974309928241152,1.1409420693467518
0.2637774559483866,0.2562669165767673,1.02930748717761
0.2480885357080898,0.22041490016317933,1.1255524718357195
0.24418679631448625,0.22602017795792262,1.0803760908459494
0.2836111757508596,0.27360169949165697,1.0365841158070286
0.2624480900261381,0.23083196345490553,1.136965982085098
0.27375405380617696,0.22512485679428967,1.2160098964830115
0.27076306318740273,0.26572674686938175,1.018952989781253
0.2840156918066703,0.24584113717744344,1.1552813945929366
0.3431371344329329,0.30722335363055137,1.1168979518580784
0.20336392876406656,0.26104602273167954,0.7790347718612727
0.24818946863919122,0.24078560930804221,1.030748761740479
0.3013549340060158,0.2621978990146694,1.1493415284351904
0.37702506995365315,0.3074298530225445,1.2263775500227854
0.4003421262333011,0.30012512087056287,1.3339174177491113
0.2693924781538112,0.2392392041439327,1.126038180563991
0.285306017085953,0.24536210400385086,1.1627957717605617
0.3124571615612039,0.23444871726384503,1.3327313760030914
0.2577461029357957,0.22813124161124934,1.1298150183875826
0.2215485212106737,0.2618768111789264,0.8460028217592028
0.32627239459129237,0.24744214762651268,1.3185805155707162
0.3627846137937776,0.2811122534049193,1.2905329077605732
0.1807046218662751,0.2017744223580335,0.8955774461127107
0.31474147217483905,0.274363594817407,1.1471692240521345
0.36802519689940977,0.3175571695769164,1.158925800320403
0.24810893634943507,0.22822530793333046,1.0871228024453494
0.31351347996560014,0.29834896944363637,1.0508280975471196
0.20725906548015988,0.19133873299013895,1.0832049645214354
0.3726496475629589,0.2917359993440214,1.2773522924866134
0.35069123064471175,0.2886342383164091,1.2150021864705947
0.2686302902409096,0.23203826611549735,1.1576982311495059
0.3064785337439432,0.26664922194642926,1.1493696906624231
0.18866070629985252,0.19904450699746973,0.9478317645924828
0.2288477307725834,0.223471356649366,1.0240584484912452
0.3223926451174597,0.2844894609971368,1.1332322961542127
0.22354586197321202,0.21370146414600738,1.0460661225066696
0.35629522855552315,0.27652842808817685,1.2884578667691664
0.31065253990338926,0.25025227078456,1.241357526664872
0.30649821298100527,0.3001463617684755,1.0211625127657866
0.3616583041802831,0.2983766252147717,1.2120865832568526
0.29815089530665134,0.26759637953841253,1.1141813496167008
0.2475607962782679,0.21653812911769374,1.1432665336445786
0.27144038743373194,0.2585330661868722,1.0499252240234913
0.27624249709110327,0.24541113758799868,1.125631459949731
0.3030537103347041,0.2883656429174197,1.050935566625358
0.33515008015307846,0.2840096362930517,1.180065875677747
0.26375290155337894,0.23998922532050834,1.0990197630795047
0.24777825931433306,0.24421314424482968,1.0145983750404903
0.17208470148687288,0.18948963561632454,0.9081483582316192
0.25413060334550075,0.23854352895585806,1.0653426838190485
0.21501847608510205,0.25166149729409154,0.8543956004276313
0.2752166254249296,0.26928820983407153,1.0220151323910949
0.27247318390187697,0.2552079145111249,1.067651778840109
0.31165240180401466,0.25486145872890964,1.222830644375744
0.33972606608429523,0.27588662924349766,1.2313973570080226
0.2304828919682303,0.24816695356112403,0.9287412713935818
0.3554359566583688,0.3003666877942613,1.183340134248934
0.3389742321536854,0.2766709212916519,1.2251892268662259
0.2935581383567011,0.27100478335574857,1.0832212432625097
0.33721247932770104,0.27926778575826816,1.2074879256556619
0.2054334795165709,0.25116900533914155,0.8179093564477984
0.386742681238903,0.33029972168685845,1.1708840663376503
0.26017407280876126,0.2229508576554547,1.1669570395231708
0.2249998399386805,0.22888840498470342,0.9830110876683212
0.31013910139254985,0.2677318093588994,1.1583946716499522
0.35026223773832516,0.3001414075023329,1.1669907216504363
0.19610147392217026,0.20319314991003046,0.9650988431893485
0.2724866337300821,0.23644814225223723,1.1524160483333374
0.28977185212142215,0.24183876830546033,1.1982026461341333
0.23141841304412392,0.22177763714607582,1.0434704599711202
0.1972072697360014,0.21853162324636366,0.9024198274209401
0.4015146080360707,0.30742187123762577,1.3060704055298482
0.3014367311950015,0.2793751496451699,1.0789675874101603
0.19928319973181957,0.2131408567836247,0.9349835725495226
0.29459828685763756,0.27056734142602135,1.0888168738509292
0.2954435513311441,0.26863505053410464,1.099795245422138
0.2969746256745645,0.24195588467114326,1.2273916217338565
0.26896654685056415,0.21855506577621528,1.2306580307132602
0.27148047978119144,0.2540367676413834,1.0686660923210645
0.4047455487131318,0.3064116616017256,1.3209208376645296
0.3927319873578584,0.3253529796384747,1.2070950995876966
0.2122266630551251,0.2406982601891576,0.881712493012382
0.2389555726238177,0.21318465203811632,1.1208854405761521
0.22790277136778056,0.25296181179984495,0.9009374567102948
0.16910344292695279,0.2043378619529355,0.8275678394144197
0.222764394447728,0.25002046451786214,0.8909846435063042
0.17660555196809233,0.2015344604141788,0.8763044871092794
0.2223727429207199,0.202064778198026,1.1005022493469487
0.3229501556161029,0.2502642756244454,1.2904364988182822
0.2343297703388068,0.23650785851391914,0.99079063085346
0.18723316138721083,0.18401193847518046,1.0175055104506974
0.3436049689312593,0.2943749725030771,1.1672356722773625
0.3565427686678107,0.26949978550452247,1.3229797864229749
0.19261740204762468,0.21094111659702644,0.9131335092702355
0.27730590675464994,0.24933266248191938,1.1121924580368971
0.3222607107158946,0.28529335316897964,1.1295766520190156
0.41151631803261846,0.29081093058070323,1.4150648230824259
0.2706987921671782,0.23937383275926735,1.1308620873335542
0.3739801819473704,0.3059380487641647,1.2224049393596568
0.2351459845013617,0.219506860762883,1.0712466283929616
0.32945187896337474,0.27593221777699295,1.1939594499604107
0.37827593471098764,0.3089472078861854,1.2244031506196444
0.20939832436755695,0.2331175712485323,0.8982519989637002
0.2519634872035765,0.252120488851452,0.9993772753313673
0.2506094394419098,0.23835761833486035,1.0514010048960853
0.18628756443648886,0.22136508740987104,0.8415399493035955
0.19891115385928035,0.19253087697742097,1.0331389800016733
0.3082927098802557,0.26376147613072676,1.1688314548537715
0.30371040254793447,0.2396172558203358,1.2674813485705532
0.26540112461049703,0.23068024913089558,1.1505151637837
0.24436048555047615,0.21313739462921547,1.1464927868503691
0.21246017822947943,0.21007688120289633,1.011344880088358
0.30423384626074385,0.234157789819741,1.299268525274981
0.2528113765672706,0.25454116210451494,0.993204299363833
0.16438852638336857,0.18257220952613767,0.9004027875328645
0.2941284398423111,0.25002720659750066,1.1763857375561755
0.2793757531112073,0.2563406012495743,1.0898615035985106
0.2768986635282625,0.23622472789598808,1.1721832256705298
0.31479200574466976,0.27711198339082915,1.135973991065908
0.29709387424769323,0.24549593983884258,1.210178361575847
0.26173484335131514,0.2533140833024687,1.0332423682847183
0.3135570782346804,0.2842046466929868,1.1032792105380376
0.2967018012719716,0.2609430316755882,1.1370366909848726
0.2513510249217179,0.2191412464528727,1.1469818164777668
0.2533910171518342,0.24392859234092204,1.038791782136336
0.20386436268684532,0.2091798916115122,0.9745887193854232
0.31267165532380703,0.22703289463474036,1.3772086015414011
0.30987616693115805,0.2552114072758794,1.2141940293295235
0.29890966222615273,0.2530640702845659,1.181161995418924
0.3173470638274454,0.25478658169502866,1.2455407255602635
0.27816618236054313,0.2718370267016722,1.0232829049657641
0.2510904208716498,0.22643200849556983,1.1088998527191989
0.28113484447021053,0.2244835731817118,1.2523626583698464
0.20076510760755314,0.2219383790677839,0.9045984225478908
0.3128349581378526,0.2514814702152965,1.2439682250546358
0.20489398210753773,0.22510166142820576,0.9102286531673908
0.3501593252668672,0.263877164123992,1.3269785069477726
0.21094921021498692,0.2371049404994003,0.8896871139448924
0.3086832662687685,0.24798806819487554,1.244750477374569
0.23586725168990216,0.21437929329675084,1.1002333670510192
0.3371577101777879,0.2775883467932477,1.2145960522936088
0.2330584750937862,0.20969745139042956,1.1114034698488606
0.21520743746609652,0.19556935877836856,1.1004149055373396
0.19563147641563955,0.21302766870341885,0.9183383435886039
0.3108130755769497,0.27506841492996215,1.1299482554407014
0.19414653193057965,0.2334802141574352,0.8315331242572318
0.33232832319970784,0.255812300932456,1.2991100192928366
0.2790377361895978,0.2484413888613858,1.1231531809914441
0.2931425875495863,0.22543062281605897,1.300367198953166
0.2415838103944971,0.21850138016002796,1.1056397456966351
0.27472070186520936,0.2845467585527491,0.9654676906617505
0.3112683619885562,0.24750601586999024,1.257619379045958
0.2759000971450212,0.23733866469245707,1.162474295970831
0.3180521826286659,0.28264979115146266,1.1252517871425998
0.34669621148081,0.29266085657560387,1.1846347186209611
0.22609104831108268,0.24652542698288768,0.9171104623085251
0.18027610022367424,0.18878724757164814,0.9549167252690425
0.3100165765545709,0.24935810394662394,1.243258477057281
0.32036812694029293,0.28420426164960655,1.1272460345273518
0.3018977908717064,0.2846202856800653,1.0607037026554822
0.3508617088604822,0.26606163815390094,1.3187234029489416
0.3397533618756816,0.2679864417330242,1.2678005636350576
0.3148531482609486,0.28329384114666156,1.1114013173973265
0.19701806471878164,0.21311834692947415,0.9244537955429033
0.3328439239559652,0.28228118443033845,1.1791218909176167
0.2899928864846657,0.24307252003197993,1.1930303205253834
0.3156723188336462,0.25602630280652894,1.2329683136977918
0.21533617852779052,0.2053363809988706,1.0486995898158686
0.2956604838648994,0.2665117792308691,1.1093711682018372
0.3545124513046709,0.2915693704790988,1.2158768622442946
0.3097572535699983,0.26303703671039763,1.1776183971804677
0.23171153511815246,0.24376181049044274,0.9505653681023889
0.4167466327866725,0.33395543573375003,1.2479109132361264
0.19946680415430648,0.2295488318140211,0.8689515105697123
0.3048764001952554,0.2477955262326358,1.2303547397745627
0.17359594830772793,0.19708832765389914,0.880802787126869
0.3536347075603765,0.30477351515024526,1.160319679963149
0.3424434927070982,0.29694329363736294,1.1532285794785506
0.35733347294575146,0.303936672336902,1.1756839679736348
0.39337128292060336,0.324342741387564,1.212825917539359
0.25725064831013456,0.23125278219473622,1.1124218522634064
0.36765633623325955,0.30545488755468175,1.203635467012924
0.2671868627770267,0.2779667416851653,0.9612188176082294
0.3717131600216327,0.31080628007656474,1.1959641225076405
0.2267613355707301,0.20635138043122347,1.0989087405029947
0.2711396307769408,0.22693671271530702,1.1947808159056508
0.3837394955373074,0.30795216765338734,1.2461009723082117
0.32084223482180363,0.29554206925922627,1.0856059701618521
0.30654360372156364,0.23918875449295138,1.2815970565647856
0.3513116996136348,0.29296614475972854,1.1991545982275782
0.29132366912227214,0.2348462043011046,1.2404870242175845
0.23480199306397564,0.24457429856931476,0.9600436122580985
0.3293416591941908,0.2884120484993142,1.1419136645221462
0.34031659799873154,0.25916804260747545,1.3131117346676886
0.3347929406265163,0.28401290922991274,1.17879480032894
0.16632998812008765,0.22603695618214925,0.7358530699115085
0.2752327853523919,0.2854056346883538,0.9643565224384233
0.21154686828712213,0.21596883960561797,0.9795249568105713
0.261136801471619,0.24920761718471826,1.0478684577207709
0.3102683281826918,0.2339438595616768,1.3262512158430595
0.29370447203958083,0.25672199873918244,1.1440565026839435
0.36597670990841974,0.3223231301184842,1.1354342140258094
0.26613143993216387,0.26525990080211864,1.0032856045237513
0.26091532775380505,0.22663324464038012,1.1512667886294594
0.15524190441126845,0.20499069517520022,0.7573119564211792
0.34597027034158395,0.2701078626904201,1.280859679150149
0.2670788992098795,0.24320707481727197,1.0981543173057078
0.3067611951920448,0.28308388483637065,1.0836406154640708
0.18885511058266607,0.19601284734710017,0.9634833284587762
0.3932916469714361,0.3210885848513812,1.224869601494786
0.2863533797933448,0.2736573353394869,1.0463939489804202
0.40063347924987774,0.34139518774029814,1.1735182382085674
0.27586284037407105,0.27866801882024267,0.9899336190135937
0.30379302779989914,0.24988643002460245,1.2157243903560082
0.3000050452460304,0.25533307911694225,1.1749556551136424
0.23393432833265856,0.22515973041369988,1.038970547276978
0.29879423461523724,0.24470897387379276,1.2210187059561561
0.3548123364908299,0.2650178797559753,1.3388241458181465
0.2984614027013435,0.2539342561025153,1.175349113121832
0.21041245759756314,0.22914225051624365,0.9182612858323447
0.2878024780187295,0.2500155603092595,1.151138263805377
0.2797589887315569,0.257021851955139,1.0884638275051668
0.3383735044999178,0.29513717731306915,1.146495699323523
0.30855108259451386,0.23646982192161228,1.3048222394179156
0.22463964531576072,0.19103074891749514,1.1759344848340674
0.1949514451108796,0.23444100619196667,0.8315586435900555
0.27451915373656716,0.23859141690834942,1.1505826877335605
0.3315029416474759,0.3033950306222004,1.0926445992461775
0.30171213243254213,0.24881804361786686,1.2125814030428985
0.272405206011087,0.24142245930025977,1.1283341525085437
0.26239167859626294,0.2228113102581972,1.17764075033803
0.2717901269078938,0.23975118967181563,1.1336341115968382
0.27562071858036924,0.25753576727683186,1.0702230664686563
0.40309905648900934,0.33691658436833516,1.1964357802236294
0.23430794426518287,0.25819521240653104,0.9074836906590761
0.3200407052494302,0.28408586160562255,1.1265632982950815
0.27020873784872673,0.26430461816411976,1.0223383145009628
0.3669066070478484,0.3152764736817831,1.1637614528072175
0.3009652509928047,0.2569059349360852,1.1714997984288718
0.4286398207404945,0.329605142464727,1.3004646029949785
0.2120993995924171,0.21726830718611323,0.9762095647513449
0.30790185002061343,0.2451824001047436,1.2558073087182264
0.30414420891586774,0.2864656745223291,1.061712574894067
0.3091149036074592,0.25536509524414486,1.210482205142117
0.1838649928877366,0.20763129322564153,0.8855360385773974
0.31571792730356757,0.2771062582825828,1.1393388560052298
0.2958321253098305,0.25813992444175504,1.146014611841184
0.22167057565509907,0.25927261047727285,0.8549710486080446
0.3405109832572546,0.28165199875741365,1.2089776914756998
0.20682372415379924,0.23122265098583356,0.894478647623804
0.3853963909042165,0.2933460476419552,1.3137943872167446
0.30565018744032285,0.24979670150313638,1.2235957704849245
0.21671733506533347,0.19993890879628048,1.0839177645315083
0.20934745123652426,0.21760346904181693,0.9620593465644331
0.2719992750608578,0.21986406537090078,1.2371247416079898
0.39417293254669444,0.3056126746178977,1.2897794014581434
0.3094991989190493,0.2495625689009368,1.2401667456865464
0.3046343270643797,0.26110312340243697,1.1667203482466517
0.3213132174486138,0.2709934195548275,1.1856864199007076
0.3048219504828808,0.2525596948688197,1.2069303086591323
0.23620043385274178,0.25197585744042494,0.9373931147692871
0.3381888922988194,0.27776659401560305,1.2175290318742296
0.19988828805731682,0.20223451757688785,0.988398471498917
0.3056660932943473,0.26972563500609453,1.1332482108622737
0.24084486665680954,0.23703952746352458,1.0160536060546717
0.29266607157621743,0.255601769844122,1.1450080011366863
0.2243043402962046,0.2204195937286487,1.0176243250513306
0.1915646964905994,0.1933733217890743,0.9906469761095189
0.33785970774783813,0.2552066743221051,1.3238670526359895
0.19871893323176573,0.21220135251118527,0.936464027585739
0.28227527398983604,0.24070816040607748,1.1726867652248862
0.2097147334943225,0.23266297801112967,0.9013670128656679
0.24928143863747323,0.25441263771822475,0.9798311942096423
0.3368782485927886,0.26453269865851453,1.273484337857472
0.24081232421985638,0.2324127689631612,1.0361406789057557
0.2746755279017865,0.24110767206620137,1.1392235076881683
0.2520152194087514,0.23085118917903863,1.091678237850873
0.2491258681875751,0.23098912496919444,1.0785177363687553
0.21683637360996383,0.25380282851815505,0.8543497126331397
0.2691924446378868,0.21247314983424195,1.2669480583682862
0.2041654831191544,0.20406238741483812,1.0005052165939168
0.3951383994238913,0.3117537640574787,1.2674695383983843
0.22964384905042762,0.22551708488179892,1.0182991198684201
0.20244770562938258,0.2561242102570264,0.7904278374395834
0.3118537416363953,0.289972805246145,1.0754585809233956
0.38977564031237855,0.3229932760351473,1.2067608499378302
0.30124992046720783,0.26630522405752677,1.1312204690439434
0.3874849944344606,0.30115407723673954,1.2866669380333697
0.2920811522795489,0.235678544972636,1.2393200760530054
0.3105816267153717,0.29274258130691355,1.0609376515326807
0.3496064300010793,0.29924060560910715,1.1683121322704586
0.18675285416481685,0.203057705769238,0.9197033594826952
0.3393093834338235,0.29221160577172056,1.161176957834099
0.29195062994378607,0.2541362796214323,1.148795561100851
0.26549613747691275,0.24092684023275507,1.1019782487514538
0.2508052197193749,0.2328676648103135,1.0770289637407269
0.3264149222024405,0.2946692865568018,1.1077330997627377
0.22289316289882208,0.18926341974840208,1.1776874960577475
0.30691649987268976,0.2655727150393835,1.1556778331959858
0.35472630559700413,0.27510931649174475,1.2894012828084231
0.4276476723456564,0.3675905393739388,1.1633805186444781
0.3334519492963325,0.24494578002441791,1.3613296349220292
0.3190573907903218,0.27650630433303686,1.1538883048613404
0.30743239259506827,0.24506788057971546,1.2544785219010655
0.3476233414928456,0.2913277658001267,1.1932379343867345
0.36044791438807844,0.28758701020536676,1.2533525562600394
0.271965063611272,0.2335212704120082,1.1646265161688967
0.26203341054243634,0.27059372791267317,0.9683646866604408
0.2691637159369021,0.23702979818294442,1.1355691056579986
0.2232795337882494,0.21951248056895228,1.0171609979056013
0.4355521261745852,0.33211737870149965,1.31144033437061
0.3135937136603663,0.23783567178214876,1.3185310315754901
0.300403124169453,0.2344392653280911,1.2813686467966334
0.32574041607962767,0.2654742915192808,1.2270130347290893
0.18284607340427228,0.20354130674483317,0.8983241599873131
0.4168146475374159,0.34979760916182107,1.1915880401131955
0.24740505109548622,0.216952051830979,1.1403674176275238
0.32931483223181385,0.26323877313727856,1.2510118790900029
0.22481448765765794,0.27616580708698024,0.8140562006173745
0.2141368648508788,0.21719587382492686,0.9859158973871032
0.33231856388363135,0.2501361597347628,1.328550675104361
0.3572263734345446,0.2880396933201276,1.2401984230608207
0.19820331512531397,0.22388507887229356,0.8852904182970195
0.2860410174771491,0.26297935941605055,1.0876937951035675
0.2384572542580553,0.21150958060370498,1.127406397277298
0.21578858768109213,0.22508531171006887,0.9586968871564938
0.3183215856427076,0.2901585286865319,1.0970609310836463
0.22482571427805687,0.23345490108648528,0.9630370287011809
0.3493092208685177,0.28379663224441204,1.230843432164779
0.20017653354631246,0.1907331691718583,1.049510865967656
0.26638930863462845,0.24290174146010482,1.0966957545604148
0.3217367474373192,0.2564173838833302,1.254738436859294
0.32849011813301515,0.2617635835431477,1.2549114498154346
0.27316336807158426,0.25753071428392554,1.060702094626367
0.25827309791807773,0.23215480508124767,1.1125037787940224
0.29335269650259227,0.2716547443251656,1.0798732679281118
0.28506942948213093,0.2740148317995826,1.0403430632201465
0.20509890996577512,0.23427103282145628,0.8754770382648462
0.29200095844244733,0.23216492871559483,1.2577307005751608
0.34109435479512473,0.29119187947952263,1.1713731694880982
0.2513038527044215,0.24828421613548984,1.0121620158378648
0.21914251475393381,0.2744370266898527,0.7985165755406306
0.34105960816562514,0.2957059747171664,1.1533740854977248
0.2514918171066055,0.22875347125516338,1.0994010964147451
0.3858945335661529,0.30224970524856204,1.276740810214533
0.332217612738318,0.2777274571270812,1.1962001027010574
0.3011355755600623,0.2638448091980229,1.1413359863905894
0.214067539476483,0.2582296397084509,0.8289812885855076
0.28579927182244913,0.28495973183340956,1.002946170617294
0.24754818294371583,0.2517865862924815,0.9831666832964555
0.20252543073916873,0.24489067586183808,0.8270034374580644
0.2733720623972056,0.24868210636034396,1.0992832029542388
0.26632185779960826,0.24356135923761915,1.0934487253365337
0.24655431093248004,0.2190418853835081,1.1256034913176627
0.3260840300048645,0.2609324564516026,1.2496875031924062
0.3192661747777038,0.27024168205404625,1.1814098119543714
0.31361823670008154,0.26935238556168806,1.1643417824055453
0.2619704409729,0.2251482620128863,1.1635463610991863
0.3034338161357216,0.2492230425413602,1.2175191067469806
0.3146267317215906,0.25918680543226313,1.2138994930581695
0.2948180719771393,0.25690317947465013,1.1475843645844421
0.29975728435679416,0.24001170345010572,1.248927781636734
0.3179469557263176,0.25571422759049894,1.2433682659045402
0.26040022858168665,0.23860641042328531,1.091337940668649
0.2930527758916085,0.24087279229235667,1.2166287985565383
0.27169189458202014,0.22962639918357533,1.1831910248473454
0.3306395386948296,0.25758728951465676,1.2836019173066229
0.34300909670265894,0.29519559376556337,1.1619722785397257
0.2933625028349366,0.2414376642663616,1.215065195922745
0.3283077005987214,0.25528887077886675,1.2860243362629942
0.23428027060305814,0.24585730214276705,0.9529115814791369
0.2650736306714106,0.2420483099815371,1.0951269632563425
0.31243674611350836,0.26275327899083684,1.1890879052527605
0.28761041954327,0.2313945391972699,1.2429438505377803
0.3216679203063288,0.28429757990260096,1.1314479722849935
0.3287327255907479,0.26360640949964737,1.247058924761037
0.3732949196753659,0.2989360638063794,1.2487450156470536
0.20045890531321756,0.21483602079349998,0.933078654933282
0.37319779994745406,0.2857444426183507,1.3060544468607875
0.3305843153347525,0.273568695622251,1.2084142689748019
0.19650854176252383,0.23315089174327483,0.8428384738022006
0.3493559337540333,0.2848982913320739,1.2262479080537143
0.2578441164024978,0.25119568321347396,1.0264671474603877
0.3995053138972967,0.31811467989162284,1.2558531220043114
0.18289355286449657,0.19153681676028972,0.9548741383406707
0.35246072253708066,0.28648804479190887,1.2302807357741268
0.3444552776475302,0.2765812998082477,1.2454033511533107
0.26585350040112604,0.23088738519075663,1.1514422937462816
0.20410570562893257,0.24012775787147875,0.849987970729207
0.32704004358010824,0.260474093173907,1.2555568947187314
0.17390117850194356,0.18320355097967733,0.9492238418524667
0.3098957897980782,0.270412357111305,1.1460119393527617
0.2727217397265905,0.2282339082740945,1.1949220945691772
0.22394331517651067,0.2321110680862899,0.9648110149286687
0.3019701257988747,0.2740484169818542,1.101886043074167
0.16757103814991298,0.20921362805318713,0.8009566093242855
0.1863723099315886,0.20797948169568345,0.8961091181306502
0.22834617555241185,0.21329449228768668,1.0705676133653925
0.2832074373650214,0.24015671645693545,1.1792609490303627
0.2717284881864517,0.255302633234156,1.064338760412355
0.2782745480842603,0.2388439308363651,1.1650894670415954
0.34865686910109056,0.2919791677042369,1.1941155659922489
0.27389671729668974,0.2355943843396952,1.1625774445530406
0.29148910566096525,0.26797925723350874,1.0877301051960555
0.24576842542399177,0.21278936713818936,1.1549845216861103
0.29324055884627287,0.28749753430887465,1.019975908841111
0.3391432687946722,0.27000620410908527,1.2560573188075888
0.300633040958084,0.22280819812902902,1.349290750890532
0.22684408153898974,0.24546186209506324,0.9241520438361902
0.32168630390542235,0.2645369660216281,1.2160353569607427
0.3128019665196293,0.2728807565049588,1.1462954388062359
0.296013129020012,0.246531555963228,1.2007109104692646
0.3886022586540226,0.27945949071927256,1.3905495127534888
0.23501917553468923,0.23788770478042756,0.98794166664315
0.24174166014433862,0.2729687726491529,0.8856018869786598
0.23570188276986542,0.2670275034472851,0.8826876622332509
0.25071275251366887,0.24271892284791147,1.0329345136010115
0.2624520422360344,0.2636246768901262,0.9955518782690419
0.34653190652058286,0.2962919131924851,1.169562485816005
0.3070719464652871,0.2803032883269975,1.0954989086930071
0.22612740340264428,0.18806286690492569,1.2024032554866981
0.2674766790572557,0.23439703040969423,1.1411265688381065
0.2110554293899482,0.19783962189647553,1.0668006103468404
0.33844807479377764,0.25121458593765755,1.3472469105666034
0.22463476937200974,0.2296142412922694,0.9783137496514364
0.30316971557219197,0.2681711973005771,1.1305081180376992
0.27119589460548066,0.23224983302250526,1.1676903749558412
0.3209755831402382,0.2770725426289056,1.1584532342857723
0.3519361194041831,0.2935882821989454,1.198740347428782
0.2545709324763754,0.24308674831850915,1.047243151826684
0.3397672005226339,0.2819322534577308,1.2051377462336856
0.3169803563246045,0.29622203070208264,1.0700769135007346
0.2217072373094365,0.2102698613859919,1.0543937958966407
0.2396544004154041,0.21513495914283493,1.1139723705076214
0.2685923248199116,0.2735017379225936,0.9820497919319567
0.3018320262318076,0.2775168240251872,1.0876170383256245
0.25798632613698974,0.25190384832206436,1.0241460297468294
0.2477245439252188,0.2412218493878946,1.0269573198026005
0.23250447614461495,0.22928058336585533,1.0140609062112136
0.36356308967988354,0.31564200469526665,1.1518210006012406
0.26043028250416855,0.23958741345216242,1.0869948414722035
0.34824568778237536,0.3068789899068682,1.1347980775355822
0.32193460240967503,0.2794236855364575,1.1521378432597866
0.4319449130179256,0.3668656814345645,1.1773925305002095
0.307962598914672,0.2607105034280962,1.1812435435675028
0.24333293002864534,0.2605576968428874,0.933892696232158
0.3441430277799913,0.27168167028472834,1.2667141931927974
0.3872491240968813,0.301040338532587,1.2863695476311139
0.307590548378856,0.2455091469914796,1.2528679772144333
0.32674337596369973,0.24418648971546067,1.3380894919470723
0.2594257905842797,0.23621317996247707,1.098269752032846
0.28909119832827124,0.26211818306783025,1.1029040219367803
0.3401691069379824,0.30977904430228176,1.0981023836010226
0.26835183825182907,0.23409183684764426,1.1463528240264205
0.32404238015822856,0.249487268900927,1.2988333295952983
0.407139491407749,0.3417975122284028,1.191171605531412
0.2466533946687076,0.2492993110194213,0.9893865877932266
0.21500409230511675,0.21880867941545817,0.982612266019313
0.2506784596360267,0.22233956428486928,1.1274577263938892
0.41945148166924984,0.3437861449504489,1.2200942005085949
0.28629376770999815,0.268934028536169,1.0645501771133974
0.21266212051136663,0.2063775785560174,1.0304516701829767
0.28189968765637724,0.231855707757824,1.2158410521030811
0.1914649375058168,0.208688395752009,0.9174680595721317
0.30022484419747936,0.2711226395232209,1.1073396331838452
0.29672071758858937,0.2520283176831587,1.177330866294225
0.2958037942752905,0.23173068933285865,1.2764981415577505
0.36731264307826567,0.273160044990682,1.344679245058681
0.3462585484070011,0.28275072288430225,1.224607119921265
0.223740813422631,0.23427880228770046,0.9550194521989722
0.2838672674696325,0.2532580544241952,1.1208617554732072
0.22378198501899338,0.21455888470285053,1.042986336030392
0.30041427274876165,0.23494654760609293,1.2786494452024497
0.2941179551949814,0.24496686620958344,1.2006438247993356
0.1824537182292143,0.21479522001261767,0.849430998597159
0.2638608366221362,0.2209660905555087,1.1941236592401583
0.24678388581514257,0.2422708915575713,1.0186278847968775
0.2974175234859964,0.2438595539076438,1.2196262919378442
0.24438786466673207,0.21812881135169399,1.1203832412248376
0.3445786359260082,0.2916696297629302,1.1814004639635691
0.2996276428801526,0.24994789432059436,1.1987604204252138
0.359299482996734,0.29362469142018693,1.2236691718904666
0.30744719627713396,0.2565975237257701,1.198168991707448
0.21813875773378222,0.22116842396354197,0.9863015426186734
0.35927276179734147,0.32093423514242214,1.119459136660524
0.19226871799088563,0.21550703465303278,0.8921691039015922
0.29988294236512125,0.2633231035786836,1.1388402243843112
0.3200007566885995,0.2567910947766002,1.2461520792494365
0.32620900333732705,0.24889653707973336,1.3106208996102942
0.21072672473674642,0.20870864162182515,1.0096693797594543
0.2678064038031395,0.22525996766441134,1.1888770409579086
0.3286135962777088,0.24766886288037493,1.3268264425973906
0.1969124771160836,0.19923298694203137,0.9883527830327468
0.34853198691946097,0.2748470536847266,1.2680943173553438
0.28982890146728024,0.27325083037258435,1.0606697921909012
0.21215718207623496,0.21643681863305742,0.9802268551910381
0.2473400096169895,0.2478734788125455,0.9978478165630642
0.22431930728888613,0.21593323714293935,1.0388364026627153
0.24897238951210354,0.2534443961503664,0.9823550778545932
0.3397716872716408,0.26280833962923483,1.2928497160744004
0.3156176303702085,0.24638260811315568,1.2810061261517915
0.27746794896640953,0.2723523532430473,1.0187830054062248
0.29866047106247096,0.27150601734905716,1.1000141874517024
0.3271640981916189,0.265747158665599,1.231110427800673
0.333380864415878,0.2508065840369145,1.3292348990599463
0.3215675792817267,0.2772644574365191,1.1597865166520702
0.2053741362407086,0.21113632236878044,0.9727086933057054
0.2082969539888268,0.20387834572831126,1.0216727688501248
0.251010440753589,0.2554388701549628,0.982663447428
0.2013530404570694,0.23042683114632678,0.8738263658593004
0.2408598024274034,0.2259690653703102,1.0658972370076
0.2873409101170815,0.2266319236826672,1.267874822963687
0.1999938102089765,0.22221986808395858,0.8999816800062869
0.2979056927214973,0.27964387716064454,1.0653038276620734
0.329243376083069,0.27172418022814915,1.211682286819762
0.21444010922866183,0.21693282954619564,0.9885092527362117
0.3239799195055341,0.2612290778625002,1.240213846622631
0.2619567258251698,0.22893119765356912,1.1442596225857198
0.26679068274423334,0.24361348592738472,1.0951392191143194
0.33680305687040263,0.30427317097361134,1.1069101353652127
0.32012546138948095,0.28546666238591023,1.1214110212166104
0.21441448547260883,0.2541059659084201,0.8437994940657312
0.3528717255675667,0.28043887590954963,1.2582839109702426
0.22514271934273183,0.27118748290366484,0.8302105869049653
0.2632507962834415,0.23601528789705514,1.1153972212099494
0.2944912285273309,0.26356685147692344,1.117330297331093
0.2403002118497082,0.21592467789633807,1.1128890601613977
0.2687884217938669,0.22615915354932495,1.188492340794177
0.22387327754340605,0.2623735000060546,0.8532617720091393
0.23966610372916075,0.23169970329911502,1.034382436906971
0.24522564983658318,0.23480493481295817,1.044380306708315
0.190406813196996,0.23686664158994258,0.8038566001481263
0.2397616983085116,0.25443826057805613,0.9423177857127266
0.3383505456087162,0.2505214692382676,1.3505850282512735
0.3051248101539068,0.263684925841728,1.1571568195637105
0.25700253931848577,0.2399790481500637,1.070937405992947
0.30088962240452155,0.2537977594626931,1.185548773328516
0.35879185473024344,0.328315415686214,1.0928267074524372
0.280977941544748,0.24245290770032366,1.1588969759523031
0.3395964303524258,0.29846521323198844,1.1378090822546454
0.2568919517260846,0.2833781637772314,0.9065340402446531
0.30854292955513724,0.2505790580205153,1.2313196960373136
0.2919920510795424,0.251819218694255,1.1595304464591443
0.2899429499029722,0.25557677908278204,1.1344651534600445
0.2560601931084189,0.2535692690637369,1.0098234460898172
0.2502733283939343,0.2187178214435111,1.144274969191631
0.31556852111280875,0.27072326266965624,1.165649815242785
0.19796787113476882,0.20199761288232307,0.9800505476770073
0.3183741190398344,0.2618015653784824,1.2160894400290003
0.25678666847670456,0.2461382511406522,1.043261936276485
0.3848114135799404,0.304958913804969,1.26184674774268
0.2178731892048945,0.21835519279922358,0.9977925709567518
0.2719691345348438,0.25338788600032924,1.0733312425775967
0.3410734130351599,0.31527833116992804,1.0818168561395007
0.2976351314835175,0.28778258806015217,1.0342360651135223
0.37518283890089926,0.30967811358738745,1.2115252012959166
0.19439516712522098,0.2202494688833237,0.8826135568490341
0.216100047721374,0.22324485691201656,0.9679956381102279
0.3478514436808546,0.29311261352241685,1.186750169160671
0.30230030592230356,0.2633063665626726,1.1480934163069298
0.2096316100571758,0.22593212117306868,0.9278521751079105
0.24124297567985648,0.2408744984041644,1.0015297479730454
0.36797373790383187,0.29967577842884835,1.2279061719070479
0.21369099902216376,0.23632908875877776,0.9042094654724421
0.2598771421822341,0.23187981040775932,1.1207407049593565
0.5020072966505336,0.3933649965760727,1.276187004487194
0.2207596450930578,0.24354751517863574,0.9064335759333711
0.1918868274811379,0.19230748034119902,0.9978126027166765
0.3396852176937061,0.2994293730089266,1.1344418694807854
0.27941158615020645,0.24849306369074894,1.1244240865327966
0.38348943664733104,0.3138254082095865,1.2219833914506368
0.18668939820800123,0.20459617390801052,0.9124774654483009
0.19575459773311935,0.21917608802867888,0.8931384782609366
0.33299765639506484,0.29711803079184074,1.1207588294375888
0.286650814652429,0.24134341611117696,1.1877299960003085
0.24007936456986986,0.22755390582994564,1.0550439189089758
0.2535696116912574,0.22287136662656554,1.137739744361727
0.25097370630155935,0.21664050863768125,1.1584800454900075
0.2193072398737395,0.22764884849003794,0.9633575628797285
0.20424205563509631,0.2617360364462299,0.7803360148958894
0.27885162957624277,0.23033918978823564,1.210613052136753
0.3537299211935912,0.27788661832498385,1.2729289496765543
0.2758069828312858,0.28574068538512265,0.9652352532841161
0.26251431706412215,0.22938605258507566,1.1444214419565015
0.35960259057769023,0.29978592431386936,1.1995312701913052
0.23734351127691958,0.2460405751035569,0.964651912299519
0.36342543291904333,0.3102819140494365,1.1712749485654508
0.3745427989006162,0.3015035281620468,1.242250136122167
0.40836496694863555,0.3246432390692834,1.257888407346394
0.2284133802465139,0.1986577156929083,1.1497835835362311
0.1827240192926826,0.20231639522040334,0.9031597221452229
0.19700445335026678,0.24842459694856658,0.7930150869523369
0.331670795622475,0.2994547308663437,1.1075824204310545
0.23912312190734916,0.2310355174586124,1.0350058923307563
0.29446672827957604,0.2613638897105904,1.1266542161032291
0.2142247340967811,0.2238769337551299,0.9568861360728387
0.1656721638780148,0.183925468920394,0.9007570558361359
0.2153260594742204,0.2069124686359623,1.040662560810005
0.20835097295199564,0.21747884912031135,0.9580286717295158
0.24086211994868367,0.2711886590846448,0.8881718017326992
0.2065918164689291,0.19770697864294437,1.044939424429881
0.28546351163964867,0.23659257323252122,1.206561591259661
0.2208540801256909,0.20125037102051455,1.0974095551017795
0.2983912157654343,0.29920267515750654,0.9972879273500979
0.34012974699792453,0.2831471499709748,1.201247291497693
0.24547994654361546,0.21878736256259212,1.1220024030107631
0.28681361524902393,0.245060111464078,1.1703806610365732
0.3850813423177573,0.32424515630650774,1.1876240394898647
0.2969409008393406,0.2599515877222367,1.1422930840362002
0.1992701127114108,0.22192765868591502,0.8979057134713861
0.23347695641719293,0.21596236023797774,1.0811002257982139
0.30215710242963933,0.27380046432742655,1.1035668006329684
0.3164337395079063,0.25776130661550517,1.2276231202533476
0.3112899766760473,0.25890695666058056,1.2023237254460464
0.19766775282934435,0.23544200061358314,0.8395602836970647
0.3666188400094414,0.27358464238527086,1.3400563599368882
0.2852410084473456,0.24060466082037987,1.1855173855517638
0.3237899130511344,0.2739049063432039,1.1821252761548724
0.21429916953844952,0.2138547859126986,1.0020779690473345
0.3115867352182593,0.24646330430650976,1.264231752856644
0.23494658468290378,0.22478523433133754,1.0452047056462268
0.30319286015871927,0.24706497189409996,1.2271786560203992
0.3573008174841625,0.26198551419994076,1.3638189827987186
0.24349491231097456,0.24491461963644462,0.9942032561078734
0.3798111805602493,0.2954846509381316,1.2853837901711314
0.27671641939754854,0.23387838993933993,1.183163692333094
0.38113539717073563,0.30281462718650004,1.2586426247368783
0.19713277395982312,0.2423393652173209,0.8134574990862166
0.21801515918749573,0.20024161851549563,1.0887604724920095
0.2721791972530222,0.26884986132435384,1.0123836252407499
0.38412429172285606,0.31200820164234133,1.2311352384357583
0.2812889219987463,0.26784693820205663,1.0501853181033916
0.25508874467273773,0.22655904279022446,1.1259261229706443
0.24694565382645015,0.2120093619474752,1.1647865526222863
0.37084183309461816,0.26791657370054667,1.3841690641696254
0.2537840552482965,0.22268330441161324,1.1396635949823875
0.3743125043231429,0.29872259408900625,1.2530438330741536
0.3375755519645961,0.27532880096572043,1.2260815097459623
0.3004159871873716,0.2386831186314524,1.2586394417413331
0.2821586766909865,0.22945569250901357,1.229686976189979
0.27318995020497094,0.2537768277284304,1.0764968285335914
0.2851052974463556,0.2507824302482834,1.1368631253955526
0.3235696613528121,0.2526831839917689,1.2805350013452115
0.19189227565243322,0.2185609669235195,0.8779805394967053
0.34733432717704193,0.26389328252588956,1.3161923784208729
0.2493553837482442,0.23852632942522817,1.0453998279733334
0.2068268482116714,0.19575727011018648,1.0565474686853478
0.3325782569310069,0.2847255624075646,1.1680660286305609
0.29568231264068323,0.24068952485226244,1.2284801875867921
0.2942968000028571,0.24957710391582386,1.1791818856192675
0.3169623972768787,0.259709596265709,1.22044930889883
0.2577350711097429,0.23358573729331827,1.103385309806394
0.32126190471444604,0.2617751172855829,1.227243857421201
0.33260108754304557,0.29655203078713926,1.1215606470817994
0.32585586272268613,0.2771177659060017,1.1758750351401737
0.337290643356258,0.27051896507569484,1.2468280856459715
0.3091843591915404,0.24247396473548513,1.275123947962123
0.26062561390853856,0.26598334132959733,0.9798569060969136
0.19552696062307032,0.2232528335553784,0.8758095362519526
0.26555008118918877,0.23720405259513172,1.1195006083746768
0.21735553450885764,0.2299551773089089,0.9452082664652268
0.30172873765086805,0.23917067886597188,1.2615624084085695
0.2633315316167717,0.2386444131437382,1.1034472927642525
0.1843656456586888,0.20529855888939014,0.8980367259081469
0.24229202637325598,0.22035261094370442,1.0995650350390294
0.33387661946980957,0.25961475874576034,1.2860463753402154
0.3062739568487477,0.2833193714122686,1.0810201763545388
0.2577453898072213,0.23242172083572474,1.1089556900294841
0.419418050251052,0.33912985375114085,1.2367476517087403
0.26330650131652067,0.2505384586821157,1.0509624059378648
0.30254964794373146,0.2642568654634551,1.1449074271471367
0.18681327454668803,0.20864145172425447,0.8953794799778566
0.23791010694212283,0.21916905853319787,1.0855095538318709
0.21119859030879462,0.2162137061743944,0.976804819850067
0.3118673674279135,0.27605696906836213,1.129721044465584
0.37184010189101874,0.30559903275152445,1.2167581112514625
0.44685497587962875,0.33953140613542526,1.3160932031760162
0.28849215138633105,0.2343382493246513,1.2310928848267324
0.29823411809719486,0.29614087036520403,1.0070684189230936
0.24582644335542658,0.24580148617031009,1.0001015339065087
0.34248079946098914,0.25655931572834584,1.3348990992150136
0.2918533939235351,0.25838118784678243,1.1295458324798837
0.3185853676838783,0.25170676717859464,1.265700446813299
0.2691307966641095,0.2579421753747293,1.0433764709982993
0.23025296963024916,0.20910762441114436,1.1011218279517592
0.27021377798323026,0.26916428484348587,1.0038990802229004
0.24402720227493607,0.23376957524189143,1.0438792217611321
0.3737806298785796,0.26953746170802684,1.3867483484854988
0.2625583251032696,0.23660320171479293,1.109698952509373
0.23703514785916596,0.20831516018043972,1.1378679672369951
0.34701786771235776,0.3089223503455372,1.1233174528298446
0.32614469543630875,0.259534264839546,1.256653704812133
0.20719374796638715,0.24929727853221106,0.8311111504557246
0.24978768504624507,0.20275232257881684,1.2319843337387366
0.24248239283203765,0.21213614137009376,1.1430508317250934
0.22407874953348275,0.22712876280929492,0.9865714353475651
0.17899420355840331,0.21937890267305774,0.8159134783583083
0.21478667061400053,0.19872837509097616,1.080805247442259
0.25816948001541823,0.24128539203821978,1.0699755912886928
0.32263050292130196,0.2910941293134337,1.1083373741760063
0.2724846753235468,0.2480760567685271,1.09839167420254
0.25404749244639385,0.2211884523111725,1.1485567614035952
0.24197109042532047,0.2504834021590554,0.9660164639239064
0.26892031572459,0.22466209487378966,1.196999057075755
0.16736533695955297,0.20779523040668593,0.8054339680078041
0.5129507686510162,0.401771972273717,1.2767211354941301
0.28150855551029363,0.23016091733198038,1.2230945148009218
0.276188615005896,0.24152276541376397,1.1435303605138187
0.258564896553798,0.2576051683914142,1.0037255780556606
0.2782464227829257,0.23823589600858025,1.1679449967225108
0.2513007526424772,0.22811305551339894,1.1016500220773915
0.24918671764485692,0.22188719285974004,1.123033350565544
0.33825594182249874,0.28126610858889406,1.2026189131691742
0.2515206465980458,0.23891974389142334,1.0527411527460406
0.22641912193666502,0.2444339369601302,0.9262998614369838
0.27338179821334274,0.22420876918061708,1.2193180454646404
0.21363722749405373,0.22403430063679594,0.9535916013164523
0.32668458611667817,0.2651638203804944,1.232010406426884
0.30964315686123345,0.26730162095847704,1.1584035882421146
0.3614316754927292,0.29565641103360424,1.2224719708569045
0.38140702843994406,0.33735739231005424,1.130572612706839
0.22739406568583304,0.21956197120370985,1.0356714527528839
0.22552466910943092,0.23937561649341618,0.9421371834488154
0.3192731812856755,0.2547777315039226,1.2531439831928952
0.17263786825778815,0.2037127674722249,0.8474572821329246
0.2531159137300023,0.19556883074635137,1.294254880821414
0.1950197514283762,0.240211829096779,0.811865727685728
0.31622511797524433,0.2678832318396254,1.1804587984236352
0.3185380099858264,0.28301954441882266,1.1254982783607417
0.2914868923004014,0.24648182165493274,1.1825898167389985
0.32102157587787256,0.27309342306905554,1.175500941290328
0.41243847722616317,0.32956363216077367,1.2514684175618018
0.19444036894736683,0.2200294064108506,0.8837017384135348
0.331077176982031,0.2666437370824813,1.2416461777972245
0.24973726314422323,0.2261199710085177,1.10444584806185
0.2119388429433149,0.19965586590493856,1.0615207421164605
0.2702383263740363,0.23775948132599928,1.1366037849128054
0.25782118761869277,0.24704706603692103,1.0436116152059929
0.3475741331534576,0.2947243304321352,1.1793194428292777
0.2870497761529563,0.25485134331830767,1.1263420173321708
0.26187013750821075,0.2300640255166433,1.1382489588284916
0.2607490296943412,0.24065659993870264,1.0834900424952247
0.25310922903483013,0.26765282350001796,0.9456624657457169
0.3186788742212591,0.23556699450646126,1.3528163183001354
0.2858267679926045,0.2571355700776788,1.1115800428009952
0.31077070534587625,0.27868039864574784,1.1151509286482717
0.1828616083479363,0.1997384411844311,0.9155053341939754
0.19795464918391156,0.24813014541887365,0.7977855687374874
0.3285457448145592,0.25638741070238,1.281442579081787
0.5112458787974177,0.39948215063757875,1.2797715191566446
0.16369068371536816,0.17913251431579938,0.91379660661041
0.2836950131486378,0.2632311631798162,1.0777409852299384
0.3107054999160969,0.2587111864742339,1.2009743534883495
0.3059532188776588,0.2556383829233014,1.1968203498198988
0.24597038488026227,0.24291985789604328,1.0125577505710728
0.1916076069913609,0.22017658620417968,0.8702451531956923
0.19570420807529554,0.19378719765810695,1.0098923481032567
0.19434467723551696,0.20366959610517144,0.9542154595090411
0.320896337217301,0.2801333499874406,1.1455127967865588
0.2834217518992451,0.2811519859634493,1.0080730923099042
0.2540953700023659,0.24332829186039995,1.0442491831083214
0.2732450131125729,0.26384450872206655,1.0356289559939593
0.24921131592877932,0.21618829546414103,1.1527511949420768
0.3246718862076459,0.31888766601523943,1.0181387391512662
0.29278571206273835,0.24034846423305647,1.2181717615588155
0.3046570864385114,0.24656128717332462,1.2356241725179968
0.33375415682439374,0.2647484833366835,1.2606461522197088
0.34264132758493426,0.28364079814542775,1.2080114349743716
0.21839660963375856,0.22268978120676994,0.9807212906234565
0.29769093067534813,0.28483739477474673,1.0451258722920358
0.3662334900968299,0.3198980371510071,1.1448444428058502
0.29444277714195016,0.2750810806766121,1.0703854166114022
0.3616018709985557,0.28422152067242273,1.2722536637727622
0.3230066812973282,0.28122031183519763,1.1485894428799952
0.2864760524298034,0.27362518157823795,1.0469652346229361
0.301338830664981,0.27173328233466953,1.1089507625858248
0.22998108550474497,0.2069550856115177,1.1112608555870434
0.3569415711531523,0.29191332630971584,1.2227655916415492
0.21651590490757971,0.2228556259365853,0.9715523402096674
0.24813076070836956,0.27094192704351233,0.9158079128466545
0.1895076823542506,0.24139274777164,0.7850595517207783
0.303144069417274,0.26844923678239596,1.1292416884872785
0.3767935230318308,0.27928292313113856,1.3491463022782302
0.2974216222524056,0.23235229082433662,1.2800460077118965
0.2905621234018667,0.25140815019808244,1.1557386790083581
0.2257204993756517,0.23401811390908,0.9645428535645233
0.3329781086483757,0.2693426647610094,1.2362620268267959
0.28139806121542754,0.23754208736956733,1.184624014765136
0.2624829035781567,0.24925312158900417,1.0530776983044858
0.23491778031032598,0.21872113948381028,1.0740515565378836
0.306224055372461,0.28044668928028954,1.0919153874068683
0.3333010272478199,0.267382254642761,1.2465338348393031
0.3130422059449529,0.2742748642913651,1.1413448576622203
0.32246100152154206,0.26375795449083284,1.2225640820730186
0.22490531834424593,0.2520113764261706,0.8924411331491391
0.272834002143,0.2737314100383443,0.9967215750095374
0.19800175448856516,0.24232673181240252,0.8170858947656192
0.23764031671454663,0.2300127313332248,1.0331615790878617
0.27828640540049726,0.2507835472314569,1.1096677133434794
0.33990322112506527,0.2850361773089125,1.1924915087416772
0.2523092264871311,0.2346464329563502,1.0752740764402184
0.3983617378243268,0.329838704011133,1.2077470987482444
0.2200222368179074,0.249219615745571,0.8828447799330881
0.22209546649088055,0.20895300412765527,1.062896738039699
0.3072383237543528,0.24921997390183598,1.2327997589606094
0.25708566334183547,0.23800361937800202,1.0801754360446383
0.20062436614714613,0.2325060500722504,0.862878045903764
0.2587605096595158,0.2358426874534382,1.097174190361964
0.2980165198958425,0.2667306266980601,1.1172939665200057
0.30361963480376275,0.2788140465140268,1.088968215912637
0.362935859663457,0.28936230392110907,1.2542610241395051
0.2493076627771274,0.255516292066755,0.9757016304541333
0.31532597905741716,0.2662137685514275,1.1844841112960771
0.2900846332459262,0.2527255240529283,1.1478248361854175
0.36888274948391436,0.2926333922748125,1.2605627355660627
0.3178045684817679,0.2640779260403102,1.2034499560302385
0.2496368037023703,0.2512884120694345,0.9934274391983988
0.2328751421104565,0.1890631315281207,1.2317321744764358
0.3595857368977038,0.3007209280925104,1.19574563426156
0.2546453191580728,0.24084379676187376,1.0573048697195422
0.36040190473850414,0.2868350877506847,1.2564777467244985
0.22013009883488652,0.21789648035496853,1.0102508240439647
0.3411738972191334,0.2828116860058512,1.206364213719495
0.27922501048555826,0.2524307495780214,1.1061449960130758
0.31975736789097703,0.27062786324964294,1.1815389740413174
0.3023943911636368,0.2769022187287325,1.0920620013517397
0.32998885540316386,0.2998597785687865,1.1004772196464019
0.2456033623477546,0.24607644403874054,0.998077501108105
0.3079193938024117,0.24191818823455322,1.2728244868627514
0.22691074048267051,0.2212190829909034,1.025728600873014
0.2598762631114132,0.26448823453722836,0.982562659417026
0.32788005157558164,0.2803511743857402,1.1695333621982464
0.3195189592039376,0.2942536863380567,1.0858622135895846
0.3362271262199572,0.2773461786486119,1.2123012758215985
0.2171291779119109,0.2361181764835557,0.9195784125794851
0.2676629335460993,0.28073797575405357,0.9534261719568395
0.18190393978014693,0.19714240077116862,0.9227032798047864
0.2335829457861599,0.21072416509382835,1.1084772630711495
0.2775770616349293,0.27122241765102284,1.0234296413952142
0.325061025030935,0.3040054318705706,1.069260582058707
0.2971580960402944,0.2688491294157718,1.1052968506390182
0.27368529238293243,0.23893225679701072,1.1454514181207722
0.2436510952754442,0.21466930925113423,1.1350066580332878
0.24687486167085704,0.2398303177612115,1.029373033298732
0.22764180466053655,0.2025669172848435,1.1237856986312997
0.2736092414276085,0.24781316902603182,1.1040948408955091
0.18603260953430528,0.19525878817793688,0.9527489710976599
0.25356733188212904,0.2260430153350409,1.1217658351720872
0.278568986238809,0.24770583633407336,1.1245959738433915
0.290921519932289,0.23801662594512105,1.222273943162971
0.24732135720394854,0.2473427462158137,0.9999135248063976
0.33878356472948273,0.2814497911278023,1.2037087090096508
0.3177385535668595,0.2740709386230293,1.1593296070105878
0.28615681302203216,0.24513901862589021,1.1673246251293015
0.2542148614528375,0.23271287542549693,1.092397062208208
0.2721648766114184,0.2678271147688505,1.0161961265434667
0.315279765554415,0.2644027023691723,1.1924226293050728
0.18228009106445858,0.19238724101242677,0.9474645517302505
0.16114140057173154,0.17823882741663297,0.9040757443666513
0.19116233880214847,0.21354209754269599,0.8951974388278505
0.3456754498807561,0.3035030238073742,1.1389522435208015
0.2799938778246801,0.23270767013261173,1.203200039195621
0.2676072703173471,0.2721858256864659,0.9831785679596965
0.24388828629222464,0.21549899470995534,1.131737466434491
0.318776308833821,0.2793903714648202,1.1409709903834684
0.18638295959857817,0.2070504633602797,0.9001813208901692
0.22857750167614974,0.22694991513212703,1.0071715670969745
0.25532415226746535,0.23823149579379935,1.0717480970209772
0.22467796451839553,0.22399085468150193,1.0030675798700381
0.31385045893174657,0.275641464730222,1.138618455822388
0.20758242214868752,0.21418857623221044,0.9691572996107836
0.21595179172319226,0.2146625765035223,1.0060057753925673
0.2987064852126697,0.29160605989689925,1.0243493750379566
0.3077680589901683,0.24835474364807322,1.2392276244430656
0.3082207983669113,0.2775819121973543,1.1103778193867815
0.2250653227738273,0.2855374511625933,0.7882164733818702
0.23909714709992483,0.22148758407028496,1.0795058698371633
0.2868046942908114,0.2587509098409442,1.1084200417579675
0.24664271571213153,0.2414097116931222,1.0216768579122513
0.22627835192579118,0.2870821860176272,0.7882006022898872
0.34038856342197205,0.29032534249153036,1.1724383427943503
0.4368900952254787,0.3240664244414763,1.3481498306356554
0.21904151335096622,0.24456662042533978,0.8956312720436608
0.21517158033358613,0.23291527901770054,0.9238190866698532
0.41056544338358797,0.32006921367752506,1.28273956331595
0.21083297939207007,0.2076011037736043,1.0155677188594827
0.20255683468381236,0.24075518681812302,0.841339442613266
0.2966741391353828,0.2527128964669583,1.1739572585452611
0.25688450466663443,0.24405135966599367,1.0525837881755875
0.25323240108319434,0.2425353031402787,1.0441053232433077
0.37581106306118317,0.3092650284860247,1.215174780352398
0.3162137111018201,0.2584782205662313,1.223366945226996
0.33266286854338567,0.28400616170511106,1.1713227154867005
0.2446427984778914,0.21699640609788917,1.1274048399102548
0.2249859755337684,0.22101664937361556,1.017959398857065
0.23335423972711009,0.24311452434430544,0.9598531406401183
0.29951797147960235,0.24120231066243916,1.2417707386674894
0.3409611407150963,0.28435888980134594,1.1990521588872882
0.18383647609561743,0.2540746806603667,0.7235529160867473
0.2695819853597915,0.2245783820419978,1.2003915199165418
0.19654944481245104,0.21752206729063428,0.9035839317849006
0.31675870849173515,0.2534996287427297,1.2495430863656432
0.23485020127839676,0.2292190899457388,1.024566502440922
0.2139477042831953,0.2239295299273079,0.9554242549102259
0.2631639992349061,0.22715083468880073,1.1585429549287978
0.304564020905704,0.255846157162933,1.190418587025114
0.2616364833168191,0.22738346989150046,1.1506398571613978
0.27156380772480426,0.29756646870207515,0.9126156213410428
0.27478044730862056,0.22468344298105938,1.2229670493868314
0.2934632428261008,0.3206349552632977,0.9152565495708846
0.1927767296225923,0.20442080907798021,0.9430386783620152
0.2655551814103716,0.23185171461103937,1.1453664763958036
0.3778848079851941,0.30289638255893747,1.2475712149241842
0.24488922280697767,0.2546088806162911,0.9618251422111176
0.2394803817689065,0.24577601721292863,0.974384663257978
0.21998318899212177,0.242806516228962,0.9060019986641616
0.36567000493503726,0.28357118089241073,1.289517516498884
0.406027558534133,0.3256179443478453,1.2469446650040552
0.3887670815584398,0.3196864458380419,1.2160887226210249
0.3306706101234499,0.25871021030058045,1.2781505984601953
0.27361398634210427,0.25225613231130634,1.084667333297731
0.2600990273541348,0.2651995064821887,0.9807673883118766
0.24800188644088147,0.2236177504764075,1.1090438299845369
0.20741475013475302,0.23061228411365606,0.8994089405598609
0.34480621973707765,0.2981526722536727,1.1564753625408106
0.2692576604032535,0.21534232059890707,1.2503703854142458
0.4044569583069891,0.33146757330078197,1.220200679901725
0.26520915088801306,0.2448825172881522,1.0830056544050575
0.31875867668170466,0.24676537353928366,1.2917479957169116
0.3446611122739134,0.28115290024692946,1.225884961425638
0.27298982601054356,0.23419116296161746,1.1656709098595874
0.28807418026629633,0.22669978772787494,1.270729819174307
0.3093743580740258,0.25241784486436175,1.2256437663520579
0.2648425832273434,0.2734845482673333,0.9684005363566561
0.358270967481938,0.2842523043991498,1.2603977590938031
0.2364590945004541,0.21576320572520735,1.095919453484598
0.37185808674687715,0.3013690579113032,1.2338960387111797
0.20132653838500794,0.23705482024587426,0.8492826181563876
0.21324385795294323,0.21630894435405149,0.9858300524268134
0.24759394091075212,0.22892197384576782,1.0815647652835818
0.22161105602329934,0.20300644412383592,1.0916454252462766
0.3417892021065335,0.29655404286775217,1.1525359722003652
0.17948367373849433,0.21823555169278558,0.8224309574965906
0.2714502921674371,0.2212304158422316,1.2270025852187492
0.318361260698838,0.2864686174970229,1.1113303212075107
0.296827906749924,0.234778395446351,1.2642896983157543
0.32202470960418694,0.26816686472639834,1.2008370606589966
0.33322629115654107,0.3113563698630534,1.0702408025347512
0.3593353843037903,0.30292101048872844,1.1862346019645311
0.21011302368375856,0.2104013264281692,0.9986297484464336
0.26629743345450346,0.2563346632268753,1.0388662621832396
0.2128731980646394,0.21979816507902225,0.9684939725866538
0.2682654310986873,0.2412233147129478,1.112104074259651
0.32789361495916014,0.246289732028376,1.3313328666149276
0.30795463867035944,0.27028139751207636,1.1393852536839861
0.34393705729427926,0.2869229734171485,1.1987086750081868
0.3768696657085854,0.2840260703984222,1.3268840609593524
0.23139466198198108,0.19292332114759586,1.1994125987752033
0.2873188503865542,0.23362901992284174,1.2298080541597274
0.22110201715296507,0.244377533213422,0.9047559088006272
0.2772001899783866,0.24231185963408322,1.1439811092902694
0.23201591240222078,0.2922311840697845,0.7939464542114562
0.34621371579381627,0.26737390841978564,1.2948672435541078
0.34322100238800735,0.2658734909087978,1.290918478614861
0.3124014201408897,0.26372464179347643,1.1845742514479636
0.21877006956014552,0.22208016947195008,0.9850950225782197
0.22223542683232156,0.2214841631703121,1.0033919520531667
0.3150067861327537,0.27986287723575215,1.1255754576817163
0.2819637649870806,0.2638621180662679,1.06860267420527
0.28053831434402743,0.2458674752945219,1.1410143371260217
0.3390479633348215,0.28989986381397576,1.169534745115932
0.26997729994601116,0.2428155478515994,1.1118616675692123
0.23630038008893547,0.23405600537775542,1.0095890498838418
0.32089728785867383,0.2766351123526696,1.1600020153970056
0.3661388717105523,0.30570196154011037,1.1976987974364441
0.19955032531226521,0.2089961330776651,0.9548039113150015
0.31636905079662264,0.2451628234228002,1.2904446374849516
0.2541002155799746,0.21481106719705906,1.1829009505682184
0.27124641925811366,0.24325016953712178,1.1150924160680573
0.3152398242641533,0.2778208710368792,1.1346873367994983
0.23188374410159782,0.23012454339812155,1.0076445592351826
0.27612786622015384,0.2385353076466197,1.157597459866302
0.37678566845295525,0.30709042568045075,1.2269534864790195
0.2705777472834106,0.22926949786658513,1.18017333226273
0.4171727761367383,0.3455044154407571,1.2074310992655606
0.20095991507232336,0.22080855841212074,0.9101092662234969
0.4929345557843152,0.37379391630567327,1.3187334899833245
0.21237805966266388,0.23834132869606306,0.8910668612303156
0.3143429437240177,0.24303557077590382,1.2934030303484438
0.32522968383780587,0.2941270509675058,1.1057455707252721
0.21941418648841768,0.19721138878701483,1.112583750045904
0.22137047920892217,0.18588723163871515,1.1908858788061958
0.42475904309171875,0.3530577972508433,1.2030864249400293
0.19312883587521182,0.2435251855031825,0.7930548763412724
0.2574412395635038,0.24526303168096336,1.0496536628413766
0.3548851822756611,0.2754288976009072,1.2884820197402997
0.2992651464014204,0.27665837596949416,1.081713667091066
0.21123593130234078,0.23563791114104515,0.896442895285648
0.32045634678718843,0.27322504231325634,1.1728659425726458
0.3080389056209047,0.2538787027473216,1.2133310210249784
0.3261415227460725,0.258056187430901,1.2638391894145244
0.22975239978439346,0.22549608008076602,1.0188753600599307
0.26130392102848,0.2284430560432515,1.1438470731148287
0.24730226151263096,0.24357491801502584,1.0153026573014188
0.2960636255863155,0.23038829075561568,1.2850636836416522
0.19822255698818186,0.23437822372394396,0.8457379437334286
0.24945464260112388,0.24299006715685798,1.026604278602437
0.26984036320184707,0.24824336901554556,1.0869992792635241
0.225547750963123,0.20520940119835135,1.0991102242197617
0.217573833893243,0.2335532315424275,0.9315813463866303
0.36250826646078443,0.310399952778061,1.1678747474552014
0.31850567583215483,0.2898433507775513,1.0988890204923185
0.35113130945494053,0.2878019425574843,1.2200449598591818
0.274805986316108,0.23611135856100665,1.1638829575626002
0.17689845626820938,0.21970666035723294,0.8051574584975285
0.29965635027055043,0.2628363216768021,1.1400872921932923
0.26570703755730446,0.24290384502552137,1.0938774457414917
0.21409639039827605,0.19543490891444532,1.0954869403193475
0.2434908099500503,0.22836677899195892,1.0662269311887256
0.31419981905916344,0.25567944184777747,1.2288818247899138
0.23561929873084633,0.24471836209294814,0.9628182238378752
0.18349287397825953,0.21321418635298411,0.8606034950905198
0.20732683765311644,0.20307221025054592,1.0209513029740567
0.37552788102997264,0.27361027505094626,1.3724918808697857
0.27865945960509403,0.23849129198421104,1.16842613953193
0.21271965944403703,0.20138350761243312,1.0562913615221192
0.1995418607679123,0.19436927306936053,1.026612167740659
0.22110916911683035,0.21251322920816815,1.0404489637689427
0.30065197861028314,0.2876597587860866,1.0451652322835256
0.16372225222446046,0.1771749678439147,0.9240710141891735
0.267701674198841,0.25741557678472143,1.0399591102550951
0.3036539620568974,0.2589711586168089,1.1725396900517564
0.25057905102239864,0.22662971201212762,1.1056760774994474
0.21532145571537253,0.21342859934155547,1.0088688038044418
0.23706216466357877,0.21601359926755134,1.0974409271795753
0.21389930009343927,0.24060558553679923,0.8890038841626335
0.20767979699181663,0.20456325455380436,1.0152351039037295
0.2793427684167678,0.2665777133758874,1.047884929611055
0.31937505099809954,0.267794934815432,1.192610499590731
0.19446373941745432,0.18805431789287413,1.0340828203063719
0.25867496024742953,0.23266292678267092,1.1118013678606231
0.36976133665251104,0.310152071572073,1.1921936706026035
0.2641660107843168,0.23911062608270015,1.1047857433694763
0.28933829962036883,0.24001298758727227,1.2055110122537063
0.382288316893798,0.2956879717154464,1.2928774703818218
0.30062939993881993,0.2510223056704113,1.197620263808516
0.26823624748008806,0.25915919816599997,1.0350249938197214
0.24538298473645287,0.22076127338862864,1.111530935520924
0.214347032295078,0.2118584671040324,1.0117463570140135
0.29949728926328606,0.2624303684905869,1.1412447842294164
0.20323123306007065,0.2083900914441072,0.975244224193739
0.2226518563757881,0.22289045713793582,0.9989295155781387
0.2469350345024646,0.2186824118812804,1.1291947641245248
0.20858530954293264,0.21777044415176766,0.9578219411517856
0.30891368793631285,0.24295310326816652,1.271495131286059
0.23843357040934735,0.26974860698514114,0.883910293640483
0.29152371952872197,0.24399064555481242,1.1948151490227163
0.29634947603979467,0.253408566478341,1.169453267339026
0.36442175289781037,0.2956222294654761,1.2327278417348142
0.29734299690762045,0.242027705900403,1.2285494166935593
0.2980840326302857,0.2722497231947893,1.0948919585016896
0.2928053512279805,0.21864848085568173,1.3391602360194115
0.184545396035508,0.21764211153949314,0.8479305531917731
0.28819092700958926,0.24452977924338623,1.1785514545561588
0.26593994371493584,0.24111289388474208,1.1029685697441867
0.31953110360602044,0.2701264543395284,1.182894523926909
0.32136205526059586,0.2601645390907436,1.2352262010177604
0.34628485532487074,0.2784364314387316,1.2436765316074265
0.24265534757044144,0.2293072678741411,1.0582104519409592
0.35742287545824586,0.28600156818887096,1.2497234813139535
0.32646478224876985,0.2828597243052579,1.1541578888638597
0.26168879734053885,0.23481210197916882,1.1144604351088956
0.27614797090936,0.2567704198397571,1.0754664461805836
0.2902285379854491,0.2406242076145087,1.2061485453301062
0.2970187071830955,0.25587989244856546,1.1607739253790696
0.24442433115350656,0.2406875524525093,1.0155254339616693
0.2620381919911634,0.22571171503721807,1.160941920750349
0.1957794094651693,0.21836700260886271,0.8965613262359418
0.3193356703884614,0.2731419400286115,1.1691198735536958
0.3667758115258244,0.29312921224306526,1.2512427837512514
0.22456761175664702,0.23398520580375373,0.9597513269492544
0.20697520561931426,0.21022508870503692,0.9845409360712293
0.3285832301950825,0.25510494449231164,1.2880316014611208
0.215926811391146,0.2236452881340958,0.9654878633601176
0.19967239080259738,0.20150967237202938,0.9908824149838327
0.21260255124300126,0.2451446155373373,0.8672536036616327
0.34068854469611715,0.29014286722857896,1.174209615939714
0.2752376528093587,0.2534282867566402,1.0860573471565997
0.2515114850661245,0.2294666882299298,1.0960697040875291
0.2386514848697061,0.2289679950560488,1.0422918924161733
0.20039343496318476,0.21574980380523173,0.928823254662563
0.2095356774692101,0.20576026873699596,1.0183485799050929
0.3163575384586498,0.2472734351284644,1.2793834416313041
0.27761366395737275,0.2609551544142013,1.06383667561795
0.21806944624266617,0.23038983161353888,0.9465237450603323
0.4825088213214593,0.37789581979262615,1.2768302692161042
0.32948889535267384,0.27480394221384985,1.198996246917989
0.32030834662935986,0.2657678797149236,1.2052184296045827
0.25481648634628734,0.23535106856205174,1.082708006822172
0.3548117940271592,0.2696940515919716,1.3156085272654248
0.3337622524094651,0.2699798506060884,1.2362487484165543
0.25169306877693776,0.22122732949546886,1.1377123674138683
0.19338801998638044,0.22303461590780177,0.8670762571955348
0.2573573694339793,0.23109398866512953,1.1136480482272828
0.3484859074567313,0.2767311885906711,1.259293935141502
0.3096116124073778,0.25738107458219317,1.2029307629163117
0.2159338298718093,0.19412206176508592,1.1123610985191297
0.28885538453604004,0.2410176415692726,1.1984823295726177
0.21014765142334244,0.24628949002521167,0.8532546451812884
0.31497186081655765,0.2676536786669589,1.1767888354281755
0.20226516632891584,0.21353332830301774,0.9472299614132758
0.3078467528741902,0.24163397587043273,1.2740209722794185
0.24377853323416152,0.24278931300846804,1.0040743977296025
0.21825522842525388,0.1952692237129155,1.1177144266529804
0.2588192151400516,0.2406554336917165,1.075476298912923
0.25132687786497393,0.26028244879099754,0.965592874327017
0.2171167725496896,0.23165525442396334,0.9372408715251235
0.2351917439366057,0.20978295853167186,1.1211193968412727
0.24354461211359846,0.22301990279031636,1.0920308414921132
0.3115065618474568,0.28238892573105967,1.1031118201289807
0.17396594902950474,0.19588340593447512,0.8881096803457564
0.3800988658536225,0.3198550039272248,1.1883474111291525
0.25285892101140744,0.2687377060727179,0.9409134457037681
0.3886705602038902,0.2951320819585554,1.3169376830353203
0.26759528615238876,0.25431449714363474,1.0522219108934758
0.4676003422267917,0.3734270357091647,1.2521866322259854
0.19267865342573223,0.22474528443218453,0.8573201164711057
0.2164893411785685,0.23059296970076443,0.9388375606572138
0.20785032939123824,0.2073868797584052,1.0022347104762506
0.24179904225613302,0.22246879948515721,1.0868896798818994
0.2889259486007329,0.23523722344454923,1.2282322685586335
0.21208108607218393,0.20827873909975508,1.0182560495078075
0.2365174397862505,0.26217010176335276,0.902152603197074
0.22111800226700426,0.27880102728594447,0.7931032551046548
0.21189478496057043,0.22870381766210232,0.9265030515303144
0.42374316252064037,0.32724398399300436,1.2948844997856368
0.28716553951248425,0.2553783879368868,1.124470797362278
0.29262528788637826,0.23796241749263866,1.2297121998074785
0.19569411566803985,0.21378007267164026,0.9153992382097283
0.31496672603368886,0.2721142165709108,1.1574798626943883
0.2303263569950283,0.2649040425915208,0.8694709025267278
0.3767946387436133,0.3087100895888845,1.2205452670672292
0.1864776054116526,0.20446607203586398,0.912022241904974
0.2385953186028654,0.22646898422607448,1.0535452323338268
0.23027692971082991,0.24972230751726618,0.9221319953360924
0.25044396030949506,0.24967677569450217,1.003072711159694
0.3392020370862672,0.2822058885155732,1.201966546022475
0.26979180589834306,0.26522602443518334,1.0172146812247511
0.26004352870268826,0.2584108273276633,1.0063182390301113
0.25757288519192,0.23715678418520023,1.0860869364410695
0.3389151225460032,0.25674969069635606,1.320021541707794
0.4158505544452274,0.3010644393543342,1.3812675961899208
0.26931980209467343,0.2477297728332086,1.0871515321495127
0.29236091384448337,0.245749986426099,1.1896680772855344
0.17907575389201186,0.2044342582162278,0.8759576572660609
0.3339702403932808,0.24887014428431664,1.3419457820209375
0.28303106464017214,0.24443042409032187,1.157920769043
0.2986238326869412,0.22945088519216833,1.301471695944165
0.2789037577209029,0.21705930603933432,1.2849196047386306
0.2495687271117246,0.2336526134816575,1.0681187057696513
0.37300911536242704,0.2694268326381443,1.3844542197599141
0.28946830756798403,0.23913365791429236,1.2104875160306043
0.36068238815020354,0.31302537493955457,1.1522464855120822
0.19889569852343086,0.22825538578835486,0.8713735180288488
0.4138789535420726,0.3557699070555873,1.1633332255878686
0.2553674186636635,0.2323049306863564,1.0992767906783891
0.21352387437689768,0.24821299699380434,0.8602445357936976
0.33820148435771685,0.269217253694913,1.25624000585408
0.3957008215335271,0.2829934058281431,1.3982686994969389
0.26893120202426996,0.23290819005962243,1.1546661452971059
0.2740624904262717,0.23960660411879206,1.1438019057704982
0.19175591644857337,0.19777946737787122,0.96954410379825
0.20502114214472997,0.20195588416168264,1.0151778592427312
0.3008178018165146,0.26099514278596136,1.152580077182552
0.2911831539387418,0.24857152986813105,1.171426003988536
0.18757258372655025,0.2111272505687207,0.8884337915701529
0.3108613131166009,0.26096144972657204,1.1912154589971529
0.2911399311417704,0.24294282319973434,1.1983886879523542
0.27239862434500683,0.22191646888399738,1.2274826907389107
0.2198390471988678,0.24717827783764804,0.8893946875997848
0.32231032552388705,0.25962146852339857,1.2414625314194254
0.33380978131412165,0.29045517700925855,1.1492643538024496
0.2921488052661916,0.254451928403901,1.1481493070174453
0.23740090707626932,0.23395751986720523,1.0147180018450297
0.20317164113550265,0.22569748010999022,0.9001945481911896
0.22757759897691546,0.20251864617746715,1.1237365214138808
0.2955561526557363,0.26394851045606327,1.1197492728603007
0.23784955257642146,0.2549516404861757,0.9329202672430673
0.29751580543529704,0.2541189714705267,1.1707736880628907
0.23211632356270667,0.22423846201329353,1.0351316249615827
0.35211941401410907,0.28481029174475025,1.2363296700306108
0.3238821238937878,0.2834909765592958,1.1424777177203864
0.28892188173835115,0.25457612838830584,1.1349134876372131
0.3190698762101159,0.29757452751080243,1.0722351771138514
0.30969319509761606,0.24443173225101367,1.266992596442362
0.24263503010877635,0.2499041471108557,0.9709123794618149
0.24180063359842818,0.26470546431592573,0.9134705028598856
0.28497038646153705,0.24161127246115016,1.1794581583827337
0.27266258645255875,0.23535644652537904,1.1585091059876997
0.3385590464789649,0.2672238864346133,1.2669490403576122
0.2707880628227868,0.2274177272437461,1.1907078049925124
0.32242017093671693,0.259979835253511,1.2401737643318347
0.34933167638962537,0.24968617760829423,1.3990829598010597
0.23508397662100558,0.223087934848051,1.0537727052837944
0.2787187860742915,0.23977154008575532,1.1624348159694289
0.29576461826371486,0.2681777435009092,1.1028678756211254
0.3032856714119727,0.2614142509495305,1.1601726773133192
0.208817811981616,0.23671438242297158,0.8821509273927058
0.3630162245711446,0.2776955427931996,1.3072454131591282
0.30437989233683244,0.2622526125528296,1.160636263539668
0.29863214504208424,0.26711916598802554,1.1179734854947525
0.40712784273212543,0.31984326809531755,1.2728979576671782
0.30279447734704334,0.2468228433223356,1.226768451701256
0.28492460412325304,0.2506118727653273,1.1369158251734393
0.20272572539419564,0.2225679914760349,0.9108485189166305
0.26963642521699777,0.2500091248442309,1.0785063360587168
0.2555043781621608,0.2209575869631,1.156350328014897
0.2508436981271541,0.2535074989143481,0.9894922209457244
0.18067820082362207,0.21539364539660524,0.8388279073458204
0.234424127210101,0.20319635805697425,1.1536827207521643
0.3656873608361907,0.3037422550637003,1.203939704600861
0.2099081616313358,0.2747226601737356,0.7640729799958589
0.29760457978739563,0.24433891961487417,1.217999081998392
0.19557255969107176,0.21847476269421595,0.8951723177509577
0.3149317466041656,0.26410773057275605,1.1924366845347174
0.2515513468821673,0.24430801420320705,1.0296483629592907
0.29842787966890943,0.2623089488190359,1.1376961442317837
0.22744873385523473,0.2758669238172427,0.8244871502098445
0.19684746150352686,0.18802730204965212,1.04690892948911
0.2386673836761212,0.22500086753983561,1.060739837520253
0.28359250346016407,0.25497769428828926,1.1122247546074426
0.2579201102395712,0.22778012546547988,1.1323205205568254
0.30293937586870434,0.2395287529160929,1.2647307355823967
0.2104958175352148,0.23246645970525578,0.905488980225803
0.28923346333976674,0.234925492421176,1.2311710421839919
0.19835363969302372,0.2447462228876352,0.8104461729899274
0.28787118025617164,0.2589163797009759,1.1118307022083185
0.1935908828036997,0.204841788254133,0.9450751453288668
0.3121352935562309,0.2560862348963604,1.2188679086267713
0.2640891968751674,0.24723115624548536,1.0681873631369625
0.2806801183897213,0.24403296070481087,1.1501729831046874
0.3300283870810109,0.279362795865447,1.1813612691647266
0.32233863360028286,0.24732256770976138,1.303312660001794
0.24560835567630745,0.23423397344143976,1.0485599166839534
0.23434318350686775,0.22065195864197934,1.0620489614012592
0.34413960796840454,0.263750709991775,1.3047912097720473
0.27697503803297907,0.2550662656124879,1.0858944336205412
0.29617127466805565,0.27544362016134566,1.0752518954498507
0.19314943100000154,0.19263614003100107,1.0026645621580554
0.3915124494876819,0.2924882837313287,1.338557717571053
0.29552806522571856,0.2694085406999412,1.0969513604057137
0.2692082952625242,0.2380787690733318,1.1307530541692445
0.2898575873954384,0.24420950726420937,1.1869217977735917
0.30525595882914613,0.2476478122040732,1.2326212620751973
0.2669064466974971,0.23836686509913066,1.1197296511262065
0.36623172256556735,0.3163795115476214,1.1575709209932268
0.2576466146671901,0.2404198710820737,1.0716527444573647
0.31831279329520723,0.26723559069771324,1.1911317368473968
0.2884079869863381,0.25166910790443114,1.1459808849318853
0.21325066502690065,0.23284690967317875,0.9158406496621185
0.3510617164896133,0.2918441595392824,1.202908144688639
0.2279876309950447,0.22584355637208625,1.0094936276128508
0.3475346655547506,0.2735135581402086,1.2706304869047744
0.28943093171123774,0.277134800806287,1.0443687724139183
0.23050179042744687,0.21983981606657116,1.048498832248145
0.22497667590849316,0.253530065811706,0.8873767108772845
0.2869648135194933,0.24377859481331082,1.1771534483544592
0.3271052993882912,0.2841157420121461,1.1513100156706813
0.25599230518623917,0.23645791831877622,1.0826125299856866
0.23621396446843262,0.24220133425551763,0.9752793691022014
0.3340925077031025,0.2982208727479555,1.1202854603187493
0.27711542088415175,0.24001862654150002,1.1545579810916782
0.18615701650108668,0.24341615275491035,0.7647685430659301
0.28031331044257823,0.2626631626133465,1.0671968907007094
0.2567608528300841,0.2360581826681005,1.0877015569974615
0.24286382932874695,0.194075708917061,1.251387052423628
0.233038901705112,0.2121656166319781,1.0983820347730548
0.2218656476120557,0.2106380154274538,1.0533029717442852
0.26379012580539135,0.2351074047284715,1.1219983739348656
0.3153806426856628,0.2731321976489323,1.1546813059770935
0.2090849334803819,0.2016134976407977,1.0370582125056707
0.2118425485963343,0.23576146040319512,0.8985461331722534
0.26858309968832583,0.2593212766625221,1.0357156309925815
0.21452198055535762,0.21844628534515323,0.9820353787037621
0.3841017168037144,0.3242647094953708,1.1845313583506005
0.23132679402095987,0.21936166392616674,1.0545452194364298
0.19767093430482346,0.22070628428269407,0.8956289348409966
0.3718901490912939,0.2965158728943412,1.2541998020585263
0.26307798676209787,0.22757085607533398,1.1560267043817323
0.38244033913906156,0.31442561690861354,1.2163141887075193
0.29485899333180837,0.2684772806394736,1.098264227905979
0.32711598613796616,0.26704599196261775,1.2249425042251048
0.22347886022607502,0.21361749296324717,1.046163669117325
0.3205194680954094,0.27068730374467265,1.1840949452056355
0.22706346956474624,0.2199761155002104,1.0322187436050485
0.30883808232646626,0.2661737112691667,1.1602876965342208
0.265485043747792,0.22428107602468267,1.1837157572695736
0.28751386679367763,0.2537967808735615,1.132850723338818
0.3102642740725071,0.23761050396292044,1.3057683431407747
0.24121977435929318,0.21922101782879833,1.1003496687880305
0.3350034595714802,0.2633714726281463,1.2719808118492428
0.37033517275492817,0.31699060972890525,1.16828436360195
0.3347725833213213,0.2744283373341583,1.219890724745691
0.2764237598603205,0.25101417080653726,1.1012277074722088
0.27763684104709424,0.21320924926923537,1.3021800977147164
0.19012415043701583,0.19080946681663336,0.9964083732791094
0.28255519803870466,0.25903541872858005,1.0907975419947065
0.2622640313462197,0.29198177448048795,0.8982205543919858
0.26712981857398765,0.24121902661686392,1.1074160372858095
0.3019171012673952,0.27798752790696885,1.0860814639440752
0.20409376153051792,0.21869072700764303,0.9332529290251298
0.24052157884810133,0.24364144664991438,0.9871948396107828
0.2443916828850655,0.22672799253862905,1.0779069675017168
0.31791476728098644,0.27939203800950146,1.1378805550291842
0.2308815765106647,0.20592340085227281,1.1212012600563868
0.3031007266743761,0.28032211348464614,1.0812587095130388
0.23326207712402983,0.2616622765746543,0.8914623849398419
0.2894435780280474,0.23215018959614434,1.2467944933905606
0.2295335097544743,0.21933950252430545,1.046475929382758
0.20575761164114792,0.23442830066445147,0.8776995399359172
0.3080892616837588,0.2650628825797945,1.1623251761438596
0.31311142719606416,0.28901983909862566,1.0833561743462787
0.22187064008651242,0.20091445506059993,1.1043040184420363
0.31623405905208557,0.279997425897705,1.1294177367459777
0.35184763390698176,0.2735959378135716,1.2860119076282883
0.32726601231446484,0.29589124352466767,1.106034799867883
0.3515719849872822,0.3072838732972649,1.1441276797730715
0.3282243065542015,0.2789108031341682,1.1768074340107626
0.35667100627304515,0.27971130020478174,1.2751397816674543
0.3416718388856244,0.2624927839239307,1.3016427871961593
0.3017752336731346,0.2601955250169639,1.1598017823460254
0.3172391460455441,0.25086831741794086,1.2645644109655783
0.22565452230885202,0.23636311104429408,0.9546943315810592
0.33651171566414695,0.2901867850724163,1.1596383190922022
0.23046864961799762,0.22785728533222888,1.0114605257495333
0.31149806007156633,0.2777218050340171,1.121619024596978
0.16428820061980193,0.19211581509986886,0.8551518808297947
0.24749446466224118,0.2543728245454876,0.9729595333324751
0.3178419572347015,0.2819428904247138,1.1273274412272285
0.2835607466484225,0.2511782255956401,1.1289224851238238
0.3145259686601657,0.27734315680405347,1.1340678900629315
0.1979339150987561,0.19634440067816597,1.0080955423994777
0.29739531409087205,0.23928163423944562,1.242867280792946
0.2088634989067948,0.2503709212099783,0.8342162815769947
0.23290632921579382,0.216070440452961,1.0779185191992888
0.32035163971893965,0.2688574665528098,1.1915296377161064
0.22617670231900164,0.23954865274849102,0.9441785613232858
0.22162576249606103,0.22563460107355762,0.98223305043454
0.2833907247318239,0.23783586022127573,1.1915390911537278
0.2952579962786467,0.25321742215059817,1.1660255987561763
0.20403018282228153,0.19300408262621618,1.0571288443541331
0.29002150308279273,0.23930194920598832,1.2119479345867994
0.31563170265122603,0.24953566296464771,1.2648761259265064
0.3111666610354751,0.2790315220508062,1.1151666978285617
0.328698622008199,0.2869070890147181,1.145662253020653
0.2992531693004206,0.27558956998995354,1.0858653660634896
0.29772632453133635,0.2449652793259889,1.2153817281800796
0.40206808307897823,0.303777266245391,1.32356212184156
0.3311184542058293,0.25508045644094735,1.2980941732103464
0.2727899828625796,0.24215563796909143,1.1265068414281494
0.2399681536299736,0.22479570502797164,1.0674943882940915
0.21594161644860282,0.22101746096644923,0.9770341922504624
0.35068028778385446,0.26083119673836436,1.344472180356617
0.3549475352808472,0.2923519157207869,1.2141105161077268
0.2783773476330821,0.23745251316894206,1.172349552834688
0.22650975342961155,0.20301039635928902,1.1157544514554478
0.2978098390108814,0.2481709879929056,1.2000187508597695
0.2657544495816271,0.23743799311440747,1.1192583212812768
0.233284062091856,0.24076488449919708,0.9689289307163644
0.24798238566463915,0.22726793335881812,1.0911455126980734
0.2931285021001486,0.2814066958597446,1.041654325973275
0.3753357223461348,0.274153740555642,1.369070221640682
0.209322923378451,0.22087977606762912,0.9476780858124392
0.3025027263787506,0.2438116003114275,1.2407232715439103
0.3758254627530022,0.3084661889978941,1.2183684181852683
0.20334202852368738,0.18485424488275143,1.1000127622314668
0.29308904389685664,0.250605251714463,1.1695247481517235
0.23385767737062568,0.23646985466232714,0.9889534448463565
0.2670974121145321,0.23372210697830414,1.1427990940511505
0.24378443344694667,0.24676375153343819,0.9879264354347936
0.228130503000186,0.22483076338478197,1.0146765485546867
0.2258099131995107,0.2330855657466192,0.9687854864637234
0.21630567304524925,0.20434146452357763,1.0585500771934184
0.18559073157065797,0.20859777085759473,0.8897062073465628
0.19118229521653418,0.22624916568524145,0.8450077357744055
0.29094082489675405,0.22374743381725468,1.3003091026929026
0.27959142614142984,0.23538571137682104,1.1878011817541523
0.3620337746478489,0.29398842651645923,1.2314558737487582
0.30402943300891877,0.2512774595648169,1.2099351590686331
0.4705098424966931,0.37833698945269084,1.2436263321155596
0.26801885992583135,0.23108274210120486,1.1598393609525803
0.2768737793655461,0.23869623243263474,1.159941975387843
0.2042000235377246,0.2338581119367765,0.8731791334778672
0.3192717082264524,0.28392829760423594,1.1244800568328035
0.301201982860728,0.26925682594646133,1.1186419575510358
0.26363304781373637,0.26025006589801364,1.0129989666056356
0.2192750626570433,0.259249768904045,0.8458062029679287
0.28351870601587836,0.24147804150260166,1.1740972564282777
0.24170662884622693,0.22380485007554726,1.0799883414708698
0.2144142768844033,0.20146027268076416,1.0643005394128804
0.23335430960771764,0.22857984643425774,1.0208875071356436
0.29414317153951713,0.2294868821381165,1.2817428551863252
0.34960522020088264,0.26311141310399877,1.328734531415769
0.22595246583668058,0.23966918489501868,0.9427681157077145
0.40657093287542695,0.3156582531646707,1.2880098296157314
0.22110642971054623,0.266868068592219,0.8285233631619012
0.2543759886649753,0.22616811175167534,1.124720840152175
0.23010671866652996,0.2192902485175436,1.049324902598763
0.3740038678184583,0.29034896883154704,1.2881184642176073
0.1936268101415813,0.21793723131026904,0.8884521886300469
0.29333088271650387,0.23350102010079954,1.2562295556134038
0.28167633771194334,0.24406306685033577,1.1541129157598957
0.27535123668330747,0.23982571400652042,1.1481305823437313
0.3298919598657123,0.288033778772528,1.1453238619149644
0.25009954599459383,0.26680512165065384,0.9373866005543411
0.2624613630649396,0.21786461427349135,1.2046993677250624
0.2309123774118013,0.2203926216231832,1.0477318873524009
0.3566659880264414,0.30017521400334246,1.1881926667751785
0.3135710751872864,0.2505523010221085,1.2515194388879995
0.2977530488429942,0.24886230385540561,1.1964570134976937
0.1876747014788444,0.20631577245075466,0.9096478628343372
0.25365924274252555,0.21594700221128796,1.1746365550114883
0.19992781835343695,0.2119630731340645,0.9432200401575827
0.2845733705474812,0.2549805596994664,1.1160590865550473
0.2859360044243596,0.23626819108237151,1.210217943915574
0.23257399974659274,0.25041210605242126,0.9287650002748098
0.19173663549197928,0.2116502778291377,0.9059125150157638
0.34192071331361823,0.2839596997255549,1.2041170407071224
0.32476356819993407,0.2747909206076327,1.1818569823260503
0.312199664208859,0.2581209875107988,1.2095090260562316
0.2952405802509424,0.25641313734261223,1.1514253259826153
0.30927104868295135,0.2547782956244129,1.2138830269077165
0.3026861081073978,0.25489832533443235,1.1874778216383604
0.2054714739801133,0.24179958761530118,0.8497594061533916
0.1960433233023337,0.20131210310885186,0.9738278040656638
0.2683646004128844,0.23024713645780787,1.1655502193924634
0.2172949811826676,0.22795064003865093,0.953254534165043
0.313356815132493,0.2650319151506,1.1823361535701586
0.24252684991883827,0.2245941088539919,1.0798451088336622
0.36364846755063485,0.27125186337502694,1.3406303021331225
0.3158750874021257,0.26340701354620344,1.1991901170342947
0.32542706256802945,0.26340323075730687,1.2354710366778674
0.29580585721300934,0.26460713550251763,1.1179058215918551
0.29566572399282975,0.24523125361894896,1.2056608594116967
0.33112269539107,0.303093149878106,1.0924783206886615
0.28494660145741346,0.2540835878131866,1.1214679543446888
0.2128409157551247,0.22686705833765555,0.9381746178343127
0.30425228902052087,0.242917424156457,1.2524926529130311
0.38485043672249597,0.30553798171489693,1.2595829643255514
0.2878719070264493,0.2552222745948922,1.1279262653833058
0.3029914605924851,0.28803006923158564,1.0519438522540854
0.23113865841161355,0.20149193805501453,1.1471360126999444
0.2582298648867387,0.21738708043315533,1.1878804590052083
0.2664902046543967,0.2590959247448401,1.0285387734941742
0.2359390726676413,0.21367855361021684,1.104177600799522
0.2863450203185408,0.2396973377105004,1.194610766450732
0.44770637417850156,0.3483936352218407,1.2850589933809302
0.28802556932669615,0.2477825860247377,1.162412475983848
0.32163402548203085,0.26653693948188684,1.2067146344039426
0.3006644900174875,0.2612444271096537,1.1508934117522356
0.31735593311718246,0.24826494314869424,1.278295393188507
0.4020199042364937,0.30768771180766663,1.3065842047270104
0.27514582070489857,0.24221417830494255,1.1359608369353829
0.31421077687204546,0.252405604981282,1.2448644985334094
0.3383870336966545,0.29617891058072965,1.1425088742245886
0.274857986470809,0.2280936033050642,1.205022773493563
0.265363071931267,0.2238709816049628,1.1853392968969965
0.2608101815074496,0.22261351748110894,1.1715828601000478
0.2803260841070751,0.25035918862864875,1.1196956087075176
0.34884204860564016,0.28392790354231073,1.228628973247978
0.27194369461665674,0.2528856591983784,1.0753622624497188
0.23578919768219347,0.23550053349424815,1.0012257474905142
0.30946627112133046,0.2515812110563297,1.2300849885488474
0.1942461616217936,0.23452518694818292,0.8282528804239317
0.17932525581209072,0.21482942160634036,0.8347332244867814
0.20057864712484155,0.25705972268584526,0.7802803373050018
0.19972241661131582,0.2073653612589543,0.963142616485045
0.21406249372581454,0.24514665144587158,0.873201785393669
0.2901156652443136,0.23823072648226473,1.217792807536569
0.2423357371443969,0.23194069308341017,1.044817681290831
0.2643141527432863,0.2430676171006303,1.0874099803836061
0.17448956100444593,0.1986827895171821,0.8782318862568419
0.19169244591372323,0.1938342430930738,0.9889503673593828
0.3702005010742378,0.313986219969274,1.1790342299431638
0.31438835388237185,0.24929530428840063,1.2611082057071858
0.3131510580775119,0.25768721487060936,1.2152370781559816
0.2807808441856243,0.23359544946118424,1.201996206832277
0.27648132941784875,0.2367393634331195,1.1678722347158657
0.4299250829013127,0.34144623675834973,1.2591296567886374
0.3089834348003838,0.2786614465681875,1.1088130008855626
0.36262312837082855,0.29603822364337895,1.2249199576594567
0.32945267468272604,0.2769822718544526,1.1894359609262117
0.33509088647683966,0.2562609391528535,1.3076159307953135
0.23951260076145017,0.20798906263650876,1.151563441487466
0.20408091549775037,0.18911484435034867,1.0791374743680935
0.17399937452247102,0.1884211979473564,0.923459655378506
0.3400982681180936,0.2791445512836911,1.2183589704835616
0.34150028477031347,0.29120546290143207,1.1727124943597136
0.2958856542692603,0.2481551445737108,1.192341407136824
0.2352666105244419,0.26430711591493594,0.8901259041400899
0.2868656098254723,0.2691553220669499,1.0657995079663227
0.31328967352417203,0.25934688599575745,1.2079947377093128
0.4085345726318518,0.33064380132884225,1.2355730577436206
0.22236558413108864,0.22156485048627056,1.0036139922151943
0.355765349372471,0.3125218152114921,1.1383696499129663
0.2857339932225271,0.26013160610343156,1.0984209012607093
0.3173739916891939,0.27871696830133663,1.1386963399589758
0.2651399479449642,0.2542463539009883,1.0428466087195816
0.5499165522876078,0.42205988644496,1.3029348913482242
0.2182847259685549,0.21446918490227285,1.017790626042714
0.2642646170231866,0.22605879188113628,1.169008357622911
0.3381089578850927,0.25238304022831604,1.3396659204169405
0.2883729735468866,0.2403665519004398,1.1997217219571015
0.3744394014183862,0.3208439636681995,1.1670451802721538
0.36017896384325915,0.29427665651765933,1.2239467720799155
0.29196754353519827,0.2753686359699856,1.0602788603965119
0.2397162439391291,0.2247925430559752,1.0663887719773595
0.2838503426685015,0.24652863761280158,1.151388923482056
0.223692142255991,0.26809577110905947,0.8343740049707632
0.35384344831126713,0.27490889702050125,1.2871298533669477
0.3218342002224129,0.2523524128933672,1.2753363303817729
0.3178843723315826,0.2496002175648969,1.2735740995455327
0.30069417167240103,0.2520511632574269,1.1929886289209215
0.39254402595871596,0.3296610679539925,1.1907503315298953
0.2356446249269053,0.2445289009835994,0.9636677872392272
0.34896153713248723,0.2549919611627499,1.3685197585886277
0.2601210026688383,0.2456117776770202,1.059073816121708
0.32494710316715913,0.27294021518917455,1.1905431485863622
0.19787042153826342,0.21209582028336696,0.9329293772687367
0.33055236082059414,0.2647616732015329,1.2484902245234804
0.22100492047177403,0.24902513273199572,0.8874803841972954
0.27996557367262026,0.24069291286562527,1.1631650069768371
0.2524623035311828,0.23852618009333898,1.0584259699811167
0.28607463992068843,0.26019446223123466,1.099464752122411
0.33850645412435204,0.2883439486921077,1.1739676024406795
0.3201437127104766,0.2677907289187486,1.1954996127129278
0.29411901114103073,0.24470525168974253,1.2019317489513426
0.24357227906797438,0.23552731104792493,1.0341572617810444
0.2654907977112529,0.23933216761947723,1.1092984296760569
0.2924084801545813,0.24843146109428826,1.1770187192338022
0.31532096574280866,0.26444731599728283,1.192377258788471
0.3157136474276194,0.2895951751280433,1.090189597558136
0.23885321628509748,0.27587016149071425,0.8658175099271737
0.35267323201494744,0.266955250596717,1.3210949446644247
0.3494653537771528,0.26331240352200014,1.327189107321921
0.2169992197202404,0.21560303247675988,1.0064757310110237
0.22205058335910507,0.2930086023167818,0.757829570884197
0.22942766293671024,0.2349120841093486,0.9766533033265099
0.35098788210854315,0.29064515987075323,1.2076164704226406
0.2535505668370964,0.2493349442624976,1.0169074679326162
0.18705007845845956,0.2174964670151666,0.8600143304645775
0.3460588132685547,0.2999431996429313,1.153747821856011
0.3171398744526985,0.25251225866590327,1.2559385280074795
0.2102441004534398,0.2205908166147501,0.9530954356119897
0.2901679606170133,0.247323700910502,1.1732315162226008
0.39016620621725434,0.27935811907915564,1.3966524671033507
0.34213344805959606,0.2873222865853063,1.1907654367007006
0.35958664375186905,0.286211811308578,1.2563654941695692
0.3051719820182949,0.2719415669794917,1.1221968947516923
0.27212628772009295,0.2571000413292779,1.0584451340930372
0.35336251587928125,0.2805031673218048,1.2597451902348369
0.2598714590595691,0.22740106024423073,1.1427891267545758
0.3464738742810872,0.29457903249846584,1.176166108437781
0.30299008824356066,0.22231242023160666,1.362902207298645
0.2797162063699382,0.22435600621191049,1.246751585093463
0.2564932009064893,0.24573595699050024,1.0437756201726918
0.3194026272479868,0.25461602572302616,1.2544482474776986
0.4097561370559183,0.33191147154739964,1.2345344231267457
0.3156170264506798,0.3028242134955187,1.0422450133940508
0.24439174209098904,0.23525645655967783,1.0388311788118505
0.28325413680408307,0.2580426366595264,1.0977028465951613
0.30299747108274444,0.2541745554115946,1.1920841981688097
0.396607152756949,0.32590800250444996,1.2169297768364364
0.18286978751424704,0.22967747666677776,0.7962025278584867
0.2628762098881266,0.22694757893288026,1.1583124663597855
0.3238139358764993,0.2726741861667362,1.1875489221355626
0.31065901788429934,0.28161937033265055,1.1031166553541647
0.23983615678672238,0.20003870157908915,1.1989487778788572
0.26973545500819984,0.2313414266706016,1.1659626159056504
0.30995563161785394,0.27020752346312715,1.1471021518767994
0.18820985507494717,0.2113886401220433,0.890349902276139
0.27948763594085607,0.2571366199621094,1.0869227260669454
0.25351362136908423,0.24477716523789095,1.0356914670643507
0.2847474780533698,0.27313520732056235,1.042514734174049
0.23421702098366926,0.2409671876313196,0.9719871957920756
0.21612313571389516,0.2631682854280028,0.8212354895363021
0.4071436383774972,0.33504168410404106,1.2152029365130166
0.3228787495204699,0.27266766435832873,1.1841475602921359
0.31170946477876565,0.24723965142371046,1.2607583896183754
0.2767434746622897,0.2396061338438544,1.154993280942619
0.3884140501634026,0.32021824198050336,1.212966655994106
0.21476933200413814,0.2859689977156276,0.7510231308979457
0.3212809135452912,0.27849048893449135,1.1536512962238554
0.20924716847617264,0.22149127085486572,0.9447197068695491
0.23347020667864382,0.20724401045642438,1.1265474266998603
0.21950653414725424,0.2189191567320502,1.0026830791054204
0.34271231923520995,0.28016099445304443,1.2232692131332694
0.2299824903157631,0.21389151298005726,1.075229620434758
0.22706255703560793,0.2561055418024263,0.8865975934670571
0.3011039868311212,0.24839838080697024,1.2121817616239148
0.19992622232286697,0.22239484005238297,0.8989696985585469
0.2894336597645609,0.22838783199940133,1.267290193311698
0.2976527719457285,0.26192251179738624,1.1364153844705867
0.2030678492690957,0.19724587610550134,1.029516323882383
0.2564714284823575,0.23579656628013707,1.0876809299150596
0.291888328199441,0.2742450960053509,1.0643338110729457
0.40428831676918253,0.32413500595209366,1.2472837223540592
0.40509323794153757,0.33313584083142705,1.216000166570256
0.22063613280560024,0.2397605735934772,0.9202352559420252
0.26967529677971513,0.2453363009299185,1.099206663496362
0.20389137895011922,0.23807537329051526,0.8564152441811674
0.2760599676840231,0.23990986258924754,1.1506820299283342
0.2054828805843703,0.20570251296434414,0.9989322814932655
0.41024951164140167,0.3136346609506578,1.3080490223813104
0.3206692076189841,0.29374689361779405,1.0916513998484005
0.32380452028938134,0.2781634605158376,1.1640799970237108
0.2043389730850395,0.2200671736108881,0.9285300016909455
0.38571750448042214,0.32351168326408086,1.192283074876041
0.23944031266189986,0.26155442189536554,0.9154512125116646
0.24809213909903294,0.20357094754758404,1.2187011068514195
0.20730820114734508,0.19225894816282693,1.0782759560911188
0.3822852277225784,0.32629649342259054,1.1715885258609757
0.2980231287439214,0.22712484253227097,1.312155576735631
0.32281198188651306,0.27004705233812865,1.1953916145039676
0.37729576147187266,0.27320262190099776,1.3810107635372395
0.2040865440240271,0.18961723621345156,1.0763079775843134
0.25653779855033954,0.23122243992020153,1.1094848693702684
0.29767274478314787,0.23764414801411857,1.2525986744073452
0.3372095593613295,0.24723522955992244,1.3639219619370628
0.3020892699855429,0.2601054779740548,1.161410641323271
0.2797586085555472,0.269049160101386,1.039804801658275
0.32144730042496605,0.26800146498761573,1.1994236689706903
0.2416610500446234,0.21315939095955488,1.1337105485091035
0.2134976087648929,0.2193804927482688,0.9731841062544869
0.27212914343179023,0.2536387440291871,1.072900532106701
0.36496151201500276,0.31263692765608375,1.167365335730521
0.22813805439410945,0.2725847359745426,0.8369436152705773
0.290231804661474,0.28084065948625464,1.0334394072154607
0.24904288291675192,0.23724332986372162,1.049736079239017
0.33856449752061885,0.26278734275933424,1.2883592260023071
0.23686581282073096,0.23786462977480755,0.9958009017354863
0.22765143346075262,0.20373870578843156,1.1173695865976137
0.18376664308562093,0.20457659977261522,0.8982779227432447
0.37682313282993873,0.32706795539247885,1.1521248921428395
0.20290563000404513,0.209702035813094,0.9675901772593831
0.23482656044823652,0.22824949031227823,1.028815267569535
0.35149833455472923,0.309512262201213,1.135652371427602
0.29882914757142787,0.24208039696120243,1.2344210903591686
0.35968163441579837,0.3045254939308057,1.1811215861537203
0.19594630779086653,0.2217656591339951,0.8835737172114281
0.19111917706594167,0.1977654257219421,0.9663932730822977
0.17661530211620877,0.2227392107844439,0.7929241622712241
0.1870133987814668,0.20101086297508586,0.9303646380775255
0.29982726074236105,0.2915190816945426,1.0284996062677085
0.2738176801490202,0.24496803881919765,1.1177690014945805
0.19612900089174387,0.2371886712015276,0.8268902553322316
0.30634900192529546,0.24327330707383435,1.259279144145138
0.22012421410949626,0.2232688058329612,0.9859156691785347
0.29771612861658475,0.2630470364422618,1.131798071718374
0.31845776161253364,0.24856389823420838,1.2811907275145324
0.1799624525024794,0.18592774354160554,0.9679160789804815
0.3332460272576937,0.273055310538719,1.220434155264084
0.3210215504861106,0.2562296359803161,1.2528665907747372
0.18117059328887714,0.19021513732716572,0.9524509764817919
0.26653024365179245,0.22296236410379008,1.1954046357694759
0.3782197079668569,0.28166009894056554,1.34282317371005
0.21717110166553355,0.20180087805579736,1.0761652959978023
0.186044939838039,0.19842642614639172,0.937601626210724
0.31928755474120385,0.2627770040994483,1.2150513544190078
0.20605364983529237,0.21640335808902497,0.9521739942248267
0.2026705990821485,0.20398454187928822,0.9935586158390508
0.32861910877299555,0.2640886804557339,1.2443513603305618
0.3348590599348041,0.3101212932743884,1.0797680365615148
0.2726009914862664,0.23613686521375246,1.1544194560197383
0.2885038163494441,0.2437644926511566,1.1835350309296788
0.3158043227961392,0.27090753102158116,1.1657273668445247
0.31528559921397475,0.2738026338928375,1.1515068161739201
0.2695146813481555,0.23378655226940057,1.1528237134768304
0.3234481140371985,0.24734125056530845,1.3076998410008225
0.2836594817504397,0.23843761761219515,1.1896591007371802
0.2704017075929425,0.22199478968355696,1.2180542974832307
0.21304216739990128,0.19876176829818387,1.0718468105007692
0.31292399979918106,0.2562907988708964,1.2209724312296244
0.23866954665281853,0.2578468099059162,0.9256253615854503
0.3487201565582179,0.2800893782586452,1.2450317064012204
0.30158381985741356,0.25301521381667963,1.19195923165286
0.3377097649569007,0.26335116419568844,1.282355314389112
0.29665578167052287,0.24698899479510275,1.2010890684284241
0.2470168892759112,0.26060782234513336,0.9478490977480211
0.29674691719343,0.2587684648722558,1.146766153827603
0.26192978954897955,0.2343533747754263,1.117670226852841
0.18340881643498358,0.20211859822969372,0.9074316665631741
0.24417649547195217,0.23087775190940354,1.0576008015175367
0.277352296259496,0.22473600340666944,1.2341248934538323
0.23401244085469403,0.216094525713008,1.0829170247722173
0.2841275272283903,0.2520919961572567,1.127078731413391
0.3222783654336643,0.29548722549478523,1.0906676757142988
0.25457796301299845,0.22332795521441964,1.1399287776963494
0.3045703377678771,0.2928441211470954,1.0400425201463808
0.2876869130640282,0.24690470690185715,1.1651738708180306
0.5102067677081924,0.39126951142053745,1.303977828110969
0.18524840865505243,0.2070998131333543,0.8944885359977054
0.30127428072684964,0.2445266769603435,1.232071218044276
0.29266637746862423,0.24570628279672144,1.1911228892374477
0.2089976734796083,0.2400114697284788,0.8707820243592694
0.2760997812991878,0.26228389416989484,1.0526753164658431
0.27846892085474917,0.24052190981293953,1.1577694567256767
0.25229796581598474,0.24945662214655537,1.0113901312580111
0.2594076358391857,0.21615201188794986,1.2001166844269715
0.3158353543288085,0.2740346541894308,1.152538007512299
0.36191972938114053,0.28581608265084496,1.2662678951599247
0.30069929436456155,0.23101055953225572,1.3016690447978214
0.2519848371439332,0.21382301905976567,1.17847385305836
0.30654430186881104,0.23601211450994766,1.2988498599121296
0.36622158609372246,0.2824033782731668,1.2968031343430988
0.2743645877324683,0.21876698770040737,1.2541407212142976
0.24765683946479683,0.232692891845074,1.0643077126295966
0.22417919239920817,0.20882664682600768,1.0735181348096445
0.21810950473597793,0.1951923483765123,1.117408067222287
0.32893145528792833,0.2973724632723492,1.106126141164173
0.19997272839347693,0.20721519169751942,0.9650485891275066
0.3130406393409121,0.2577305644962594,1.2146042513535698
0.2842140286262192,0.2695984186189241,1.0542125212831985
0.22902001987476775,0.2381182515250214,0.9617911202018985
0.2141247444695158,0.2213950052910337,0.9671615860892578
0.3273198937425638,0.24691504836336509,1.325637687585867
0.27177115819490455,0.23230760779342602,1.1698762721390104
0.250708864511434,0.21525736180547164,1.164693566847669
0.22422151335877616,0.2322036861755816,0.9656242631274609
0.24608938912697476,0.23140207489791867,1.063470970325289
0.327301333933439,0.2543051997903625,1.2870414533531016
0.2419794296146971,0.2281118287835442,1.060792993090735
0.20673932125046854,0.23707782455187068,0.8720314590419893
0.228594356566091,0.2630110166759181,0.8691436558635289
0.2218543181169595,0.22940807912433284,0.9670728204681954
0.34043728395953043,0.2721624966601883,1.250860379872938
0.3555054091905142,0.30576432575664175,1.1626778510239335
0.23985093413528535,0.21569361910498883,1.111998283169137
0.3265174866545166,0.2909380574946345,1.1222921107890405
0.2709351208431011,0.24359364805191588,1.1122421418203732
0.20739788177624596,0.19994188846929023,1.0372908016626088
0.24363847798784227,0.2226898528568862,1.094070856225402
0.2134382611456691,0.250355005953673,0.8525424140516881
0.19471699635483206,0.22546349373960684,0.8636298192900149
0.3321721637924017,0.26913014092028914,1.2342436363929388
0.24575671466441726,0.24706389847325264,0.9947091265987739
0.2567437813735664,0.20629075544833164,1.2445724037201047
0.3019045498152941,0.23923764931524671,1.2619441408131808
0.3129318837680061,0.2692668587263381,1.1621626413596102
0.23344307057720617,0.21775723953364184,1.072033568560833
0.29974051739996793,0.26325216381183436,1.138606091816265
0.26406319729526995,0.2693727397857883,0.9802892360424421
0.31346034943829304,0.2548376244576799,1.23003952067662
0.355861565534018,0.25540436427613544,1.3933260950438233
0.2929028218779604,0.23597140476494094,1.2412640513359268
0.23725599894579968,0.26386292371972714,0.8991638370452186
0.17544082899812943,0.17986455920295108,0.9754052147659056
0.2614990409860799,0.24401765479490653,1.0716398418215527
0.27219086474179255,0.23811681821726324,1.1430980254970455
0.25542121232736503,0.26876502993519014,0.95035136226226
0.23078528978460874,0.21754367538911648,1.0608687628900597
0.29031177914410394,0.2648532522519393,1.0961231424409599
0.24603107834224971,0.22573476965355116,1.0899121952716833
0.25043962655529944,0.21728559291413638,1.1525827515598992
0.3121532461575538,0.2591707633934203,1.2044307855963916
0.3023939071812745,0.23511542264671842,1.2861508776293589
0.27241177761500524,0.28201752570472516,0.9659391803196755
0.1829328828161603,0.21431101908941122,0.8535859872881297
0.24192927992747335,0.21831589859325023,1.108161528713114
0.20690648385335794,0.1869156932915889,1.106950840829525
0.31348708787226515,0.23476466021955797,1.3353248635424255
0.23008338065756193,0.26593173583115626,0.8651971527145788
0.24126115920694827,0.21075221940687416,1.144762128180364
0.29421867195354356,0.2768481414705756,1.062743894146077
0.3260669458515524,0.2738741383384211,1.1905722381447992
0.27276932992579744,0.22100850958161866,1.23420283880546
0.30162106639292563,0.28482136089477184,1.058983306046208
0.18846592253337263,0.2123623739081204,0.88747323296976
0.19116538934877478,0.2023291769664409,0.9448236394520708
0.3680736486542623,0.31477029032848436,1.1693404999250476
0.2510409469031441,0.26238892246113865,0.9567513161319711
0.18672052440809525,0.19840314391662411,0.9411167621747047
0.2196829160561519,0.202404729927986,1.085364537352034
0.22772355500934877,0.22075778105102048,1.0315539226982826
0.2885482314059617,0.24343023122380336,1.1853426337202877
0.19426429928001462,0.19474740489746595,0.9975193219252103
0.35176446626929986,0.29285139727012327,1.2011705238504828
0.2967802581387972,0.25588412457212734,1.1598228637085388
0.23914777176914837,0.22229810450345355,1.0757976200621766
0.21994152167686337,0.24852952801105133,0.8849713892631835
0.2895974849709991,0.26447170938668113,1.0950036419493996
0.2769527577101981,0.225395551120995,1.2287410125567502
0.2660750606830345,0.25924110382963184,1.026361393901076
0.29265952740652035,0.24152737840072966,1.211703324668042
0.33733906867036567,0.2716794045813849,1.24168068312043
0.23179845695745122,0.25237846687330584,0.9184557614172931
0.2654305232440438,0.2676614014160173,0.9916652974236427
0.19815910673159923,0.21518543070917842,0.9208760373717394
0.3083584407852389,0.2600104940524256,1.1859461361704307
0.26665212289937745,0.26727742881788136,0.9976604611872034
0.2442976413264482,0.23097550191442678,1.0576777160417519
0.2782668974930284,0.2343511682226363,1.187392832745223
0.3461165933629009,0.30405300945064156,1.1383429290447058
0.33392879723150365,0.2774549480357793,1.2035424114636504
0.32362523867847215,0.2586331557972054,1.2512906076598589
0.19654473938455827,0.20254536163779327,0.9703739339932861
0.24968748152311088,0.22755516254801522,1.097261335349514
0.262886723723789,0.2456896154853026,1.0699952588737522
0.31064981829952953,0.2523123244134688,1.231211432186967
0.35574413229591484,0.2893640586091329,1.2293998570722524
0.2334360519950004,0.19916265586372525,1.1720874627958684
0.29365656907776516,0.2755919370716381,1.0655484779347202
0.3102835625647792,0.26347247680273916,1.1776697373862215
0.2731138004648506,0.23340420391151942,1.1701323107632826
0.35814132522748293,0.27513762552789023,1.3016806572359503
0.19966514382902203,0.23861883135282017,0.8367535064062003
0.20173032036269242,0.26012704279932053,0.7755069145898865
0.19891612318748597,0.21946994732485,0.9063478877728023
0.24422111949018538,0.2495461875931984,0.9786609919615612
0.21878098654911987,0.21136261726857303,1.0350978303373322
0.3389386604617477,0.264897656042434,1.2795079636622118
0.21233242449067116,0.21387940336808878,0.9927670507161681
0.27288599562812,0.2556116493825418,1.0675804341754622
0.26882918816269713,0.2281205546602997,1.1784522817902916
0.43166101648144034,0.33621778293852905,1.283873246408151
0.1852976427646048,0.22375189987678418,0.8281388576662125
0.3489053470802379,0.28916714749294004,1.2065870902183187
0.30952561723179955,0.25400396997699676,1.2185857459622815
0.36711260192664547,0.32185833262937286,1.1406030688333426
0.21975764261991193,0.22079595735716842,0.9952974015027962
0.26041946276721933,0.2835896015535251,0.9182969380422343
0.3418720090075516,0.2744138894868233,1.2458261848439252
0.3062310217091084,0.2697390876661641,1.1352860438532646
0.4041912092638287,0.33267740733304235,1.214964408025442
0.3424305874334877,0.2534072339319581,1.3513054940074565
0.24059824113045727,0.24613473788579793,0.9775062358003709
0.27340369062794645,0.2506128512637101,1.0909404256378474
0.20219061666856036,0.2454982515761502,0.8235928988107013
0.24681784575568816,0.22961370845845586,1.0749264380281767
0.21379281803600755,0.2086899922845658,1.0244517031965943
0.34505652232559736,0.3014675657622077,1.1445892079739413
0.21200829316964617,0.21200084333992417,1.000035140566446
0.3535036050768515,0.3256496358054861,1.085533549584569
0.250318813724396,0.23078677004107562,1.0846324235996894
0.36694069177843747,0.29830711833352747,1.2300768879681008
0.358615648443315,0.27532371161429037,1.3025236596610716
0.32931662559100716,0.2790382603816017,1.180184484882635
0.2115846608880259,0.199943947321046,1.058219884737439
0.32268371931063405,0.2861659120678447,1.1276106122455691
0.3543490950855008,0.30586870065065536,1.1585006714701966
0.25491055709867994,0.24022606350633935,1.0611278117703207
0.28069370938820637,0.240107775231131,1.169032152823901
0.23726053114625056,0.21505079320557902,1.103276707840087
0.28087203089541984,0.26116552439051716,1.0754560026668598
0.3360316437998836,0.26533106101877363,1.2664617648218257
0.2343464215872479,0.24770795701131212,0.9460593208822353
0.3331513403490718,0.26229416190891225,1.2701439403930246
0.307655505160008,0.2755801220589849,1.116392223290175
0.2966332830278111,0.251615231103153,1.1789162433740046
0.21468444387114335,0.19519383902236195,1.099852561671009
0.2762335131407358,0.23907000615913207,1.1554503117252886
0.2714285056480088,0.27241825217665144,0.9963668127200198
0.2699319919573647,0.271961909836938,0.9925360213833239
0.21427268206682415,0.22084807169210816,0.9702266378198177
0.20572381970229492,0.20410824896770471,1.0079152642911842
0.42997327165492366,0.33301038084101675,1.29117077542456
0.30112940921256737,0.26684431210338105,1.1284835222416265
0.34775728932436756,0.2941836888758326,1.1821093502949003
0.22420887541328205,0.23430795130802648,0.9568982792160222
0.2989257213988742,0.24391846566243533,1.225514930110149
0.28304221317220685,0.23742006017157738,1.1921579539979035
0.31918206206090993,0.2679068467331932,1.1913919556478576
0.23389323776773407,0.22219342704588396,1.0526559713192327
0.2309199992171614,0.22483427265729647,1.02706761068025
0.40037048542721054,0.3129708393901515,1.2792581130157819
0.27700493965789535,0.25478147299630277,1.0872255992566424
0.256311585522776,0.23659865000846364,1.0833180388544363
0.26562024316431737,0.2348390728110561,1.131073462285498
0.3174299462168357,0.27960103571697925,1.1352960313714575
0.25984963758768026,0.227890263837397,1.1402401893443186
0.21816486395166712,0.2252859370809917,0.9683909558599545
0.2936102547446178,0.2504949779603652,1.17212032406923
0.4346158603992612,0.36207344640135863,1.2003527591401697
0.23395161972243636,0.21556872441266411,1.085276263334851
0.3123907100724375,0.256594421288038,1.217449344784335
0.2886286628284733,0.27179402003707764,1.0619389741875083
0.3574632339472804,0.29789837774059613,1.1999502537021272
0.32232108770172535,0.2653688753326169,1.2146152682665734
0.3676993161798903,0.31100722470993286,1.182285448586709
0.31768408815271065,0.27838537209189246,1.1411665985375339
0.2443245714048632,0.23041267928563325,1.0603781535042347
0.3072799184795292,0.22833769861895484,1.3457257401560812
0.35043672179503454,0.28983249543022094,1.2091008679853308
0.22027517552993872,0.2443973282391742,0.9012994418432069
0.30729956282643145,0.2658962567862185,1.1557122561281536
0.32903809380701005,0.31302184114162573,1.0511665659078973
0.2600277035117284,0.22457600410465717,1.1578605850986197
0.2361292513929658,0.2508427747431821,0.9413436429840154
0.2879893704644957,0.2455485989456751,1.172840617706844
0.3131921126073804,0.2922142596457573,1.0717892856668045
0.29579521370180417,0.24615971796098945,1.2016393914973562
0.3111754673125297,0.24890175779203288,1.2501939322281883
0.33119253773840585,0.2694828175181045,1.2289931535844787
0.2695923232631641,0.2225047137263797,1.2116252224422057
0.30841226926143744,0.2610766544212718,1.181309259324984
0.2968500587676599,0.2590788555663089,1.145790373817997
0.2830560930990783,0.23989997319714443,1.1798921414070735
0.30905827648658335,0.24755221713881834,1.2484569116715873
0.2239933821310536,0.24288576801348957,0.922216990987357
0.3172824188084464,0.25605482415183195,1.2391190826395386
0.29895276276779964,0.24096646561431584,1.2406405264967244
0.24662105933391257,0.2488934858619019,0.9908698834759774
0.22009056951136236,0.25293987041886135,0.8701300002522281
0.2839623538894081,0.2526807144787818,1.1237990777220677
0.25603617058560973,0.21434555941465683,1.1945018655147475
0.17303404148528773,0.1923810879373564,0.8994337402938043
0.31872060563295135,0.25945181619734825,1.2284385220511278
0.23001109007589784,0.20341099184960956,1.1307702105201614
0.28124645121068054,0.26545892527821485,1.0594725753369172
0.3180469743927049,0.26094751238780517,1.2188158893810102
0.3353638341310649,0.27415702272842907,1.2232545816025486
0.29719644108136634,0.2328917588599125,1.2761140305532837
0.24113294217305903,0.23102098106895963,1.0437707478226015
0.19294733179002826,0.21768452619882483,0.8863621827386915
0.26492677080271426,0.2638659278569046,1.0040203862409434
0.26387867562747536,0.26663561155900045,0.9896602861283027
0.2054304855620524,0.22228626795021952,0.9241708336569764
0.29951347542869594,0.2697483423921034,1.1103440813487049
0.30329018285026915,0.23041825964570928,1.3162593247453895
0.24432425493465096,0.22304091184680538,1.09542349388557
0.2481017605284967,0.22321345433287484,1.111500027048129
0.31548263794763004,0.2558049140485626,1.2332938916401663
0.19975215352323888,0.20525257071591796,0.9732017135108529
0.3348810557482391,0.2580809361035328,1.2975815292838868
0.2817333564595651,0.2433441431501963,1.1577568821357425
0.41289260901887,0.35057483018450947,1.177758850518625
0.17209829805423635,0.21329266584452206,0.8068645838000168
0.30712059453433177,0.2640626418117613,1.1630596150487071
0.22427016424754237,0.19192502879110548,1.1685300539495653
0.3293887595018477,0.2644585729867427,1.2455212012293508
0.32455578030273996,0.26255941460350773,1.236123186795085
0.2797877541008958,0.2636215436458613,1.0613235558500163
0.3064162505815625,0.27483016211200617,1.114929483091756
0.20946302685974888,0.22501081398934628,0.930902044866459
0.4496769008031896,0.3539480343603327,1.270460229044248
0.35393323975997526,0.31397803409973724,1.127254780019248
0.2243076323968739,0.2112678330008067,1.0617216507163085
0.3160623420821938,0.2467510915810822,1.280895415931062
0.23132062468396988,0.23513483908029822,0.9837786080053165
0.23617898753848063,0.22944572029093355,1.029345795768208
0.23598892940126434,0.2200588562037434,1.0723900572434673
0.29441185063758996,0.2944547430803978,0.9998543326476621
0.20111398147408896,0.24258244933450565,0.8290541299497132
0.316083923784463,0.258372751929261,1.2233640019091585
0.2828578037997319,0.24346195365777612,1.161815222255765
0.2612043111861321,0.23160662028655393,1.1277929398691564
0.23104103330658926,0.24496633110570804,0.9431542378241778
0.2026319748393399,0.2238547759004863,0.9051938875292037
0.24770571975096972,0.22058172059513378,1.1229657610914217
0.21293591620194965,0.22605273775938392,0.9419745069781188
0.4247591809917923,0.3343344011347124,1.270462086911138
0.2706237079936528,0.2426041294575545,1.1154950601984728
0.31311057078269877,0.24380760452385844,1.2842526852030922
0.27243408350743287,0.25816171389708703,1.055284609769965
0.23836405158705537,0.24580921608520367,0.9697116136786034
0.349789199729258,0.2762458433660696,1.2662243003082285
0.30408188467032937,0.2573692977024246,1.1815002309324198
0.3203832017340423,0.2911932742860956,1.100242450721124
0.2582936027920513,0.22161081280169,1.1655279791026585
0.21236035778747572,0.22210371043036198,0.9561315179111284
0.24606951420831608,0.20854944122997146,1.179909726715453
0.3116541683188206,0.24437131218183766,1.2753304204828981
0.30975413386431416,0.23428548228829543,1.3221226122886789
0.32457984726127337,0.2410113429229382,1.346740959677801
0.30533517075016325,0.23721843151925576,1.2871477515244352
0.274953173170878,0.2421684014811689,1.1353800557347216
0.3358571179846916,0.2850781072411157,1.1781231510023589
0.27396025808321706,0.2222199143087727,1.2328339651078777
0.3544884773044656,0.31646057699232377,1.1201663116258056
0.2286599895841816,0.2156710870839911,1.0602255159734606
0.21068244023644941,0.21905639742373167,0.9617725969852224
0.2330833878982467,0.23475229756684937,0.9928907632176532
0.2891936489350665,0.24182523423815888,1.1958787090443066
0.20235018109470354,0.23117028692340966,0.8753295407802358
0.2873976831532564,0.24945837761971282,1.152086716411586
0.22547381915033274,0.24239973362743752,0.9301735434118937
0.4084816482788241,0.32175999381167464,1.2695228000218928
0.28023712271562146,0.21895626632300097,1.2798771527379806
0.21391327922484588,0.2505743686672077,0.8536917816560396
0.20782988601709707,0.20645688097074497,1.0066503234956197
0.23070766762232975,0.21295538387378746,1.0833615165093151
0.3317422104837946,0.28760920410367236,1.1534478234716505
0.36372290722854234,0.31837512950006913,1.1424350507518628
0.3078690010956398,0.3074552712889621,1.001345658524387
0.23984480526952276,0.23954841893583498,1.0012372710911825
0.30714218376926866,0.23218532273457443,1.322832038441905
0.26133056336732513,0.2535753440538334,1.0305834912397687
0.2254190879151643,0.20824007199973296,1.0824962061838577
0.2954993755615433,0.2819200867291739,1.0481671561253965
0.3193703430975484,0.2433914729920083,1.312167345764142
0.22484417897075137,0.21460277559490615,1.047722604460519
0.37545842626763093,0.30128512782424105,1.2461897106539555
0.33796184863426754,0.29279712692777204,1.1542526123134973
0.3676293573523367,0.2960742832442397,1.2416794640994513
0.3393677105708043,0.27311616414268836,1.242576438623029
0.23061953120863077,0.2497789012529469,0.9232946820239482
0.24556522452943877,0.19241912263454924,1.276199689340788
0.2012483494266049,0.2375534656952945,0.8471707572759325
0.33351294703515366,0.27296972646965145,1.22179463396368
0.20794221693110632,0.21802599664581482,0.953749645134797
0.32713399406118276,0.2718921270933374,1.2031756769068989
0.33291585963663284,0.25625933419152125,1.2991365199904117
0.25767662341087233,0.2176268350576715,1.1840296411175009
0.2329220566551714,0.23060148901747451,1.010063107777769
0.15888261434410494,0.24400166763814424,0.6511538051441874
0.26007810439220935,0.2210365035498419,1.1766296526381848
0.23457493463558673,0.22920090925597952,1.0234467890945638
0.29148322781625186,0.24477334056446762,1.1908291448082842
0.19622464177966145,0.21469648254593174,0.913963002340672
0.29305654648520507,0.2489850656993273,1.17700451495793
0.34456860764025254,0.29167243678645444,1.181354712281317
0.2137234162973328,0.21928044421290818,0.97465789557513
0.30459854216939475,0.25334901363851114,1.2022882496949783
0.3366804997743017,0.28985397176822575,1.1615521350989786
0.21851444192741554,0.22715986837261445,0.9619412244463108
0.2870347722374699,0.24267741063193146,1.182783232646302
0.31685832568489414,0.2656368204218339,1.1928253213606457
0.21500029736905302,0.24191302921762645,0.888750382996682
0.2355497078738069,0.23881108965617878,0.9863432565586994
0.2381262650798624,0.23399097560190096,1.0176728588242523
0.3400615495080989,0.2643833160491158,1.2862443613685668
0.19146027091778695,0.20027099155211836,0.9560060068308069
0.23011983337136374,0.23900699120883204,0.9628163268675971
0.27094829488506694,0.2410488536012275,1.1240389275333487
0.19185323425437448,0.21373322612604903,0.8976294314728078
0.22977807143501083,0.22198458912344435,1.0351082133329201
0.3127813322130046,0.2549188484624384,1.226983936651087
0.21862590941026405,0.2422115967566423,0.9026236247058165
0.22362549140599086,0.20338165206675032,1.0995362125025736
0.19978680188752493,0.21955154844250063,0.9099767380590714
0.35387411133149244,0.2714538501237502,1.3036253166796807
0.3163435888864939,0.2481488126263364,1.2748140341209107
0.3015322805442832,0.24648089695561684,1.223349493890309
0.23297937508377484,0.25289422120386174,0.9212522689317079
0.21465133889684837,0.25431199666159054,0.8440472400619069
0.2140517880116242,0.204417319349306,1.0471313717105102
0.16560158270843967,0.19602419243409624,0.8448017596813479
0.2853068106376358,0.25685487864366224,1.1107704558473475
0.2864943988024601,0.24201034180693257,1.183810562240416
0.2840409361917047,0.23967505124532726,1.1851084821547206
0.3008430406730158,0.28269752814457255,1.0641870222479044
0.2256712053838444,0.2214276949287981,1.0191643166244893
0.19609530016817947,0.22643075765512352,0.8660276642577509
0.3488398908570482,0.31569050828365974,1.1050059526769251
0.3860171662375808,0.30868187979025336,1.2505339364263173
0.3128574674480109,0.27183188106606154,1.1509226446179033
0.21491489022290905,0.19816266815498282,1.0845377296536214
0.28988253458860497,0.24247711367894997,1.1955047228598317
0.3305988253326017,0.2989195736510599,1.1059791812714217
0.2802041523471444,0.23053287731846966,1.2154628684916657
0.26727927208495117,0.2194798609776381,1.2177849525437012
0.2504823872861233,0.2320271500748765,1.07953912809467
0.30824375601304765,0.2887132884062697,1.0676465836213787
0.259340123716977,0.2478100857665722,1.0465277186549449
0.2511750173413172,0.25378799812706965,0.9897040805513421
0.2625150864730208,0.2399696977904535,1.0939509816870896
0.27129893658091075,0.2415234486361203,1.123281975778883
0.27835900018116,0.23121095845770018,1.203917850771271
0.17838410912429153,0.20760937005324476,0.8592295669436407
0.2451512981868056,0.238499328246162,1.0278909378469105
0.2525918905968443,0.21650239747388098,1.16669327242585
0.3075365484962505,0.2712347037560709,1.1338392330976454
0.2799491269118431,0.28125682368182864,0.9953505242899817
0.24583967148253097,0.21745339456774515,1.1305395897415729
0.3103904699272519,0.2718734006588913,1.1416728123274054
0.2864733370007627,0.2444130040867368,1.1720871320705164
0.3175671841030651,0.2599540823944159,1.2216279935978678
0.24917159904389552,0.2219670796539475,1.12256105469496
0.27040761048016904,0.22659477303126538,1.1933532572830283
0.33369617018982833,0.25627119346830973,1.3021212633135566
0.21962385768357495,0.2012121701620546,1.091503846445728
0.31453432201729076,0.2531711347907435,1.242378291969448
0.28465022938585915,0.25863023571706023,1.1006069286394828
0.2583373708529556,0.2399292131460317,1.0767232862791072
0.34557026402947766,0.2832883700226049,1.2198533388501018
0.20373729768378696,0.23704686065868963,0.8594811047809521
0.2503722871906933,0.22767816124421858,1.0996763405961099
0.323729344264638,0.27202034282087295,1.190092405985297
0.20047280414218027,0.23179928633684838,0.8648551395919969
0.2372456083686458,0.22021414056788896,1.0773404821181602
0.33027806449353303,0.28443164605812127,1.1611860672705998
0.21259234146100686,0.23877322391383474,0.8903525193332579
0.3012129295367543,0.24776718142974336,1.21570955361643
0.2949410906722294,0.2744083210092102,1.0748256087406696
0.31386841712140745,0.2798223937817611,1.1216701168177394
0.24531764714752952,0.22410561429849896,1.0946519475445942
0.3118783738296331,0.30552984294104424,1.0207787587211699
0.43182048884785335,0.3555645927024734,1.2144642568760742
0.2873257024682269,0.2755908016438011,1.0425808871501925
0.29386581219004215,0.24912506515956356,1.1795915116041107
0.19318656425816555,0.2185248490501364,0.8840484965343348
0.3460180050939362,0.2888267401614769,1.198012361668746
0.44815687199945275,0.34607951250316865,1.2949534884569323
0.19827796053183752,0.23143680894630325,0.8567261250903305
0.3486150397266373,0.29368949176256515,1.1870191120371343
0.2330527962070148,0.21117862110574037,1.1035813899472413
0.19848729831630227,0.2264602232577469,0.8764775352640756
0.3054893077773933,0.24928412095444194,1.225466373902023
0.2619980872287605,0.25542930358707333,1.0257166407668958
0.22076537913091027,0.20201764046363072,1.0928024831111456
0.2318112784205447,0.22046289815624434,1.051475238505926
0.31926059119409805,0.27576632369967674,1.1577214610939541
0.21652611083026482,0.236235193757216,0.9165700816483482
0.29764055773570314,0.24488230246801299,1.2154433159765865
0.2816107051313704,0.2611669703001763,1.0782784086659072
0.3639517573196588,0.3039956161538175,1.1972269926928958
0.21722476880544372,0.2286565756275667,0.950004469406806
0.34906304441717156,0.2907805518670311,1.2004346307754172
0.32362315583135787,0.2951195815250881,1.096583134738034
0.2563183502467108,0.22622591626506625,1.1330193926428198
0.2755107259756492,0.27122181095301606,1.0158133116490993
0.22669035681077349,0.22072195242584994,1.027040375093314
0.273195180500107,0.22280364743209524,1.2261701442000394
0.3543404071918749,0.294956118220074,1.2013326230700283
0.28101645478019494,0.28043366247060053,1.002078182428101
0.31439913181119733,0.3049214089927145,1.0310825102435142
0.2437243410348085,0.22109605398996554,1.1023459561420754
0.3131830352411343,0.25494446243779934,1.2284363121538435
0.18865022866342454,0.197400516923455,0.9556724146602741
0.3392919878940455,0.2924024255894757,1.1603596899377344
0.19623987328113476,0.1829231557043311,1.0727995180573433
0.29994281969412306,0.2454374244066359,1.2220745080716937
0.2589322211402527,0.2427012128642686,1.066876502529311
0.2265879982789165,0.22691197914822014,0.9985722178682687
0.3797078019882764,0.3140292045130041,1.2091480554400238
0.3289154114267202,0.28700795237053767,1.1460149752299493
0.296923587372985,0.25921688288207395,1.1454639222247922
0.3722072347512654,0.29129031818485984,1.277787868373482
0.2513335029604376,0.2802438797662552,0.8968385078384903
0.23001283571637215,0.2542237019173208,0.9047655036947635
0.20746508047242132,0.23893555256504478,0.8682888680450501
0.3377400080906668,0.2745537515620164,1.2301416614020582
0.3133229640653672,0.25542449395566397,1.226675481325425
0.32201647549367135,0.2904486541337015,1.1086864094933568
0.19383247681137594,0.21486231666857636,0.902124112858567
0.19239911931391684,0.18552620706982376,1.0370455061451584
0.34988301545459327,0.28002412736769855,1.2494745318683318
0.31281738799225073,0.24130554241664576,1.2963539289625199
0.319725865122352,0.2745486190026993,1.1645509865748354
0.2769406694683828,0.26535618717673315,1.0436563489056094
0.2260498524006408,0.22682306715886794,0.9965911105607016
0.34047282106709736,0.30272176923076716,1.1247054413439037
0.33947475130365135,0.2791798071493621,1.2159717236355538
0.2743731883997438,0.27158728082885236,1.0102578720269564
0.24651343828423714,0.23562652749827123,1.0462040963789434
0.2907496449425217,0.25600968773041677,1.1356978226882055
0.2087044473220223,0.22118664458932663,0.9435671295141721
0.2975599162879189,0.23586518663027164,1.2615677647857217
0.30132492671756306,0.2690177151802427,1.120093249307669
0.2950619061424302,0.24513717141621597,1.2036604013899121
0.32276915299352643,0.23811302502452275,1.355529177625983
0.3703393374864418,0.3148572295566583,1.1762135429061176
0.35335272844970605,0.26416211080657265,1.337635921256101
0.2186307758577945,0.19640340157613628,1.113172043372384
0.3452107427257448,0.3001680465576592,1.1500582646442128
0.43174635606018275,0.33826795575371615,1.2763442375089342
0.4112112451442705,0.30397066431160524,1.3527991132813106
0.23725114144701592,0.21003077299345396,1.1296018105613996
0.26513863740617477,0.25635342422626606,1.03426992717739
0.35507109390356034,0.3053873837484443,1.1626907750584805
0.31943313129250966,0.26528267199016176,1.204123619896124
0.2367113869448509,0.25846520665738687,0.9158346301466713
0.3106645980785358,0.250456687611595,1.2403925047524003
0.21245332236941838,0.23718670717680532,0.895721876230821
0.24569873653243723,0.23478595452965034,1.04647970541785
0.3509618616787664,0.29641311788894603,1.1840294524692985
0.29918955004579234,0.24342851751767086,1.2290653251999273
0.37759118107542033,0.2951253726991507,1.2794263591166555
0.3032448860343864,0.2812356494174622,1.078259056639914
0.35198700783336695,0.29667865592771697,1.1864251128302448
0.1661469232835663,0.1855360681919288,0.8954966271662862
0.3162704748343776,0.25625409103462826,1.2342065391324393
0.269598899328252,0.2600983985422165,1.0365265639438124
0.33915931711620423,0.26144911703560036,1.2972287723198637
0.3370386417531115,0.2626553214137083,1.2831974617496595
0.2743647863618611,0.26943826367202556,1.0182844211608801
0.2501901046966982,0.22329182381824642,1.1204624532080776
0.38137954737107166,0.3004710462507514,1.269272204859299
0.2567149222615537,0.2551546131877778,1.0061151513362119
0.3263072973689877,0.2484516785038795,1.3133632235207158
0.3874900946361519,0.30709454825999266,1.2617941179082564
0.25420873191958615,0.2452019914525008,1.0367319221745803
0.36405737033738306,0.26363650490286394,1.380906526854158
0.29256956532942147,0.2408879395394866,1.2145463400481415
0.3230115819889123,0.2671955769704576,1.208895692254015
0.2127679335737142,0.21187855527284938,1.0041975852616114
0.2965883494456825,0.2358610161657047,1.2574708371361958
0.2971732011130105,0.24156542264812977,1.2301975914238372
0.3307214020377212,0.28582775488283396,1.1570653877657542
0.31409437105523913,0.2868903328171737,1.0948238233436807
0.19233756155536458,0.23836328902143833,0.8069093288021622
0.286562539096517,0.281276894610707,1.018791605663613
0.20753874368209257,0.20139899474574355,1.0304854994142356
0.2665701866863126,0.2521073292032721,1.0573678580815047
0.34870421157484255,0.2943791598499171,1.1845410923538946
0.36209867797230405,0.28906709139895187,1.2526458000456326
0.3005485848858332,0.2419742396765012,1.2420685164158005
0.20861332933314886,0.23283496751487745,0.8959707880639496
0.3782093153949197,0.3012597740613293,1.2554258748063898
0.23788363769319565,0.2234838940569994,1.0644330263572532
0.22029791414718958,0.22154738143263636,0.9943602705779364
0.3434238219831164,0.2841222674829671,1.2087184331784357
0.4009471807708229,0.3073802114385643,1.304401408582412
0.38564170181863083,0.3317085116534478,1.1625921201007037
0.31548720656240203,0.2952500598341126,1.0685423967048804
0.2924550576388836,0.2629119611721167,1.1123687805418117
0.29658444734653866,0.24065473382994343,1.2324064547847933
0.24589927503382888,0.22293294569510472,1.1030190009247631
0.4067559865200073,0.3296714783911113,1.233822193248533
0.23942055926138464,0.2439710789105568,0.9813481185167835
0.31635494509560597,0.2518511519134103,1.256118714137837
0.3693427693361446,0.3131342188171459,1.1795030601616285
0.29546184055651264,0.25667574165348417,1.151109328264415
0.3741651814208869,0.30289759383731724,1.2352860802910395
0.2536724428693284,0.20615274016311533,1.2305072572337084
0.3010547481850855,0.24304778748930644,1.238664837458482
0.27643225059628873,0.2510405939873355,1.1011456203383352
0.2247664996479077,0.19694406713154108,1.1412707319473794
0.3064341700186809,0.3023290415685932,1.013578346389711
0.3275182553486366,0.26524272068440674,1.2347869698498797
0.32592222200216225,0.28740676566298584,1.1340102632947053
0.22310336121132845,0.2678123981896391,0.8330583748902768
0.3326375273947828,0.29484126377686104,1.128191906159127
0.27045376245294644,0.2425069425667531,1.1152413188274006
0.2882279387726087,0.25477669992695773,1.131296303214702
0.31942686417833716,0.25465186259932976,1.254366887081932
0.3120489047972941,0.2841607085789235,1.0981423376857355
0.2431170383920978,0.24646092623313992,0.9864323814239059
0.37095401637599557,0.2667570522272873,1.3906062211990873
0.3370031604596324,0.2939213947980199,1.146575807083448
0.2844939872789983,0.26864860449175004,1.058981816850401
0.23950517890720902,0.29139726680320444,0.8219197850917359
0.37967370557302843,0.3100007708777755,1.2247508433542669
0.2909432279132846,0.23971480371674062,1.213705717804054
0.23996655476226667,0.21256783319801215,1.1288940153928744
0.31883435947328603,0.26861920873158046,1.1869380487673291
0.32332598417213143,0.2725053551448767,1.1864940562369355
0.24147424369852027,0.2248451187947547,1.0739581316815028
0.3100603906453909,0.2783084868841049,1.1140888807121012
0.2478416969379747,0.2138768936687842,1.158805388869119
0.35637233841060556,0.28746110435489175,1.2397236809145415
0.30151991366314485,0.24686012605128502,1.2214200749476418
0.3224249698573104,0.2623785426580718,1.2288541836955404
0.21236846776606277,0.22627524202247265,0.9385404513012134
0.37843312843094984,0.31221224907074085,1.2121021182138332
0.2616114334502771,0.22319928284892604,1.1720980018889693
0.18129945894189564,0.19078057383586852,0.9503035623420987
0.2662546117882028,0.2550516527069609,1.0439242755823797
0.2905166966984899,0.24247741507563494,1.1981185819218267
0.211817748497625,0.2271448538329018,0.9325227709250585
0.30664755581052405,0.25689502133581443,1.1936687375878448
0.2577148500425417,0.26503231984044123,0.9723902737511224
0.2818602938249326,0.2518283311072883,1.1192556952809634
0.2790428975050506,0.23620257682101928,1.1813710978965877
0.3203832524974397,0.24524618922355707,1.3063740297525706
0.24400307013588607,0.20355165657985352,1.1987279997407607
0.3505575742851127,0.29822140312226303,1.1754943495500663
0.24952415573058329,0.2601475311625089,0.9591640351747587
0.362913451025501,0.308864139229335,1.174993807733807
0.3694971500174018,0.3049745148871191,1.2115673014650572
0.2690292688464442,0.22831372561025493,1.178331561658685
0.33058765070479557,0.24875031153438337,1.3289939162914386
0.24095057729357192,0.21768169524150258,1.1068940685446893
0.22735922781680562,0.25977137663446526,0.8752281747220053
0.22193960835962945,0.2534113534717201,0.8758076752247692
0.21939134447031228,0.2524612705089984,0.869009904085437
0.17946185101110756,0.1919582204381469,0.9349005768103277
0.21634384574160928,0.25020068649513144,0.8646812635576803
0.23859133048918804,0.2307104491897346,1.0341591866650663
0.3590453538715942,0.29285793627998535,1.2260052038621576
0.31893040874402756,0.2534815431983267,1.2581997281533548
0.278463875889947,0.24401109135047946,1.141193518494543
0.2585976272634987,0.21735247151933038,1.1897616137320997
0.2659324789100827,0.2383278992540083,1.1158260520169048
0.19275215251573294,0.22462816858641366,0.858094306376281
0.23747672874321718,0.21875137137384917,1.0856010970434837
0.16084387703865466,0.20187104364078215,0.7967654703607073
0.3256055051573983,0.2706849029565195,1.2028949586807978
0.24105234917149682,0.257890429744634,0.9347083930574297
0.17325285550201136,0.17815975444429785,0.9724578709844336
0.21315435616610726,0.2322567941456227,0.917752942169957
0.2671732649801717,0.2229486671942435,1.198362243392097
0.32182827114626644,0.3052061184591558,1.0544620559084077
0.27891611341006856,0.23186120866470677,1.202944274362891
0.3002634021272975,0.2691860964493649,1.1154491487036307
0.33035793264738816,0.25680605111006843,1.286410235348368
0.3114099076486999,0.2644876407580223,1.1774081645410663
0.235041396399576,0.22143867774577394,1.0614288289303229
0.3153111754556242,0.2650659614143204,1.1895573983668402
0.3554406583407689,0.28584078037589583,1.2434917714447375
0.4244046169986233,0.3224664242871525,1.3161203307811546
0.2584981809556353,0.23874344419518484,1.082744624997116
0.28175697460564586,0.24025045261529038,1.1727635537770216
0.21265145235748523,0.22102238314502143,0.9621263210158959
0.2990813451312931,0.2644860852436908,1.130801814604829
0.38587957443362014,0.2793056076098355,1.381567587331289
0.27944847843780224,0.23772523616217733,1.1755103620852483
0.2854370622749205,0.24693691185573852,1.15591087670876
0.3165188185629587,0.2524959192200154,1.253560134915116
0.23500709070785422,0.20523894942493193,1.1450413840371478
0.25464620932484927,0.24415296609612122,1.042978151756702
0.2356411397482881,0.2225938196630563,1.0586149251806798
0.40501405448561617,0.32593190026698565,1.2426339801469286
0.2426931546487871,0.24311271904056023,0.9982741981027199
0.2368145061941148,0.1937801082889948,1.2220785109735848
0.29529726409069196,0.25938727787842203,1.1384415862874406
0.24024082598451285,0.2179930360537018,1.102057342443409
0.2783446896738279,0.23193842551119867,1.2000801034168813
0.35000427247612237,0.3148374424783439,1.1116983727251482
0.24260655014124563,0.20783840187671965,1.167284524662333
0.2557997319293333,0.22643595857495455,1.1296780491012817
0.19817682281682683,0.20623110940495534,0.9609453364656391
0.30104997672877837,0.2472561496921785,1.2175631510220088
0.17586423164832266,0.20037973650640659,0.8776547704597859
0.30941407237533236,0.24965621022453063,1.2393606075212706
0.22213446298673464,0.22229099570893346,0.9992958206800073
0.35783743540714874,0.3002765624098362,1.1916928598601375
0.2102621481820439,0.1927549867011766,1.0908259847409718
0.28374469800549806,0.2653404299856953,1.0693609640294732
0.27635816213676717,0.22311024801114912,1.2386618929443223
0.28254513058971803,0.27496348516784286,1.0275732809294558
0.2057884701936101,0.222209090544182,0.9261028416508146
0.31344991528238064,0.2861892013015358,1.0952541670226135
0.323162258106321,0.26561814979027604,1.2166422300640225
0.34725175962426774,0.2733105912917419,1.2705389790533155
0.20653362292401958,0.21831108578644035,0.9460519248484619
0.20891618645328164,0.23443718929438986,0.8911392730909228
0.2249750499811427,0.21481325413801372,1.0473052553665996
0.3201140061614901,0.25849753473179865,1.238363864837709
0.18585887894399417,0.2272886488369176,0.8177217819502732
0.31842815924407847,0.2682238118528634,1.1871733424575857
0.18888067415745635,0.21351878886017353,0.8846091492264324
0.32836069790180783,0.25558261878832245,1.2847536325377484
0.3142178798958073,0.2780930066151724,1.1299021277821086
0.23229722885011195,0.24919829565071536,0.9321782408002801
0.1772400587815373,0.17678392133761478,1.0025801975681454
0.21960842741198244,0.235431922021322,0.9327895109826845
0.443107680719639,0.3470716883127491,1.276703619571387
0.22012191762835506,0.1972157560380486,1.116147725975237
0.29694685627239875,0.24893056501914668,1.192890299548225
0.20873953518906566,0.2279185223978633,0.9158515639403888
0.25519578235745827,0.23237393055530287,1.0982117561450122
0.19387540083779464,0.20990602029586405,0.9236295393744585
0.22846126655857782,0.2184869365998802,1.045651836736417
0.31582489000789615,0.2540038138978465,1.2433864088942872
0.24206528193027893,0.23294468710287672,1.0391534786254826
0.22197429921254958,0.22202125425542382,0.9997885110457928
0.29703711332342775,0.23277945192047184,1.2760452474340789
0.33746640256433313,0.287020543178679,1.175756964386518
0.30775385963358687,0.27163776091513114,1.1329568414817688
0.24364134229367024,0.2446122304909228,0.9960309090215806
0.22437584022780835,0.21145879748951102,1.0610853882252784
0.20999068817683703,0.21655768936990738,0.9696755113513743
0.34362236315052996,0.2845547343651443,1.2075791461251506
0.19933043065963335,0.23125922927372203,0.8619350297310848
0.21475596420438242,0.2048848778257492,1.0481786966582687
0.3044692687152254,0.2758060331570996,1.1039253392321522
0.2466593797265722,0.2190770488690963,1.1259024210881945
0.5000617381133774,0.38166698097760354,1.310204348389051
0.21953108706184576,0.20420904585514113,1.075031158108312
0.25162181645390713,0.23683697033084536,1.0624262593057507
0.2813199114734421,0.24211862859556105,1.1619094041019187
0.31503765907952425,0.28237338257605044,1.1156776046151464
0.2618630491412807,0.22293133357650702,1.1746354581035727
0.4271183429395444,0.34266708558394127,1.2464527843743416
0.21854931364670727,0.1845287865209698,1.1843643355985078
0.2564486058312017,0.23146866076549508,1.1079193398497011
0.3525949903506281,0.3064291873933151,1.1506573291859994
0.22233092018706174,0.21609109983498914,1.028875878538438
0.20801744564552982,0.22827428452610732,0.9112609686954872
0.34240399494514967,0.28198968122070506,1.214242994505746
0.2637982095623834,0.3048537355782835,0.8653271348700354
0.28622778217254774,0.2669645213149845,1.0721566325093626
0.3164354402691457,0.28411017325303844,1.1137772246800794
0.34120770173486675,0.2656143660100912,1.2845980692245524
0.2282742503854816,0.22584663245250028,1.010748966706386
0.247876065574373,0.256906737765651,0.9648484416180797
0.30254380722167196,0.2522213487616407,1.199517046067294
0.17426959593346097,0.2130563916055757,0.8179505652009753
0.3404094948726721,0.27919087653431585,1.2192715575031756
0.2810407749321141,0.21601790365277504,1.3010068618379713
0.25765259676680585,0.22729608424351502,1.1335549295726899
0.2455202028239088,0.24960867854992,0.9836204584321232
0.29109900275566436,0.24900915087150435,1.1690293378249361
0.3275302654827704,0.26114563439344507,1.2542054024510687
0.20663738634269024,0.20858384847894282,0.9906682029771395
0.2995845198729066,0.261486313044809,1.1456986653889183
0.242030140363567,0.21330755380616764,1.1346533962107106
0.3091802977155406,0.2401698986244478,1.2873399184758119
0.19712073731853974,0.20659315411105364,0.9541494158735675
0.39835510093613596,0.30282651409576944,1.3154564821564978
0.3495599379021038,0.29942434872705675,1.1674399205949302
0.18235493192312185,0.21475070945559196,0.8491470523445735
0.2872347564123323,0.26951211020725363,1.065758255506404
0.2887504660644736,0.27993606269619387,1.0314872020538695
0.24796476185395364,0.22886578602389593,1.0834505504814231
0.3083814702224521,0.2740592993318892,1.12523629365701
0.2680988721036748,0.25774848304367654,1.040156934922656
0.2203375243758901,0.22101214413926376,0.9969475896177517
0.27225894672139767,0.22741451014688163,1.197192503440313
0.30099093731359433,0.2599598488317824,1.157836253045226
0.19754289043689638,0.20382630332902132,0.9691727083820869
0.28122563110699367,0.2278292630448341,1.234370103947761
0.30000716830404334,0.2552329601776724,1.1754248671300243
0.29304302567005597,0.27714309065127596,1.0573708512141355
0.1945397130665038,0.20225318910530923,0.9618622773122792
0.25160266824663596,0.23836661176636748,1.055528147932235
0.2118299901646385,0.2548690540002185,0.831132641801452
0.20611702975366314,0.19239511736022236,1.071321520949771
0.1954191773992953,0.2252961589612479,0.8673879674660072
0.32133641498174137,0.268552202818339,1.1965510303376956
0.3382123978061025,0.26943020633484427,1.2552876027039694
0.3456699773933605,0.30012690535285363,1.1517460488487785
0.3890022759292126,0.31449832057633403,1.2368977844344171
0.3332274671265756,0.27903461623828396,1.1942155121069753
0.21021276710059406,0.2162688445217142,0.9719974579116407
0.29924960789380267,0.2285164068819732,1.3095322649999594
0.3914338681784796,0.32787436017876226,1.1938532429466693
0.22808003469794708,0.2550517730530185,0.8942499476392006
0.1983836391328273,0.20294325973414123,0.9775325349199224
0.21812343589759955,0.23666053083034633,0.9216722160315132
0.2752353773266203,0.2476567875295209,1.1113581019612153
0.3287605040284774,0.2760636141978752,1.1908867634864422
0.20516396802589326,0.22392342338325308,0.9162237917144902
0.21056659811053483,0.25857479135239725,0.8143353689245185
0.3493338942996661,0.3038530813766873,1.149680275470355
0.3102392073281636,0.2734359728062712,1.1345954379893075
0.30137967355324763,0.2534978911581297,1.18888434209991
0.19035441989477997,0.2140736247078535,0.88920071379441
0.18293120604680005,0.1928312339013463,0.9486596250293603
0.280395654822963,0.22140960208780675,1.2664114481889703
0.23702718326513308,0.24586759093004104,0.9640440302381155
0.3102514581261751,0.24047365743859025,1.2901681682344104
0.31791506894661387,0.2671632365846924,1.189965629293583
0.21113314973005648,0.2255292536124338,0.9361674654095354
0.37477301155634535,0.28926977863454756,1.2955830136331639
0.2101388563551623,0.22830067709277568,0.9204478016934095
0.27569756923571925,0.24933873419487312,1.1057149629236713
0.35045389553747364,0.32027986134970154,1.0942114626271373
0.32574928436902845,0.2767971058418008,1.1768522050776267
0.2517062468382577,0.2297114866430343,1.0957495008919718
0.3178227100507948,0.26453646776918543,1.2014325008985263
0.24487206273895068,0.22211818380484552,1.10244041502742
0.32603033842375,0.28973220682215134,1.1252816592249955
0.2845660935021461,0.24711126608963843,1.1515706993258703
0.3370485085037808,0.2938870312264723,1.1468641780386963
0.1750077341054984,0.19471981140848468,0.8987669659270873
0.24548269308767454,0.24981869434573054,0.9826434075743935
0.3543446911217154,0.2823282737369422,1.2550804297123783
0.33393143139547576,0.2732405185802912,1.2221153477914757
0.2173052770651337,0.20234681982878375,1.073924844724553
0.315816889215175,0.23487554238956782,1.3446137729034244
0.17233746166831534,0.19363795143314289,0.8899983726992592
0.2697638128171257,0.26021711734225295,1.0366874230733882
0.27310063769062565,0.2196862931828212,1.2431391769324154
0.23216034109670505,0.2142516090797959,1.0835873863156809
0.2141481446435946,0.24392542971842476,0.8779246382420908
0.20235529348327286,0.21341243870266863,0.9481888436934042
0.27516660047436514,0.2284510412977333,1.2044882742107919
0.3197630960290524,0.26026990202476946,1.2285826887452436
0.2736681067015458,0.24189369171085182,1.1313569393478669
0.33575614796805736,0.29600940222662353,1.134275281266248
0.2100041956550175,0.23939864467892064,0.877215474367757
0.2176230688581981,0.2138859983708299,1.0174722539849896
0.37607134781164303,0.27687279231839235,1.358282063985458
0.3287835545636243,0.253784689788359,1.2955216283449162
0.35342034460055405,0.2554457166106394,1.383543827979905
0.45809088166423484,0.35005989622849953,1.3086071458046102
0.28678915456233006,0.28187726855132994,1.0174256194415539
0.28826213893793773,0.24700175639711164,1.1670448953184391
0.24535567884487264,0.29387410264990077,0.8349006483812924
0.2781438791741383,0.25989101462173336,1.070232764987938
0.28276643983985217,0.23585092519320636,1.1989202060929511
0.21778667533825763,0.19837819920400793,1.0978357310033369
0.2151906409142356,0.23221544262661745,0.9266853163604788
0.31194795981291923,0.2612586014516693,1.194019864148385
0.2843034635025448,0.26375327299444445,1.07791444737269
0.29413789458894624,0.2942219184440529,0.9997144201371843
0.32501898004866325,0.28211542981902166,1.152077999622936
0.32805097999200195,0.24236094533208716,1.3535637086350725
0.2785396744196467,0.26030334441270836,1.0700579934848045
0.25865103732358047,0.22688831105913526,1.1399927837453323
0.2058145823393809,0.2061572932129235,0.9983376243052016
0.24220028418062758,0.25537176941988327,0.948422312814072
0.25923527881662023,0.23651437486199892,1.0960656364666141
0.2782462312654643,0.22606309045734943,1.2308344130947821
0.23589298373327555,0.2260821165326914,1.0433951492981777
0.23350947528707267,0.2616720817794721,0.8923744317663438
0.3100180046970234,0.2683535215941576,1.1552596845212144
0.22521236454315227,0.22749567211942534,0.989963292246393
0.27422596180087483,0.25539581885897356,1.0737292529925835
0.2758454401414804,0.27192833323398286,1.01440492375661
0.2681501892278576,0.23144095451468316,1.1586116631352104
0.17263736407668268,0.1992141311514967,0.8665919585061808
0.27056677915108956,0.23771050598768878,1.1382196930122324
0.26097756883553697,0.23075501544267046,1.1309724659067057
0.27017458201507677,0.2708142690605355,0.9976379123312895
0.3247526765915404,0.25407776585413044,1.2781625165028623
0.2464216163032507,0.2532107948084322,0.9731876419000308
0.2917526091127745,0.2514398482850905,1.1603276533239717
0.4150151417584172,0.34078956435750957,1.2178047251559627
0.3418310017280594,0.28080862496353826,1.2173094817598449
0.28627099141767876,0.23342943859671933,1.2263705603655686
0.30940101557974914,0.24746416252266673,1.2502861522480422
0.39872304030009426,0.333133983716877,1.1968849165474509
0.33428980758098586,0.2919427856619695,1.145052469178151
0.3249385923275564,0.288256905680692,1.1272534531661746
0.19765528042283773,0.22054021418446187,0.8962323771823175
0.23214880190868908,0.22184779864571294,1.04643274950601
0.27050041647976986,0.2712316443076378,0.9973040467688256
0.25561597219515586,0.23128840992296476,1.1051827987415965
0.3379692594036177,0.29398010596884255,1.149633096055273
0.3258367504088517,0.282202438817145,1.1546206041825875
0.35879243987727694,0.3047897370519188,1.177180187717932
0.27224846314858164,0.24749039091374997,1.1000364989663773
0.23388318645440628,0.24273292079285502,0.9635412686934173
0.26644089731885073,0.22209858319625625,1.1996514947752352
0.3884913158035612,0.3123097723784519,1.2439294257266909
0.2892426849592724,0.24963728080930953,1.1586518008110185
0.2248414741197232,0.21008596111060565,1.0702355975197653
0.21864894103279653,0.2449003950138873,0.8928076290787438
0.42969291292441464,0.32280772212488046,1.3311110096622314
0.4057953361453409,0.3360060692267479,1.2077023997786687
0.32951895469264586,0.2937586922961708,1.1217334612874066
0.3734103629111951,0.28953412775119114,1.2896937774191592
0.17804358344469132,0.19517464773007506,0.9122270003577726
0.23484920035154327,0.21974651305080867,1.0687277676949651
0.3031435300069742,0.2516924131042667,1.2044206111266182
0.2404224375482475,0.25523361296068736,0.9419701220359202
0.3346486955748571,0.2734419580404881,1.2238381335950872
0.30165909315932554,0.2629213743937333,1.1473357533403932
0.28790220162761665,0.2530794892579088,1.137595948497512
0.32101648789824966,0.26603943227432914,1.2066500261030118
0.29338686909934997,0.2629437035150568,1.1157782642342295
0.36235302435223016,0.2885942863192643,1.2555793427987985
0.31182113440414516,0.24836651419220143,1.2554878237846452
0.26677084259573136,0.23537069059155538,1.1334072306337641
0.19099542050471163,0.2194173065281418,0.8704665257579176
0.28193365436192275,0.23862994673222404,1.1814680354360196
0.2703746097375826,0.26554921759734323,1.0181713664378262
0.2396336440715093,0.2613045112973929,0.9170666165758623
0.25143194631386423,0.22561072774846033,1.1144503137022486
0.23159785250900522,0.21736590122807992,1.0654746268872772
0.2798402776220874,0.24216486595550885,1.155577529869673
0.23786247490760168,0.21886797486584345,1.0867851957482635
0.23270245848737411,0.20423934955872483,1.1393615333683058
0.22805104009753246,0.2142038059687194,1.0646451358144178
0.22092982754480067,0.2158588221425864,1.0234922314125507
0.28644262935679005,0.27032628942643694,1.0596181006462517
0.3402042852697626,0.27979753480737857,1.2158945056609234
0.23950944649366357,0.22959005800095944,1.0432047823807016
0.3837513888080619,0.2979378480781661,1.2880249732735602
0.2527400079918509,0.2193086299233459,1.1524398655911998
0.2812310747232953,0.2274594767062565,1.236400781342164
0.2922806600774321,0.24103334407230095,1.2126150479402504
0.27972138509752803,0.271676373970314,1.0296124797664337
0.22122738866167518,0.23278302945599783,0.950358748997607
0.18103242844283685,0.21375805397879394,0.8469034269033734
0.21685212657637032,0.23937278786542307,0.9059180390140503
0.3215333596232329,0.27702981513503094,1.160645324282189
0.22913650994130302,0.2108180963586277,1.0868920358312764
0.3402480950302464,0.28494264987932244,1.194093250604452
0.2731415093152437,0.2490755432352365,1.096621152632711
0.28961169830604183,0.2640364106163621,1.0968627305225713
0.2431480939212101,0.24937609006600236,0.9750256885367642
0.17245270187716455,0.18885732317427387,0.9131374890770243
0.26176083225806834,0.2684645145961844,0.9750295403167173
0.21102525124889907,0.23033686755939758,0.9161592474747076
0.36229481851915063,0.28720737561026266,1.2614398141737866
0.3177880207002318,0.2709884476061343,1.1726995136047937
0.2996223883017828,0.2606301996931299,1.1496073312093644
0.28305447405366524,0.25772046321208886,1.098300346529829
0.24972142620751678,0.2277354841903794,1.096541573638818
0.22703769629554577,0.2185562173582789,1.0388068527163572
0.20592565098360915,0.2142476091480292,0.9611572880672372
0.27687468992276126,0.23211812328404563,1.192818061793247
0.4344483599325837,0.35239501650395816,1.232844789471374
0.2480206489951814,0.26407968468913895,0.939188674384925
0.35843670372805175,0.2899399744794521,1.2362445170645278
0.40096504233581237,0.31191034984713895,1.2855137462809982
0.3314164903666353,0.25864175540931983,1.2813727228310217
0.2616907100963539,0.23118458601341968,1.131955700892461
0.29412360004170196,0.2820542357539466,1.042790934358753
0.2257817548019461,0.20826100374559567,1.084128813081844
0.26623324520951974,0.24397215901862565,1.0912443709988835
0.19436816860314982,0.25600634733872196,0.7592318339903554
0.35536947626950227,0.3073453634287191,1.1562545545019134
0.2556782865416747,0.24036992388201248,1.0636866809808387
0.24131343721046605,0.210735203852918,1.145102634958372
0.24172126043417982,0.20950348753529288,1.1537815588557185
0.1890992172742371,0.21343764878746557,0.8859693608344424
0.25027957691662184,0.23189701543479227,1.079270366836604
0.15858242275283108,0.1968948981116688,0.8054166170567364
0.24778595540445245,0.21496925425489868,1.1526576498732304
0.23271842903095466,0.2253872334350922,1.0325271111594425
0.25287512963841474,0.2231064922816081,1.1334279296508873
0.3398719406251338,0.2918950679363113,1.1643634235686728
0.2643088823463171,0.244871008910024,1.0793800520642092
0.18487964221475436,0.20093505001285597,0.9200965297140824
0.3186948345679064,0.2712657156589935,1.1748437645121943
0.25492181271864806,0.23948376083733158,1.0644638777482818
0.25276740734540193,0.21913809894150205,1.1534617146280761
0.4109914809725985,0.32359115659442134,1.2700949101885437
0.35229180381146186,0.2879953304745713,1.223255263309096
0.31251529138135825,0.2471014613858516,1.2647245776234495
0.22209861882199208,0.21055786334269716,1.0548103751438225
0.2153573231003627,0.21315367796078263,1.0103382928254492
0.32996713041661513,0.27489858180606275,1.2003231455351868
0.22251866115373659,0.22062064392511582,1.0086030808126234
0.3123536279220048,0.23958352322862997,1.3037358484119614
0.22213402334716525,0.2018884236680407,1.1002811320792412
0.20649359965753972,0.21560363287731718,0.9577463834991998
0.33188774791956005,0.2710655038136859,1.2243820893848585
0.2780621246412161,0.22685685830041744,1.225716192688297
0.1906502541476413,0.23224388826396358,0.8209053662198085
0.35466758444639834,0.28885436607784815,1.2278422142693632
0.3763646205960819,0.2816740486002453,1.3361707351685153
0.3354751504485435,0.26006562033461655,1.289963471591902
0.2633604287580081,0.24755206873085037,1.0638587272092048
0.26026127067229166,0.22456500901119297,1.1589573630294268
0.37811304593538375,0.3108690031671563,1.2163098992924357
0.20801676556289467,0.24324201778884025,0.8551843446039622
0.35895511748769326,0.27956569069530846,1.2839741407285536
0.22299408152398137,0.22157703556132127,1.0063952744880367
0.3073169591950152,0.2742807520426972,1.1204466843053402
0.32502386316682325,0.2515387355413581,1.2921423909812997
0.24277190756217482,0.20826843362429912,1.165668283654149
0.2056194348147988,0.21254933034979212,0.9673962956101118
0.3276096526858213,0.2690781777413809,1.2175259080307017
0.3425408240014881,0.2726618248581914,1.2562844988646285
0.2598410715356762,0.2413038304289447,1.0768211638985568
0.4343766987841882,0.3401588014133328,1.2769820947727577
0.24787799851581796,0.22195822596982306,1.1167777064028206
0.3110718950562696,0.24268382078291378,1.2817990670030306
0.249746578253538,0.2283677382823851,1.0936158501719588
0.2980114862035297,0.24796660907694826,1.201821032730466
0.3436868824585112,0.2638138712084411,1.3027627428542676
0.21541733110663627,0.21854433662731293,0.9856916652751831
0.20512990677811355,0.2181402031696053,0.9403580990461617
0.259541296682008,0.2460515166112457,1.0548250230543215
0.2779328841554425,0.23759054609827115,1.1697977411966767
0.31276316552758754,0.2586950905134703,1.2090030966834369
0.21825145855365993,0.2222409808230629,0.9820486651263511
0.31601409040171347,0.2561149001263009,1.233876241662917
0.22799801003570086,0.21930756734536663,1.0396267342505718
0.2987631878340808,0.26606371627297504,1.1229009051634717
0.3847865375460986,0.2943165688101548,1.3073899954110308
0.3572080858243106,0.30710301496833786,1.1631539529533388
0.22432649704587343,0.258745250058887,0.86697822276861
0.26700252234297084,0.27105375537367404,0.9850537653495404
0.31163804841706105,0.25451300267783006,1.2244484373615345
0.2799652591912522,0.23037849815937675,1.215240404065709
0.31475230767649015,0.26364176324262145,1.1938636117633352
0.20802225681159398,0.21259588609058266,0.9784867460838825
0.22721188824662508,0.2501956252153377,0.9081369350525971
0.2872867178539404,0.23961670975288235,1.1989427538263935
0.34939506944366044,0.29613011579805065,1.1798701003512067
0.18471720159717953,0.21078040665709338,0.8763490142501025
0.28236118113895264,0.24477638797855775,1.1535474621174953
0.20261706217539494,0.24027801442511143,0.8432609311350271
0.2911372238730328,0.2536783815097131,1.1476627300300142
0.2748670826530552,0.2555873801211835,1.0754329205249904
0.3178283401079491,0.2856770307969842,1.1125442574828956
0.21389796503099867,0.20355259788588614,1.0508240486859926
0.3047177180167411,0.28114991984797644,1.0838264445585055
0.2707507542483627,0.22232773403255535,1.2178001787609494
0.4690659681738778,0.380387735530131,1.2331258985523272
0.24399884921893814,0.23882111318773327,1.0216803948448843
0.35113228988695555,0.2933685363230458,1.1968982573519833
0.32649710945976945,0.2496000166498323,1.3080812807709754
0.3972631919715555,0.3274396739129722,1.213240861207128
0.2634300234156161,0.22882876454407028,1.1512102682566463
0.27119886687019373,0.231611355312223,1.1709221532105147
0.18125861578493704,0.2109893268289508,0.8590890283842819
0.28319125813883744,0.2490768193991504,1.1369635232294257
0.28208527195832395,0.22947795297810297,1.229247813558982
0.3264963438694955,0.302772959187873,1.078353710137311
0.3266210013583169,0.25088341416456456,1.3018835957967034
0.34573563668890495,0.2592119048601443,1.3337953628150059
0.3398125019449971,0.25511759822994806,1.331983776511999
0.32256535433404876,0.23953783843651227,1.346615450984552
0.24552327793330475,0.23799480872379886,1.0316329135491478
0.1620095015506284,0.17837815994937745,0.9082361966095268
0.25357642512048373,0.2014735491791096,1.2586090142039181
0.25154922525147255,0.21429529918337026,1.173843879030797
0.27814876719253706,0.23299279737434542,1.193808436685879
0.2948729490324605,0.26693134936749857,1.1046771004273956
0.2786209773657578,0.2603347012260714,1.0702414086695529
0.31338472117836824,0.2579379792700474,1.2149615270509313
0.26157698318893546,0.26460469386399904,0.9885576078381294
0.3035946901080604,0.2649394606590386,1.1459021217634648
0.26580623674001974,0.2371379797052152,1.1208927269703566
0.26924207358163577,0.2143608613823727,1.2560225399606275
0.26573844915736344,0.23486831533118555,1.1314359230730984
0.1869962922364234,0.20142190404564517,0.9283811168523523
0.25829843021321247,0.2956926059747432,0.8735369941420694
0.4068450940467477,0.3093560269054989,1.315135502988049
0.18407672584558288,0.1841439998732242,0.9996346661977169
0.34551886360424616,0.29616235382091516,1.1666535572349486
0.33420800466769784,0.28010766323541897,1.193141240076712
0.23876303040567723,0.2456330210215947,0.9720314858835144
0.2754643570982982,0.23513611723505046,1.1715101888109098
0.27923654586924973,0.2424571011306508,1.1516946485258022
0.28337858091468904,0.22625516415167912,1.252473427411871
0.280215070205789,0.23799824038704312,1.177382949344882
0.3123007751748552,0.24987609481649964,1.2498225386634048
0.32671943213575716,0.2905669585036421,1.1244204565388045
0.23298154681780944,0.209908747883956,1.109918234311077
0.34891498745272553,0.2913517203598529,1.1975731154831535
0.29637866988551126,0.24662241816742106,1.2017507252090638
0.26720265912168417,0.23516423186770247,1.136238521477219
0.22835663217257496,0.22301260359865716,1.0239628993504561
0.2877738536094432,0.2313828390933088,1.2437130373933816
0.3969304860177081,0.3269244977081077,1.2141350336251178
0.37763654610360603,0.324371427470227,1.1642102667574443
0.17716283931394253,0.20379300339832826,0.869327387887134
0.26421965943506337,0.28355421082856413,0.9318135627857406
0.344423275738289,0.29761675365295864,1.1572711264094695
0.22063898984775437,0.21591743204705546,1.021867422912245
0.3029712368241458,0.23054545127919893,1.3141497051582969
0.30555026202452445,0.25772458679206905,1.1855689277757613
0.33871070097755585,0.295801910351067,1.1450592072768
0.292790633661731,0.28244694974926915,1.0366216874412844
0.3107650202998128,0.25234091898923877,1.2315284478815167
0.21816872037285187,0.25099890112194356,0.8692018945009575
0.26547784678306907,0.21717720455574838,1.222401988855705
0.3029996573284673,0.27519140517281165,1.1010505838225322
0.28184499498527116,0.2594780559850906,1.0861997324408263
0.30417947197299317,0.2802222006330231,1.0854938376968366
0.31620513670664335,0.3038272918518009,1.0407397399338307
0.4128516063346426,0.29316185397510597,1.4082719178386016
0.2054270843437305,0.21261414902953893,0.9661966773208028
0.3454099259373005,0.2789154065134836,1.238403895485789
0.17573121529267197,0.20134486832045506,0.8727871574704497
0.2445073283214044,0.2445481447735222,0.9998330944111
0.1817316938325097,0.2003752863949326,0.9069566267484851
0.30670529714963657,0.2503757894407267,1.2249798506266725
0.2647751261750975,0.20665532667026584,1.2812402682344899
0.2445469397932914,0.24973650960478497,0.9792198192418633
0.1993837101267381,0.21623359765001104,0.9220755344849525
0.2947927890036796,0.2805782489862779,1.0506615893026579
0.2574396945724923,0.2242830968623879,1.1478336895376833
0.31133682172159816,0.2600561505603511,1.1971907645743083
0.2156028037913569,0.2204833894690912,0.9778641570710319
0.2480767056200474,0.2499416531529317,0.9925384684410997
0.35046826598151176,0.27985314836076747,1.2523291877699805
0.2281394331832609,0.24134969303531334,0.9452650646209044
0.23358222825124014,0.23233593024583907,1.005364206922633
0.20795561849542576,0.21876938580768843,0.9505700156704348
0.2186983342833477,0.18413873982932336,1.1876823664920122
0.3222593389676287,0.27056157773724004,1.1910757679000368
0.1597071201692922,0.18228720663620596,0.8761290664134359
0.18803078118693217,0.20060128954530448,0.9373358546853541
0.3187519969046986,0.2630872380977427,1.2115828924635075
0.3115168619432397,0.24419292613736726,1.2756997791492137
0.27925394372600304,0.2565871904982991,1.0883393796225156
0.27327522564021184,0.24250536664138392,1.1268832085037124
0.35744531939635693,0.31531486306211515,1.1336139245866832
0.26692305025207685,0.22582314216751742,1.1820004260416817
0.19748190396053772,0.2187355102854488,0.9028342206659759
0.30207246578394586,0.29431142851997616,1.0263701525387519
0.24761229934195067,0.24925660800215096,0.9934031491747408
0.22165717308478647,0.21519754573505365,1.030017198047815
0.31566893517249606,0.28269143733794716,1.1166554535400572
0.3828915236954839,0.32561594474265126,1.175899183923871
0.32076632735693233,0.2700732290311714,1.1877013079290062
0.3070042989604086,0.23348856507246832,1.3148579625949692
0.3019903355301632,0.24732851910844178,1.2210089504387271
0.17085755816354256,0.20576293782495333,0.8303611912311172
0.308263158003011,0.26752634217030036,1.152272166928439
0.3106980612643427,0.26475854991571873,1.1735147415003142
0.3299658337323431,0.2723677021308537,1.2114719592333216
0.22660378190927874,0.2429350462577242,0.9327751816791391
0.2078258170466138,0.1886892505569472,1.101418424383911
0.33386298007638626,0.2947197862752702,1.1328149504171943
0.3252395790961434,0.2652823729576327,1.2260127782711228
0.2852124937715483,0.2493261303947813,1.1439334229426525
0.32362118411827623,0.2801650499705432,1.1551090478712531
0.25113707493551335,0.23098592937365112,1.0872397102996911
0.22339898466502547,0.21365260923182341,1.045617862886134
0.290226818812415,0.242256972189633,1.1980122437311418
0.32850593466166955,0.25129293071952447,1.3072629370076663
0.3350317188581924,0.282257717080548,1.1869709793003969
0.2742293542691967,0.25325605687474545,1.0828145934721876
0.3235013350791202,0.26963947522474246,1.1997550982083922
0.22629249277057836,0.21062831254434952,1.0743688255249666
0.17826037663447314,0.19735471090343015,0.9032486522285234
0.22269406891629967,0.22996596654893312,0.9683783746709924
0.32078465691383323,0.2963739873129952,1.0823644133621564
0.2935412417391127,0.24178641676319737,1.2140518299942522
0.18096315624685927,0.2115535356399151,0.8554012377976813
0.21309868542442073,0.21553861119426482,0.988679866886379
0.18163929541986445,0.22206600064958446,0.8179518471469547
0.3189116176067493,0.286837455527844,1.1118199923363628
0.2854883105590608,0.23782616624349825,1.2004074869825876
0.31716498307407764,0.2716797104972549,1.167422412566515
0.21681121934533104,0.21612534525876592,1.0031735014037522
0.24375706439029715,0.24504567257495183,0.9947413550661233
0.2576531463530371,0.2438561155920621,1.0565785718659422
0.3614789208645919,0.29771364194502437,1.2141832618182218
0.33446379475548266,0.2879122456482968,1.1616865896147104
0.28012181092241895,0.2869951812731645,0.9760505722770189
0.24301526806407686,0.23893017236989453,1.01709744589251
0.3443092989474067,0.26177693047886036,1.3152774704691221
0.18603802456278656,0.2445388325788339,0.760770886982999
0.339523640207108,0.29260247711414406,1.160358051496126
0.40196183376439315,0.308278625445524,1.3038913521282194
0.3321416267685486,0.2659931275522387,1.248684993574952
0.28083016354640633,0.28202856481941707,0.9957507805148104
0.32452404372274574,0.2714061199305689,1.1957138026429377
0.4167573435686085,0.31958690946297325,1.304050107274163
0.3514788113588058,0.2982760173765184,1.1783676557379024
0.23317578943800604,0.22005537915154277,1.059623220014212
0.22126890429690635,0.22940791978460073,0.9645216455677015
0.3205367089475257,0.29161113366073554,1.0991922870833957
0.35067346145841255,0.30083920942243775,1.1656507877801183
0.23467783528095199,0.21332973858593363,1.1000708894902569
0.28886646367234886,0.23012021441248537,1.2552850448616484
0.33474969868012705,0.2622211949342071,1.2765928351600937
0.31396702587155,0.24505498729975786,1.2812105125103905
0.20175034249449506,0.2115039454351694,0.9538845343021555
0.22629747779120485,0.2517896498608906,0.8987560764162875
0.3125746761154167,0.28274708937841103,1.1054921088757392
0.17536488976669015,0.20949811412992153,0.8370714480892012
0.3722316971833073,0.27323444654881174,1.3623161423638812
0.2535766634033099,0.26829666483253445,0.9451353544092228
0.2887697339926955,0.2634571278794897,1.096078653543905
0.29327110801815975,0.26423952809347295,1.1098684217844088
0.2972545793884834,0.2676836496251182,1.1104696898924467
0.2583095626311416,0.20800120084804505,1.2418657275918767
0.20964464349418144,0.2413865975133544,0.8685015889607671
0.19121828925620563,0.2499992446343364,0.7648754680674845
0.283528408745024,0.26435191827645943,1.0725415218985088
0.24052234262743138,0.20398116439834482,1.17913996293171
0.3497887066568379,0.2963245158612886,1.180424460123226
0.2724994890107317,0.2369562581681525,1.1499991226961241
0.37689420519790484,0.31441341823461405,1.1987217572141526
0.25681318703780565,0.2250036876017358,1.1413732360350188
0.2874961542512689,0.22679192015177624,1.2676648888499533
0.42529720728162523,0.32236521957474973,1.3193023982012047
0.2952253882268993,0.2397757046760001,1.2312564720676196
0.28651804224057514,0.2599270661547802,1.1023016820801597
0.2626071565329395,0.22782680603176364,1.1526613619660135
0.30531067604377,0.28561442776723706,1.0689609710213397
0.3148392180946556,0.2617741866523633,1.2027130028399735
0.39450267745989365,0.31823894486914905,1.2396429909673754
0.31052419566363315,0.2555198012369983,1.2152647041847746
0.3534681225003203,0.3017002442020462,1.1715871275980987
0.3355332444478908,0.26779222706794875,1.2529611039186497
0.17928248153117832,0.2261229864435391,0.7928538551119109
0.248728200193838,0.2775424109553561,0.8961808731777826
0.22220806073884147,0.22496147672059671,0.9877605000558607
0.35295947232873587,0.29174419442223665,1.2098251793072645
0.24282509129003016,0.23853836520007432,1.0179708035072697
0.28971913981177994,0.24955270760674939,1.160953702286916
0.33951989524996795,0.310691658025967,1.0927872908051866
0.3028005215768435,0.2762337321276573,1.0961750371490067
0.3154132739820067,0.2740678269655244,1.150858447977125
0.2713602067871129,0.24911840895126966,1.0892820323053445
0.22697815901130042,0.21893414347552637,1.0367417133210803
0.30097257741447947,0.30037264414821513,1.0019972966178914
0.3430877308963264,0.2835853069860845,1.2098219563722379
0.24071036554058156,0.23510523833788344,1.023840928608501
0.19255663204185003,0.21511599774957,0.8951292979428581
0.23158148451283508,0.2340862259036138,0.9892999198004497
0.42355669058535345,0.3294265168452059,1.2857395167869208
0.18265145927110776,0.22268253231715665,0.8202325407857567
0.26578586393168224,0.226621460127833,1.1728186014764768
0.27371758873685315,0.22706622199833962,1.2054526927340812
0.25611813670639183,0.23263376661150267,1.1009499628405535
0.20163127691426386,0.21107586724188454,0.9552549969305701
0.31115483751438267,0.2580678530838644,1.2057094047016643
0.20922323718756133,0.21973708917977378,0.9521525836559583
0.20975874020077606,0.22294103041315852,0.9408709550325807
0.2714635973892301,0.24242249191010157,1.1197954251286961
0.27716572695990743,0.25017243543887463,1.107898743815156
0.19527192160880757,0.19395300919789743,1.00680016472219
0.20374208292248214,0.25474383905439285,0.7997919937093323
0.2853576580988814,0.24873172787217834,1.1472507369286034
0.3433954995668342,0.25141774646920695,1.3658363595622016
0.40525107879394373,0.32896030054740644,1.2319148484470182
0.22043611007401073,0.20199176150816278,1.091312380406676
0.1857156977590704,0.21550024467611406,0.8617888023198845
0.29080054028038527,0.22883003096996352,1.2708145825429533
0.39415640344740466,0.3251649391037519,1.21217374952482
0.3391159491418049,0.27453477514801056,1.2352385921199838
0.23172709213920825,0.20519063879073407,1.1293258479278758
0.3499349546602368,0.274783765307652,1.2734921012107263
0.22728298463393365,0.2220008293000616,1.023793403612617
0.2946135212299576,0.2308897418276564,1.2759922502311372
0.22839599109198855,0.24647061784601862,0.9266662009776674
0.30876304041717806,0.25506908493535946,1.2105075003324135
0.3433889361577799,0.2973883461954154,1.1546818849859615
0.3308438597617293,0.28022623751316117,1.1806312738513318
0.22153656683944625,0.23786730681699506,0.931345168043152
0.40871093073272424,0.3339154052310969,1.2239954321660083
0.40413967897838843,0.34121802245377025,1.1844030865431296
0.22635858509734713,0.21701902094870892,1.0430356938659564
0.26181456590132135,0.2549120929200806,1.027077856143156
0.2055707324660348,0.2562459799891043,0.8022398340640339
0.2356276823823371,0.25225382069680957,0.9340896472111087
0.27081309106292095,0.24899358114457143,1.0876308128830061
0.26580819030468694,0.2389521075900246,1.1123910685932927
0.2331350421283259,0.2155635937651278,1.081513988778381
0.21007252840093665,0.2512592006303912,0.8360789490449697
0.3126306257860285,0.26762807413031153,1.168153329212408
0.19066162107892265,0.20100032083246833,0.9485637649197443
0.26836692735461004,0.21999926021933372,1.2198537717220275
0.16765623303791166,0.19167539916756443,0.8746883208071214
0.18341504592581243,0.20165744180194597,0.9095377006019447
0.3372903890821441,0.2983150503089241,1.1306516004903493
0.3758563602844465,0.29129894566608233,1.2902771049342996
0.3295827646336375,0.24992456063259968,1.3187289948591285
0.36374119024415724,0.31176388073078015,1.1667201132842628
0.23905607514987248,0.21650038128899649,1.1041831599860668
0.18804308053982574,0.2068202466129355,0.9092102133102508
0.301457000487192,0.2466967947511895,1.2219737219984228
0.2090474834939443,0.24514585985166862,0.8527473546582981
0.23457137264609407,0.22544662598791357,1.0404740883488302
0.20662054236277555,0.18480515845025222,1.1180453191645936
0.35607683738517637,0.28881785853257186,1.2328768006048327
0.324531094015633,0.2923884834438347,1.1099311785239059
0.3239331627395621,0.28565581886764746,1.1339981241189054
0.3475196749408149,0.2654953963942796,1.3089480256927823
0.26487676225070955,0.23009425323111873,1.1511663526192175
0.33742493020792724,0.30273437521785695,1.114590736400866
0.17809546265594092,0.19659064029040169,0.9059203550731618
0.3059722877829723,0.24475257859282362,1.2501289651047776
0.2692996996543859,0.23914126414635795,1.1261113828083242
0.3141974479694514,0.25519805952634916,1.2311905841000745
0.1928023869174712,0.20062431139918502,0.9610120806039781
0.27774948087529233,0.25555206478650344,1.0868606407360994
0.31037620307826974,0.24453626781452273,1.269244050594923
0.20962687309763547,0.25464898777344286,0.8231993181301673
0.3532738082436105,0.28977686604864256,1.2191235727710203
0.27353872816835945,0.23564989488363397,1.160784426844049
0.24291055804896639,0.20970090954467915,1.1583667356350285
0.3365874893734505,0.29343381738411384,1.1470644125957956
0.26428967311270796,0.27268448103336035,0.9692142072447997
0.24595362854452826,0.2628669707869442,0.9356581688761334
0.40310621719705775,0.3317335148227776,1.2151507134044315
0.28629966209751956,0.2729101988331898,1.0490617914668472
0.20390072933775732,0.2047488653292485,0.9958576767195886
0.3098621576073881,0.2746920694159662,1.128034596216041
0.3184136623005844,0.25161413524131215,1.265483999916013
0.3352440564140141,0.2670347794952663,1.2554321839562363
0.3303333559527236,0.2780958304050048,1.1878400171323773
0.18842360910637665,0.2132702394080578,0.8834969643648161
0.2522095308911353,0.25331691507098264,0.9956284633438828
0.2167597527868737,0.2468383908674212,0.8781444086762704
0.2040922988571964,0.20822780345449451,0.9801395177363916
0.3242376024578797,0.26715742425725947,1.213657465665842
0.3947703363813216,0.335798190580263,1.175617818842782
0.2627951764143654,0.23256978191270092,1.1299626901357722
0.3331410029139773,0.2908611974119257,1.1453607627220683
0.24939935488783416,0.2322479210882501,1.0738496763252698
0.2578963917176418,0.24315962714414385,1.0606053099627515
0.32211786313681706,0.25654896218730616,1.2555804568082374
0.28548100932784026,0.25101698292087776,1.1372975884178553
0.2643622297866841,0.27406895179285373,0.9645829199452475
0.3216028580503196,0.27504595958670847,1.1692695232955568
0.22176796057595785,0.20555443795874168,1.0788770253672193
0.22686023129911814,0.23117892526337244,0.9813188249779508
0.2285418823881065,0.2446830570706175,0.9340323156177809
0.26348105809345573,0.22252042032585398,1.1840758601283419
0.28171062740229336,0.23229430253477826,1.2127315406718453
0.30158848309144837,0.2630567038961569,1.1464770850717498
0.30594954515193673,0.25746893645922975,1.1882969237354344
0.25693633254872766,0.22149228593127265,1.1600238422228981
0.3865976600934461,0.3173548396856643,1.2181873781296857
0.2596536928794416,0.23910779629194776,1.0859273386569444
0.3202563004172012,0.2486083643888272,1.2881959993764152
0.20377381452674417,0.22408157390861758,0.9093733633352866
0.248838812065354,0.25583031701364617,0.9726713196860118
0.2589584189257665,0.20550333059618098,1.2601178685255767
0.33318724333522065,0.2870442859202487,1.1607520500435675
0.19269426370423187,0.18857133237411797,1.021864040934569
0.345410649976919,0.2781530523596597,1.2418006814834206
0.2232573434109969,0.23924218841260828,0.9331855091793293
0.28342203870213156,0.27816004268413186,1.018917152755743
0.39178668347815815,0.295504246738527,1.3258242065970218
0.20286682112062257,0.19847965315357488,1.0221038675619465
0.24314953118658703,0.2917867955545769,0.8333123187581235
0.33631031514944476,0.27117476545465297,1.2401976805827977
0.3321036513038293,0.27046333125096755,1.2279063848239917
0.35372004171056304,0.28559651416753823,1.2385306688409432
0.34630842436330883,0.29220956621534167,1.1851371905740395
0.4001144146084178,0.2977880923336348,1.343621269315695
0.33580192686763044,0.2760408498762172,1.2164935987489223
0.3244098190577155,0.2858170059859015,1.1350263009672619
0.29660680589059885,0.22633636746642788,1.310469056346387
0.30122093265897165,0.27160913455906927,1.109023572229904
0.24811579351741828,0.2216056980030831,1.1196273189418007
0.410191362649954,0.3486630550989324,1.1764692491826043
0.2521689735014524,0.2504318621849128,1.006936462882095
0.2619616032869787,0.22568270280828792,1.1607517989959064
0.283190768761926,0.27283118037878906,1.037970690772052
0.36877281552283364,0.268091693781599,1.3755473372601186
0.3171637001662317,0.2700458733752379,1.1744808250616072
0.19479848014079515,0.21072138261798748,0.924436228163619
0.35964618791667896,0.2987737798381478,1.2037407971727208
0.3119618291019401,0.2501629532982931,1.2470344828794786
0.2593105546558134,0.2300314442859114,1.1272830784538757
0.33784658596693595,0.28298265808034123,1.193877350148497
0.26030917819186483,0.23667778866708702,1.0998462494426036
0.33589931733713163,0.26990265056518625,1.2445202617823348
0.28182634294581105,0.24463110672800292,1.1520462246821466
0.3737501139751756,0.27349613443067855,1.3665645211154085
0.22501563161581653,0.22902835880698394,0.9824793435534803
0.3234961112139365,0.25903619377717363,1.2488452153995597
0.20319060117595167,0.21929354521865535,0.9265690012597151
0.31376428179209054,0.2851219122796301,1.100456570606786
0.3916814300038574,0.3110981948892222,1.2590282953693441
0.3530226532333893,0.30154733530074807,1.1707039390061345
0.3062743528379368,0.25561349403864153,1.1981932095949395
0.26308225266225266,0.21099056026965232,1.246891104161369
0.21867562217862715,0.21906736397678572,0.9982117747205829
0.34766862908306667,0.2968223557924415,1.1713020340226004
0.2297781603944356,0.23934571568110752,0.9600262103733694
0.24551303251747908,0.238486920098287,1.0294612065781068
0.30784194831880174,0.2581050364833093,1.1927002762641121
0.24566895331341274,0.22336955272278847,1.099831871975402
0.25885056942440765,0.2711916903340328,0.9544929975751679
0.3136236074263004,0.2556212842038499,1.2269072522779265
0.31687114442135783,0.26116125003066026,1.213316081096094
0.20596988255326631,0.20962347213698557,0.9825707038125402
0.25366651515717686,0.2116955227504966,1.1982611245687378
0.2554664721739412,0.23184378892636834,1.1018905158381243
0.20085395053112504,0.20600155328950037,0.9750118255121055
0.31084769620177266,0.2476317081092353,1.2552822842244884
0.25856349958927144,0.255075340726023,1.0136750140304431
0.27297320461353997,0.2706123200691711,1.0087242315640523
0.18698134487926993,0.2096531549463773,0.8918603916411079
0.21971540699567177,0.1912285076304194,1.1489678485610941
0.18396259457867506,0.19449395901640906,0.9458524856453485
0.218115776779428,0.2777689898452262,0.7852416387479497
0.25017894429620957,0.23703726909185674,1.055441387992283
0.3876618768109083,0.3163173072748899,1.2255474736765437
0.3278169741868645,0.27424934829693576,1.1953245330301747
0.2606376124830986,0.2610902171839037,0.998266481579866
0.3461289287787785,0.28020692256334956,1.2352618758036757
0.3470854697851543,0.3049869043656677,1.1380340100406803
0.3118491424816857,0.27888998116371405,1.1181797968519491
0.3431390728794692,0.2564671767106706,1.3379453748445016
0.33656800084123056,0.25781970278694155,1.3054394105766443
0.3063376926622039,0.27898418165450173,1.0980468170112139
0.27242869947754855,0.2454165214979955,1.1100666646836719
0.2846790593945977,0.2301450340068007,1.2369550384745018
0.2774250323028611,0.2388007847493804,1.161742548685577
0.3107265030933152,0.2816363152454641,1.1032899035853991
0.2719100456602814,0.2517542109126281,1.0800615595448704
0.3227933430043998,0.25100563925503505,1.2860003622325977
0.21676059137831646,0.25020922406250284,0.8663173477735944
0.3097692920188451,0.2884349913289297,1.0739657161276452
0.2659294092403121,0.24808017885145348,1.071949441795374
0.3931619232756147,0.32694900795978,1.2025175599369917
0.3055823963313854,0.2635995968756146,1.1592673128236284
0.21122547677797981,0.2043783216297547,1.0335023553066907
0.18949586892325612,0.20100590022310288,0.9427378435803555
0.24040610193411904,0.25828236750747474,0.9307878979665991
0.3458375446795452,0.27515006509795603,1.256905189378835
0.2554541235791291,0.21992075165423952,1.1615735289080646
0.31988113010401814,0.2771849993439435,1.1540347813234129
0.28185764778796035,0.2741633823192729,1.0280645263550447
0.29916583317110923,0.24879634806789042,1.202452670605415
0.34504632711896494,0.2924392623384255,1.179890567223699
0.3180065774464709,0.2600090959865074,1.2230594327475879
0.3335619206663884,0.27068657441756416,1.2322809928202498
0.3268608352693739,0.2837266119343596,1.1520274148446583
0.3759439946240104,0.29627069651705823,1.2689206156517907
0.32595518746118085,0.29771480739621453,1.094857156457732
0.22091887495189177,0.21948822657729244,1.0065181098636082
0.4042966000455043,0.3291550971604425,1.2282860072145108
0.2656111124311859,0.24523913913679912,1.0830698287642533
0.21699185939352728,0.27333844498792975,0.7938578102436682
0.26833844573554344,0.22701505920239048,1.1820292745262857
0.25366047953537735,0.2126896085776566,1.1926322175855695
0.2561086678819122,0.2532463895216075,1.0113023461685344
0.28520125009131075,0.23536154940221204,1.2117580412590123
0.21196220798508666,0.22296073036626082,0.950670585070713
0.27463511960836373,0.2318898371674514,1.1843344363989754
0.28624279611174375,0.24174818692918137,1.1840535383026338
0.36230929867311107,0.30900678526039344,1.172496255600992
0.34147604413697574,0.2842336535444582,1.2013920233536457
0.2852270313495331,0.22846924485047937,1.2484263758835399
0.29083801616844807,0.2453324802946399,1.1854851661677934
0.34719738998910804,0.2847866609388046,1.2191490600176471
0.3357021047594636,0.287061380214821,1.16944363783189
0.22108342642172193,0.2190662811254439,1.0092079223051353
0.28607267926323,0.2337175240991334,1.2240103961647724
0.2910969132421902,0.256121403424879,1.1365583248788094
0.26882206157406185,0.2294472526358424,1.1716072364601877
0.2744011647604067,0.22576196157607928,1.2154446340064093
0.2811644284306136,0.24372907297481827,1.1535941322013032
0.2764173332315313,0.2751228366728367,1.0047051585188254
0.3188323086711128,0.24850117201003433,1.2830213479163732
0.34102983051894725,0.29128694363407454,1.1707693666742631
0.2876110482479315,0.23783914882594315,1.2092670599759534
0.2588017871287364,0.24131804774976026,1.0724510227975417
0.35602585276965876,0.2813250719662286,1.2655318997390945
0.2568659211887627,0.26552383336648067,0.9673930883418358
0.27531829589517487,0.22756444387988467,1.209847598337885
0.2379607288755591,0.2513299787346897,0.9468059881816028
0.294202722869277,0.25049850020213155,1.1744689993428294
0.30885018091082056,0.2581042241623113,1.196610330238521
0.24740657077455966,0.2713649049407032,0.9117117441130468
0.24004236717725275,0.2413968020889738,0.9943891762442576
0.2783474798373431,0.23977724969277037,1.1608585893532153
0.19731065153517663,0.21895079017598276,0.9011643729469404
0.24611662446984914,0.2396268084413781,1.0270830132516608
0.299285079277304,0.26925393551605914,1.1115346511228756
0.2378663987114709,0.23286470919717916,1.0214789502949393
0.2993637738637105,0.2217048823898203,1.3502804748221275
0.32568117976320293,0.28502919477187544,1.1426239337477815
0.35080266144564465,0.27002059377821136,1.2991700245418534
0.18612430317986375,0.18860541675637624,0.9868449505895296
0.30881009177741875,0.2830884945331466,1.0908606239426677
0.2985144747947027,0.26836158220814565,1.1123591996233275
0.39340192580939226,0.31923647416031675,1.2323213594065399
0.28253835682968276,0.23422511053768577,1.2062684320271613
0.3192665198519312,0.2540834730217085,1.256541860259654
0.21293918784624966,0.22822117344364273,0.9330387037854451
0.3405897658463572,0.26723955293056745,1.2744736402655454
0.3158758146640926,0.2607683637090435,1.2113272107522066
0.21922149616889808,0.29703260913015617,0.7380384827473195
0.26424064082959153,0.21381402649261214,1.2358433408891525
0.288293533772119,0.2667324084653167,1.0808342916815297
0.39531534294696596,0.3160332694906083,1.250866225521594
0.22224152668553215,0.2316831559345617,0.9592476664479815
0.247913376858052,0.23585530756932133,1.0511248587661597
0.29207805537369075,0.26911918913759786,1.0853111452574802
0.2108311912316215,0.2428866421887216,0.8680229976081056
0.27506745632975704,0.2622211350400188,1.0489904114242268
0.3802798579737494,0.29724254298233815,1.2793587827579085
0.3410369276112466,0.2674399269075051,1.2751907748209759
0.2091290423956096,0.2135699709967529,0.9792062124632174
0.29258880777606444,0.2552782775057759,1.1461563068931486
0.2530467356299002,0.21786854689569166,1.1614652010831592
0.19090934240624907,0.24430800405936326,0.7814289308338048
0.35430894385382034,0.2990602719944881,1.1847409269404747
0.30917465192323,0.2672243894764279,1.1569851559170747
0.23353188845625006,0.2411010676289674,0.9686057832627866
0.3456705023908668,0.28893286128075074,1.1963696370797543
0.3365478744825864,0.2754529440592946,1.2217980665697308
0.26320490113166206,0.2479562975749624,1.0614971416569474
0.35192579615233727,0.2676371377138725,1.3149363319248195
0.22323903321568833,0.24474558095020466,0.9121269211439124
0.2978270102176662,0.26206150190712246,1.1364775369532127
0.30078085592672,0.25403842564655366,1.183997480543355
0.26966858691488327,0.23029271489543054,1.1709818395138214
0.3499863596844425,0.26109671996976835,1.3404471711669395
0.3457260085642325,0.31019292967776035,1.1145515435293294
0.20248464982437922,0.22846273963212235,0.8862917872315904
0.23033009774928165,0.24130216572709504,0.9545297575562482
0.2823875619708235,0.23241839408471918,1.2149966145445872
0.29608971230867476,0.24388434102771037,1.2140579057309495
0.2459585295896854,0.21815719245749812,1.127437178756339
0.19406829312716475,0.19773011662498458,0.9814806992464135
0.3407896298409382,0.293124727994701,1.162609624142999
0.2257829527037159,0.20408395788721587,1.1063238631842474
0.3206209961246902,0.26031574317123213,1.2316619510553002
0.2415243085403626,0.25634198098594263,0.9421956856672938
0.2776051492858329,0.2676596060741021,1.037157430505137
0.3274496019793723,0.29276284361894117,1.1184807400135082
0.3317831892796497,0.28445686057866115,1.166374362020006
0.2457779806245147,0.2327531033770307,1.0559600583558508
0.323452396568633,0.2639049374968033,1.2256398066540568
0.3084179213531518,0.24856319708835486,1.240802841957013
0.25096037055963766,0.22435835361210496,1.1185693178758351
0.2064713510109947,0.20958605908866415,0.985138763087521
0.20610666626930862,0.21227835739947337,0.9709264231842974
0.19478107458329158,0.2105433165373848,0.9251353963007682
0.27095148570820143,0.2320910569966857,1.167436131380412
0.4015624883792151,0.32610537487245705,1.2313887452369348
0.24580354694070783,0.22642858823867376,1.0855676346027971
0.32525957989646104,0.27374927637005747,1.1881659897313166
0.32741644943879666,0.27124843396939713,1.2070722202795705
0.3109436698404114,0.2717282731716246,1.1443184259446502
0.26330156071119054,0.22897304893679607,1.1499238095216622
0.30154712146598084,0.2579384689979704,1.1690661057166838
0.2662331276657825,0.21515700971144214,1.2373899787082983
0.22454188481665893,0.20951204285191002,1.0717373653569522
0.3295792003200237,0.24667809708938065,1.3360699803055676
0.2558778440923907,0.25447776923409066,1.0055017570395792
0.1751306113415892,0.21048269684888102,0.8320427947924226
0.2737906047452281,0.22659528664492115,1.2082802285921457
0.23156775025163331,0.21940199162663734,1.055449627119606
0.33630555321245936,0.2704535054401933,1.2434874995060037
0.1968053763663313,0.23585717011748555,0.8344260904525324
0.235205705824508,0.2615904547427032,0.8991371877687705
0.32659870284304937,0.2730223265019092,1.1962344143337504
0.23837601851069923,0.2610867349293335,0.9130146676169465
0.2390636390144253,0.22071544035655236,1.0831305622671097
0.3860852083701585,0.3160084298737875,1.2217560415219282
0.22141552805734624,0.21093812261181294,1.049670516243357
0.334190782330905,0.25750776485646665,1.297789146347416
0.32371483527467015,0.2580916282806874,1.2542632143132295
0.2161492586013899,0.2429786849976245,0.8895811523694067
0.20820501193626886,0.21427294484141965,0.9716812922432108
0.20228273614398595,0.24413905612313605,0.8285554116419657
0.3038087759665272,0.2384616667235391,1.2740361171707668
0.3228841193058493,0.2741054988403822,1.1779556436183427
0.3503446563811276,0.2947636417581949,1.1885612970833348
0.3063220231445145,0.25708525436487106,1.1915192254074736
0.22478285585692334,0.21379016891356267,1.0514181124381128
0.2679076977043263,0.23932378145675204,1.1194361716733097
0.24294836877824297,0.2221875142899368,1.0934384389449308
0.1913069409632836,0.213769992461122,0.8949195289796171
0.2240366234508063,0.24420782343856573,0.9174014996582048
0.31229691112233227,0.25985545748102995,1.2018100914625995
0.2986597130787354,0.257358966195689,1.160479145116096
0.26685179740275555,0.27119910319108287,0.9839700583918809
0.3759654201970862,0.3280762482630476,1.14596964025156
0.2716741086109407,0.2757406504938053,0.9852522945906521
0.3874271665967557,0.3164428965620209,1.2243193663246674
0.3043828435235917,0.2539140952920116,1.1987630823469606
0.3258812099628548,0.2615982229119395,1.245731742117203
0.30954593866728075,0.2622369794772062,1.1804053695416616
0.18513751839163023,0.22427717835367084,0.8254853202213921
0.22859455484129934,0.21433796500960994,1.066514533862679
0.3199787516220031,0.28477264518044476,1.1236288212277208
0.3087458461927286,0.26357459514417675,1.1713793813240723
0.31577199119652377,0.2554897837483273,1.2359476240646006
0.26133452793682393,0.24839518713224726,1.052091753282191
0.33717295086214344,0.2645390198655445,1.2745679296518
0.22558436689137873,0.2783514347769409,0.8104300488774291
0.19739191133721354,0.23543473649780153,0.8384145613918649
0.34544044211518965,0.2792604000176597,1.2369832675644126
0.33278231581594697,0.28708195065605385,1.1591892665333239
0.26078504609524356,0.22874981997436053,1.1400448145684823
0.3669892006532301,0.3134799535302569,1.1706943187925682
0.3245201665654696,0.2877894189153144,1.1276306397524771
0.28901135872384914,0.2325736947455586,1.2426657238258811
0.34399898143069585,0.2793531698361944,1.231412486324777
0.3175942746007386,0.26729186041891145,1.188192839478879
0.2737450450196904,0.24096239474121192,1.1360488233597041
0.29439754573248533,0.24510101568861523,1.2011274000859227
0.43140248710328616,0.3268274793887862,1.319970058546087
0.2621284429899759,0.24660650621500158,1.0629421218977964
0.2133540472431576,0.2397584770684336,0.8898707142782716
0.32649984197934234,0.2898697594127525,1.126367381822784
0.22434874105700608,0.1958094406695609,1.145750380011589
0.3060458325519278,0.2540877710090951,1.204488635310878
0.4252086609310846,0.33983374715672005,1.251225531568507
0.2656074129339313,0.2342860653234936,1.1336884785153156
0.3132067147525643,0.24978844293685262,1.2538879344059326
0.29342603146308194,0.25468299696394786,1.1521225796813535
0.2412277382095627,0.24015731739219442,1.0044571651157321
0.3238077659695994,0.28076924941069503,1.1532878570186647
0.2257807062508898,0.2324508439274468,0.9713051690247299
0.3077263908831032,0.27902098565809474,1.1028790187852873
0.18350890031943168,0.21405859025154267,0.8572835133772875
0.3134626714699908,0.24453996203898878,1.2818464060283659
0.2864300163351824,0.25117711474993004,1.140350770492566
0.3485711805854255,0.2735414493262713,1.2742901722717028
0.34384877453061385,0.27852037812881486,1.234555176323884
0.251709619217916,0.241283071471942,1.0432129269673462
0.24994903060606605,0.23628006394688972,1.0578506981539026
0.3100030186864827,0.25417876526498595,1.2196259524799367
0.28795263465669246,0.22906803556320177,1.2570616146801676
0.23440970190332747,0.2811066619499862,0.8338817026863385
0.23281975720917894,0.21542721798137154,1.0807351057623154
0.27426715119393524,0.25755588371040655,1.0648840447470371
0.3149456908398086,0.2560280971897211,1.2301215932813367
0.2600662436079899,0.24813765951472144,1.0480724454183898
0.3156058174091955,0.24962506319075073,1.2643194292074176
0.4052492551193841,0.3168834148714104,1.2788591516657066
0.22088412835195737,0.21888013578326337,1.009155662123119
0.22746293865028044,0.20163551996797296,1.1280896276926298
0.3250546527716276,0.2555893215285176,1.271784951060091
0.36022927550019285,0.3098526854693413,1.1625823896105496
0.3425300721933659,0.2715011253721112,1.2616156626382473
0.23446846433989688,0.2385842300488975,0.9827492131053377
0.2748014754243173,0.22848429731199993,1.202714929022323
0.19134348039398744,0.2245190067417452,0.8522373369221334
0.2975915041015483,0.25603011733116326,1.1623300696168775
0.19978471244971877,0.25068526818261844,0.7969543399900955
0.3384730299465939,0.3080118283454826,1.0988962072162514
0.33392969591638194,0.27405088822397383,1.2184952148137935
0.22451537065144248,0.21901681799340508,1.0251056184105596
0.2684338419988487,0.24212558982599858,1.108655397357034
0.2575231238798379,0.23404173461491085,1.1003299232231507
0.2413755078466991,0.23633780873625343,1.021315671569366
0.3487490574235561,0.3011552882086646,1.1580373019447519
0.2508305232640441,0.23206432509077227,1.0808663639528886
0.30015655510145256,0.22144667915306113,1.3554348895608779
0.32351486585128314,0.28109790004615415,1.150897483752687
0.27135722458708234,0.22210420485131835,1.2217563587719336
0.35851080622150705,0.26720258926669416,1.341719057458977
0.2787713493777111,0.23712776332200236,1.1756166611294678
0.1984148859918411,0.2567147727411184,0.7729001485704553
0.32016890593187136,0.2783167012483824,1.150376188334232
0.18576053949060678,0.2240127634262075,0.8292408729282006
0.28286255468530674,0.2519404031665251,1.122735976961754
0.23214042104330843,0.2729639272771743,0.8504435855642836
0.1797909186956027,0.19955373999418657,0.9009649165224385
0.3257660585359292,0.2678262773943606,1.2163334445942182
0.3523731909939542,0.294845589892183,1.1951109430627993
0.29532440888966544,0.242295725870369,1.2188593415290676
0.3063850589375277,0.2776352101595561,1.1035526032935417
0.28829753153470006,0.24192526845223072,1.1916801141904105
0.3209125795458532,0.2629695773465764,1.2203410857785721
0.21443119815334774,0.22383612479849774,0.9579829812832199
0.31332955715356314,0.26873203048397654,1.1659553816092116
0.3001548439988672,0.24535821343881775,1.2233331820934272
0.26690279464064137,0.2497094221973238,1.0688535189902892
0.28493558401383196,0.24209889270056037,1.1769388155205405
0.3093529374310815,0.23956375584157605,1.2913177802891735
0.33019814641519046,0.2806488614517223,1.176552595678325
0.18646561937605916,0.2145962710121848,0.8689136045866873
0.2261815636460127,0.20112422128957302,1.1245863983749764
0.25159835257174146,0.25668236114422466,0.9801933855142209
0.29245436435301214,0.2376247320496958,1.2307404276918847
0.3157983557351603,0.2648087322716595,1.1925526512139033
0.2824735057348475,0.24656605068798398,1.1456301666294784
0.30940247814105354,0.2794029209621047,1.1073702346262073
0.3663291296688854,0.3073401662534105,1.1919337915853045
0.32149844995957566,0.2920518918717493,1.1008264589525667
0.3133781087675445,0.2768755983179693,1.1318372246284232
0.27588067592693655,0.24685407080864613,1.1175860905319686
0.3192608359407748,0.2630479808234337,1.2136981053470735
0.27964965937013103,0.2414553331029204,1.1581838171738799
0.2970829823794092,0.26709406966486293,1.1122784671040242
0.33666323184419017,0.26978403933049594,1.2478989960994862
0.3322814124725055,0.28471459152514844,1.1670684340151056
0.256473533027615,0.22406256906224017,1.1446513984956215
0.24096002337979827,0.24684083840959256,0.9761756803789654
0.19409269332055323,0.1934188185302867,1.0034840187495047
0.2287351904254653,0.21620280525831498,1.0579658767710107
0.22318460037778412,0.2286331258299933,0.9761691337052332
0.2067821000283761,0.22284009252396955,0.9279393922623408
0.31863815035554355,0.29059310430765084,1.0965096749790781
0.3771996367486019,0.3177321391433465,1.1871623618737113
0.36912358766109066,0.3004388704584406,1.2286146166700862
0.2057450783495601,0.22188657920715754,0.9272533700989305
0.31964754300997356,0.28796992320088793,1.1100032234511772
0.28425503992995016,0.24892522134381334,1.1419294452985123
0.22333406894581181,0.19744535872896674,1.1311183528622848
0.2523162516742957,0.19501676059385753,1.2938182898021278
0.27612990959188194,0.2298943880892321,1.2011163555880442
0.36737540579532857,0.3076599905402189,1.194095485572419
0.3099046013284563,0.2829421950382256,1.0952929847970823
0.299848686483162,0.27665837128482834,1.0838229296682242
0.31515513403632267,0.22680757497710716,1.389526492085341
0.2272072906835554,0.212472070869671,1.069351325816949
0.26716483824473997,0.2462796319710367,1.0848028158339924
0.2010911781961327,0.20825440594959516,0.9656034756105174
0.25525899523225193,0.236164416622512,1.0808529027480924
0.2994659750633942,0.2671465573792625,1.1209801017134142
0.24138214483563297,0.23709022077027964,1.018102493014724
0.4307410886011192,0.3398328028522024,1.2675088601980955
0.20911367002370432,0.21728358305730822,0.9623997684562801
0.2283714627061322,0.2243552077944759,1.0179013224214322
0.18989861587649276,0.22291177514771174,0.8519003347878643
0.24483422655772447,0.2672406397155812,0.9161564154998901
0.2867307746151452,0.2331790184902249,1.2296594113469315
0.21247705466601913,0.20170206772534346,1.0534203097776265
0.3274294049815172,0.2572657584983918,1.272728274810672
0.19055870021230117,0.21335197711902928,0.8931658510292984
0.2790438262112158,0.25095723903523354,1.111917820278693
0.1790337651937409,0.18719514628038808,0.9564017483956408
0.29089865010064175,0.2539051809892654,1.1456979686954099
0.19036491117181423,0.19561457105808414,0.9731632472066147
0.25609743930984,0.230317477700321,1.1119322852391722
0.18854840681496188,0.20808773566141245,0.906100526374876
0.33525967638618176,0.3126530410938114,1.0723058224966608
0.3456695110922781,0.2799943508870186,1.2345588759101798
0.23836296664163217,0.24699236526306836,0.9650620835496468
0.377409187557448,0.32750852781643114,1.1523644592515352
0.26547393159761,0.2245056709277565,1.1824820749540739
0.2494376142293211,0.23227372156794832,1.0738951119632003
0.21147228783181993,0.23524465011404155,0.898946215054424
0.3315861513554635,0.26675014273432135,1.2430589463103594
0.4735103727792463,0.3572327143917862,1.3254955487081606
0.281999078571724,0.25170100846148274,1.1203732567280424
0.1935914042942022,0.227890022347724,0.8494948673040739
0.17631538362297416,0.19757950096737614,0.8923769052948815
0.2417351263963777,0.24060146898704102,1.0047117642885122
0.1855133975707132,0.21792689666031836,0.8512643478784175
0.16908412628639097,0.23217064451873667,0.7282752160027945
0.2560005766498491,0.23710362625374373,1.0796991201470796
0.22464170601069441,0.219716030212568,1.022418372448114
0.18192759194257813,0.2404554133624788,0.75659595015367
0.33347013463587666,0.27986416505955575,1.1915428135106667
0.3298358712629205,0.24766259407514357,1.3317952696677506
0.26598174996599505,0.2680413253567839,0.9923162020332225
0.3302845811207838,0.2696806036974503,1.2247250139328671
0.18286373717078455,0.23415093195577968,0.7809652331655852
0.24544975118420959,0.22260206200479724,1.102639162340374
0.29172552275409314,0.2663393997216361,1.0953149367273083
0.1839190876297025,0.22762326427955015,0.8079977598591442
0.1892390027239564,0.207115354945255,0.9136889091297761
0.23173682266127676,0.24609447146539426,0.9416579790735508
0.3422720281018831,0.2857930396349401,1.1976219873622074
0.2621162424883893,0.2188438149884264,1.1977320103940399
0.25031019694447715,0.26832856962616375,0.9328495929196438
0.28544317652836415,0.2479868749322154,1.1510414678453729
0.22389641464315257,0.24398133470982186,0.9176784564665277
0.23188763058261885,0.27907761791163593,0.8309073021256803
0.2022538850641801,0.24346979762076748,0.830714474816355
0.24256451533366274,0.24440212228250602,0.9924812152542637
0.3540953993125981,0.3021356703922505,1.1719748245974744
0.3574587648762004,0.3105877556715444,1.1509106793450783
0.24153767631841416,0.22517431704976368,1.0726697408614063
0.3279525328284207,0.267332229569694,1.2267601753679418
0.40929235224346294,0.33711276074225166,1.2141111221725542
0.2639766656259472,0.2343498384270492,1.1264213681466673
0.18161830735828408,0.19628547498186336,0.9252763474987922
0.39009835967248735,0.3375875141993701,1.155547356654031
0.338327946375401,0.2929129631998822,1.1550459996013487
0.31366923138363484,0.2868664228306136,1.0934330629864184
0.2797737470152348,0.24652400664133592,1.1348742494773476
0.296915857637271,0.2583858422788481,1.1491181367315073
0.4147036421717461,0.3430314765686773,1.2089375771576447
0.29624558533853124,0.2789494473524955,1.0620045608628843
0.3407860594650587,0.26256241278378595,1.297924009198103
0.2084696661612376,0.21032856657162782,0.9911619213657449
0.23206074236372423,0.2510621576231057,0.9243158927682508
0.18931720152435932,0.201159987841978,0.9411275251869581
0.23472838500694573,0.26564561558375,0.883614753027772
0.22491509892169578,0.20979032975655731,1.0720946917938943
0.33966272700266653,0.2758064336619135,1.2315257570061937
0.28189318818092735,0.23284897700988147,1.2106266980462816
0.2281561775654756,0.22840134567611553,0.9989265907785517
0.20377734699978267,0.23018216986031292,0.8852872797378089
0.35526139905804505,0.28488390309440453,1.247039215621526
0.37091949512654065,0.2818308527910497,1.3161067762923089
0.24358054189249503,0.22234321375799468,1.0955159717967184
0.3364000374142936,0.25300326951425317,1.3296272339094897
0.20436890384539771,0.20029666535775065,1.0203310348695702
0.3232521784758996,0.2795747468750805,1.1562281003167107
0.3681620986464041,0.3203735464200884,1.1491651004282768
0.32794342258559933,0.2616558797552313,1.253338632758329
0.2719625715320655,0.256464579368261,1.060429366901192
0.33556371014944986,0.2868493804376927,1.1698254660248029
0.21263580358321904,0.2210095502055498,0.9621113810939719
0.20253387624271119,0.24082045553951503,0.8410160830772052
0.32613275385828155,0.29065657344401497,1.1220553177033166
0.27849301538292837,0.2448652728759364,1.137331611428746
0.2516664329568592,0.2354168866448438,1.0690245570044
0.20648054935989743,0.23446398877318808,0.8806493075558788
0.2764979832417966,0.2578467985595464,1.0723343659352937
0.3570808225835317,0.30471028857371446,1.1718699235754486
0.33289301787601666,0.29027046962554615,1.1468373558820997
0.34367019511176755,0.29874698399438004,1.1503720992150086
0.21484006710078957,0.23132960132073874,0.9287184427509283
0.23614795265258476,0.23996524689239337,0.9840923038263104
0.290854191991591,0.24029864632050418,1.2103863107229373
0.24944243931372825,0.22364739539404463,1.115338002815706
0.2921059081891417,0.24387907635185624,1.1977489523033387
0.35738926102210605,0.28866694142718125,1.238067855138378
0.34873820925738497,0.2759008864415574,1.263998147143526
0.20366634319006444,0.2337452251472315,0.8713176624753683
0.21848063294820122,0.2154053259743513,1.0142768381419507
0.19291769198751613,0.2137331156052473,0.9026102082553457
0.2932313482632519,0.2773657095809342,1.0572011540514101
0.48115622905220146,0.3506589301378984,1.3721487967324384
0.3487679365977893,0.2586034967553323,1.3486590126341664
0.278078438749334,0.25119237538728306,1.1070337557841818
0.21313759204205648,0.1863649091542263,1.1436573172993336
0.2598414163974223,0.27052220685975653,0.960517879155587
0.197375710870056,0.20831104652556942,0.9475047730885883
0.3096860697826819,0.2636303738258191,1.174697988279954
0.34373032715350127,0.290583862014176,1.182895446329819
0.3124048121080711,0.2864581517468645,1.0905774899509055
0.20993805313692787,0.2161496162992834,0.9712626685686321
0.19252999821976252,0.21537323927532784,0.8939364930739465
0.3379692737559744,0.2735988827105781,1.235272857870145
0.3601598137203495,0.2671710938819429,1.3480493285680686
0.22520020996193996,0.23940803652929607,0.9406543457215251
0.2314731395802284,0.21270633336924755,1.088228713803282
0.3173886585368751,0.27392218545137353,1.1586818278843563
0.2704723257563588,0.2708820373481299,0.998487490732933
0.34811520534796303,0.25950294120033346,1.3414692093189875
0.31526047560774706,0.25574429256804154,1.2327175415806046
0.32298994895883537,0.2524476590498566,1.279433329564158
0.23783829161778258,0.23406054214351713,1.016140052653339
0.298685012089501,0.25771617868540847,1.1589688067434165
0.39915286284194984,0.2837949758579763,1.406483189616802
0.2840471366006505,0.23304334574381227,1.2188596747701494
0.21822162357240715,0.21948338010877308,0.9942512433709532
0.23697859009015898,0.2243386447332583,1.0563431475300644
0.23596061017960662,0.2563124392901031,0.9205975754947203
0.21096296355623265,0.2026376509223292,1.0410847273249064
0.2888975876398725,0.24795722250242785,1.1651105974017102
0.18481555286882329,0.19450417845361656,0.9501880851001681
0.3073723146811873,0.28255654677590347,1.087825846502029
0.32803402631742296,0.29557214342048155,1.109827274388172
0.2259767191746247,0.23229430516984,0.9728035261536168
0.274532518962774,0.24221444164152134,1.1334275409105603
0.20128097483611396,0.24058087496951006,0.836645784340186
0.3797255154625419,0.3157061733410394,1.2027814072940095
0.2674746066006201,0.23941656775008216,1.117193388553739
0.3083787081825052,0.24454526456869025,1.2610291543628922
0.2872845474779369,0.2703849286933208,1.0625020738629414
0.3426610417289714,0.24372829595831666,1.405914074858073
0.23918469063685524,0.22824471027032067,1.0479309262132641
0.21814439000438374,0.20564503896922126,1.060781194128555
0.31682775933417073,0.23508532731600876,1.3477138830884214
0.3449552429706624,0.30166064773185014,1.1435208588337227
0.22604536060243902,0.19990660688700626,1.1307548265786294
0.2543292115149773,0.22896374405677564,1.1107837730497272
0.1786010668974208,0.1924432255175078,0.9280714684402975
0.31254379669045496,0.2974452669690667,1.0507606991875869
0.32902746169812275,0.30511587600577533,1.0783688676098087
0.2837626778926614,0.2775328596586629,1.0224471374008128
0.26039338094749653,0.2289469711873292,1.1373523728970287
0.25881330307917916,0.23347872794659874,1.1085091363799744
0.25805805778909985,0.21959547981416613,1.175151956713694
0.4186614732840061,0.3569591266383154,1.1728554953245665
0.3366291027520884,0.26567705695771077,1.2670612457351613
0.19860695678469178,0.21003636618583882,0.9455836643496567
0.32979207907382085,0.2685598582712462,1.2280021340372096
0.26145823356034914,0.25879493375389767,1.01029115897989
0.3334812817361998,0.2512208329467022,1.3274427834054254
0.3112762098410021,0.2790008476127963,1.1156819504469688
0.22406116893757033,0.21396082875780534,1.0472064921341193
0.3048116907218376,0.26208609168899977,1.1630212376303337
0.19978815452322293,0.22896640377169136,0.8725653686836832
0.19045584595722354,0.18910740866558018,1.0071305365620442
0.3267213122222628,0.2612267529351028,1.2507191876454975
0.18432040983191184,0.2197219207477872,0.8388803866478493
0.31560895255305704,0.2782223591701105,1.134376667261626
0.2446111692478927,0.22018735478085577,1.1109228751639486
0.3693188190901188,0.29622220279227657,1.2467627868836715
0.3343873678815057,0.26697754594076656,1.2524924772351271
0.3064442078145895,0.27514341749864574,1.113761726885935
0.3688330240345803,0.29847592361592673,1.2357211917340032
0.32444539593154,0.28146201703096807,1.1527146694747186
0.2275522210626258,0.20735032140034765,1.0974288321611652
0.19214710863917056,0.19274169223529128,0.996915127239856
0.30416186800259404,0.28036791469239614,1.0848668911929644
0.29176617073224304,0.2547920300830088,1.1451149811757786
0.3321722377986508,0.28284154694233365,1.1744110488349677
0.18524969044837178,0.20327735110805,0.911314956824207
0.2005847017077349,0.2496711298653976,0.8033956581839233
0.2729980432016284,0.23867972963771023,1.1437839468647364
0.32344177719230505,0.2817995293512116,1.147772595422592
0.19822807285841357,0.21697829875468688,0.9135847870322179
0.3172470938120911,0.2536136242818267,1.2509071415640984
0.3177643033546198,0.28163347618935036,1.1282902432414592
0.2163970687154373,0.21865983533930056,0.9896516586123278
0.32277900735535137,0.2616483091496925,1.2336368937537645
0.3200205758949539,0.28513305692024515,1.122355223738464
0.19647096818938964,0.21809076740191854,0.9008678841838093
0.2923074820245242,0.23517331851308318,1.242944921952371
0.24778138892486137,0.2427854144822201,1.0205777371482385
0.29881403410339663,0.2363847484255818,1.2641003114355691
0.26167940027702097,0.2215927907687978,1.1809021375160538
0.23716450450645837,0.22187485262878942,1.0689111528256403
0.41596604563059353,0.29796029779043487,1.3960452070804277
0.23761662662574073,0.21615368596304432,1.0992948168663934
0.3510197353887273,0.30407691527137515,1.1543781121150147
0.2868482251222451,0.2604163924067984,1.101498344521098
0.33786450245714955,0.29697023724161803,1.137704928262759
0.2946038653634063,0.26735825710911026,1.1019067394771989
0.21501057208886598,0.22281702234705775,0.9649647492100828
0.35179200473642447,0.2893195162862858,1.2159290505253064
0.2551581107919665,0.24957332734455956,1.0223773249602774
0.279768330096115,0.2279204058049389,1.2274825902843869
0.24604882743723716,0.2303113857353676,1.0683311493768362
0.25432896048215997,0.2538581421737818,1.001854651201441
0.29343698875130575,0.25503779652568853,1.1505627508891587
0.3188415129685156,0.2572570804556095,1.239388678452847
0.39700476417551545,0.31936945813611706,1.2430893251110748
0.20109731004829637,0.2304190520429331,0.8727460175941818
0.2937038427666786,0.2701283850830428,1.0872750106449873
0.22045296459587185,0.21436010944970493,1.0284234560329728
0.2525834792534124,0.21061180681348804,1.1992845181613836
0.2660156571479284,0.2558787500417023,1.0396160568416644
0.2850508661589212,0.24697931851822202,1.154148727387837
0.35278015410361707,0.30320802636145083,1.1634921355382324
0.23524286756668336,0.21859019248265513,1.0761821694509446
0.3459522473679575,0.3023099417474763,1.1443627866427768
0.3112162662692127,0.26952406368084214,1.15468823829304
0.39150745420012134,0.34147135831572056,1.146530871963024
0.2941502338923972,0.2643667293572281,1.1126598063515165
0.17163145608466623,0.2092940394518299,0.8200494220198187
0.22288782819497005,0.202117419312279,1.1027640712678999
0.3231275805917921,0.26119853354066275,1.2370956919690683
0.3192053111384763,0.2651325099589222,1.2039463255107108
0.39739303822690736,0.3317338711428648,1.1979272326272818
0.20991081337645157,0.22036700145183735,0.952551026213101
0.2624785993142809,0.2581005570848995,1.0169625446718478
0.3486405491979899,0.297108012257197,1.1734471465420555
0.23678790635551536,0.22658457453257586,1.0450310081522014
0.33528812905524863,0.2610312177153443,1.2844752133090909
0.2397322080689586,0.22829202326621129,1.0501120654110938
0.22662919791756836,0.225228271719653,1.0062200281839355
0.1961553543216471,0.205589481215092,0.9541118211024877
0.24316925181107127,0.22788554952750578,1.067067448178502
0.3281700770800142,0.25515526318093595,1.2861583687862317
0.3604109030086378,0.3108085642985831,1.1595912867523286
0.33051850484415835,0.2362050314116304,1.3992864710327422
0.36521783976054395,0.31196300496149143,1.1707088146737985
0.33086985939081087,0.26079655657105427,1.2686895246665768
0.31468939955934316,0.25539058611958676,1.2321887205818531
0.2619996010313339,0.24066244267300554,1.0886601088285293
0.3311502238754029,0.29238590869638237,1.132579286573191
0.26467120071862,0.21970030767880075,1.2046919893510852
0.3138433025575997,0.2874372991870478,1.0918670035003646
0.259565171326389,0.2714364418116773,0.9562650084636587
0.226506985051049,0.21041937634273342,1.0764549776162815
0.289173497263464,0.24761587211914848,1.1678310230626843
0.38997572783733425,0.30920067839524895,1.2612382672033828
0.27909427703617584,0.2654150425781219,1.0515390323215295
0.34225917198177824,0.2701762686967526,1.2667995365867308
0.3473193480365459,0.2938087619923729,1.1821272642834326
0.2640057718250547,0.23186900826712067,1.1385987881610784
0.29032707488971604,0.24406278488308727,1.189558969544622
0.18301481026077876,0.20928021635941438,0.8744964691094936
0.31727296494071844,0.27007133830037217,1.1747746611595222
0.2331823494277739,0.24729285203714338,0.9429401113168848
0.2722409731900633,0.2701484666152737,1.0077457651379884
0.3202558280137815,0.289094902459434,1.1077878761930784
0.28733198713663555,0.25540007317850916,1.1250270352734313
0.20682464080786966,0.2112124027982506,0.9792258317586959
0.3712886408937544,0.29793349941847713,1.2462131368861034
0.3402320108545469,0.2672354578226676,1.273154444498598
0.3037305061359295,0.26299355379055395,1.1548971515013564
0.24122293455475619,0.21460059336918993,1.1240553009085408
0.35413268118269126,0.2809691356881955,1.2603970906458877
0.27482040644268557,0.22550399560248996,1.2186941774953235
0.4412798689995411,0.3462463094050769,1.2744680795522458
0.3255643828054917,0.2910431950203948,1.1186119049534138
0.3628204888015131,0.29378975870731017,1.2349664276860488
0.24764208590457829,0.2735748320351707,0.9052078514033101
0.19243938730782995,0.21982075254387612,0.8754377604517533
0.30036890283265,0.2462764662716024,1.2196411105777056
0.291534949128094,0.24930270682877878,1.1694014591198176
0.18070841652950112,0.187638298822245,0.9630678686801102
0.29217328955777183,0.2210916107889658,1.3215032832550766
0.32543631459279115,0.2463791270646146,1.3208761572868277
0.25257665191184003,0.2423228023619574,1.042314835623956
0.27583716967646504,0.24695647958257363,1.116946476329384
0.32589218296615186,0.27815022407141105,1.1716409147399562
0.2774396440946923,0.22784236300282984,1.217682438148021
0.3370132337385472,0.289722551743548,1.1632274799127795
0.2254433416329341,0.24252618028176687,0.9295629089239524
0.46794620243561746,0.3807433596619201,1.2290331283810936
0.3225008051638609,0.27840362836024934,1.1583929673019584
0.3536869425213636,0.29334610380833887,1.205698449475399
0.29737378981730855,0.26127846896247997,1.1381488532069282
0.3175585767966199,0.2556900794190074,1.2419667494264675
0.25683938322971017,0.24140281325949609,1.063945277860621
0.23329574376537277,0.22137062840352162,1.0538694561598012
0.2752955945540053,0.2307061222568292,1.1932739012774778
0.30675242401139813,0.25419151520581534,1.2067768027702457
0.2306658338126081,0.22555899895229778,1.0226407941338236
0.3577633735704818,0.305432072197017,1.1713353185113737
0.3008917916535233,0.26537075302691293,1.1338543838062214
0.33983772241792937,0.2725918563605346,1.2466906640396997
0.3008718071712914,0.25636705538445,1.1735977804172293
0.22586289357640124,0.2332885200722566,0.968169773233782
0.17942317918929265,0.20253414101596456,0.8858910319477928
0.2267831334540842,0.2211947393021634,1.0252645888846694
0.2959193486739943,0.25273201808558543,1.1708819124523584
0.2599778425774375,0.23226092857683997,1.1193352414908124
0.25736904907652475,0.23638332458614345,1.0887783625478777
0.26806914958119665,0.24383534547773758,1.0993859362594816
0.3527938197078519,0.28834965664860696,1.2234931152970951
0.24763937140988196,0.22445217741704684,1.1033057208874912
0.24042619377883376,0.23155917832955647,1.0382926537969386
0.30700470945055464,0.24157915001623897,1.2708245286479307
0.20557168561400563,0.22707572798843884,0.905300128001668
0.19396320255219568,0.21018035731206894,0.9228417204763119
0.25066359104577784,0.27474705491407075,0.9123431409453135
0.3833114567083787,0.308818452720494,1.241219406844535
0.20602818712651055,0.2311273948874375,0.8914053101617373
0.2177567726102989,0.23788889760896756,0.9153717336075051
0.38268701715400466,0.32275595429108606,1.1856853826122389
0.38008199342860577,0.29489902133497364,1.2888547127352905
0.3427893044447208,0.29750934206486457,1.152196774950294
0.2926438139778963,0.24544142714880188,1.1923162987496703
0.1945402074514464,0.23886230464085015,0.8144449905729336
0.16931201910310056,0.22537416390711884,0.7512485733408085
0.3232396198397823,0.2748592033225287,1.176018906889148
0.3098313234876348,0.25589053150824653,1.2107963575731209
0.3351729834541742,0.2782378865740225,1.2046274056391117
0.3570035558603323,0.30972686539511407,1.1526399410167665
0.3011614843159227,0.24176217828661836,1.245693128885049
0.31143163329048723,0.25087118052219176,1.2414005970802946
0.24943732214222752,0.26727937472427526,0.9332456812260447
0.2752030279416193,0.233047053763377,1.1808903974432783
0.35614072988507284,0.28112572408605324,1.2668379282717555
0.33545368409295656,0.2938193687010693,1.1417003772622147
0.20744519654297564,0.24961710134542642,0.8310536234290605
0.33079335994936027,0.28477047351675827,1.1616139688368838
0.27697193032455975,0.2531728434036574,1.0940033164732332
0.26756534852226443,0.23856016830229113,1.121584338351151
0.25105170799282056,0.2714991248827192,0.9246869878540809
0.22783553815938146,0.21469669958274065,1.061197207978399
0.3020329808438019,0.23725215474869152,1.2730463129564797
0.35177369056784197,0.29412161087286753,1.1960144292827712
0.20386189461542398,0.2205679297488611,0.9242590019661578
0.17358245338256637,0.22610986513765763,0.767690756336031
0.2875332029363297,0.24269321114191095,1.184759975705292
0.1771756278908145,0.2065135443493398,0.8579370832505927
0.24102920757864787,0.23523030585366594,1.02465201796145
0.2898681148501194,0.271264382700414,1.0685815511955783
0.2801153545970078,0.2695548748599536,1.0391774763581658
0.3125555495236858,0.265477483320994,1.1773335561787317
0.25398759900339296,0.22715760666181015,1.118111793551017
0.4039647522567021,0.31689548007781887,1.274757065507851
0.27169924163241926,0.2445556593818383,1.110991429595993
0.2868017104494946,0.2407569370920293,1.1912500379578457
0.30718958002046637,0.26522126097001797,1.1582388941857595
0.2965475127717575,0.24864817098678016,1.1926390272443388
0.3299392759199792,0.2970155546543784,1.110848474935639
0.3382635013615405,0.2989256489689359,1.1315974474866575
0.28226658740521426,0.26544048679093574,1.063389352610444
0.302502199436048,0.2618757855820851,1.1551361984983088
0.25295462997925844,0.22884866941036103,1.1053358126617363
0.275515446441264,0.25953313240029663,1.061581016239255
0.3763620066433119,0.2997843657371979,1.2554424101397095
0.39211701218595124,0.31345806402648535,1.2509393031688592
0.3669559722911378,0.2841902909025191,1.291233318090407
0.23320234143353918,0.2431416743560622,0.9591212286053125
0.20495003328681477,0.20994371823833213,0.9762141730487576
0.3030217622623999,0.23225711008682012,1.3046823933576337
0.34032860878990434,0.2800133508243077,1.2154013649279207
0.26527661590091695,0.21479453450778319,1.2350249810071612
0.3048867863650475,0.2863007324506821,1.0649179405000895
0.20463688995991108,0.24055799596684352,0.8506759009919441
0.2239402912488531,0.248831283894955,0.8999683952255387
0.34674904205252327,0.286130019497294,1.2118583106439922
0.3383355752008444,0.28901667944606774,1.1706437699350147
0.3149739516766011,0.2587550927605898,1.2172666760535111
0.27047049628152725,0.2377606327555634,1.137574766465196
0.2203032023428864,0.22623924502516013,0.9737621000210923
0.33075155261363604,0.2568929413053632,1.2875073598089979
0.22896651860753886,0.23477154334087347,0.9752737292998663
0.29084728747087457,0.2448413644246111,1.1879009421238098
0.3674713239121509,0.31079350845655673,1.182364862564421
0.17220747551389032,0.19758761159479032,0.8715499626922502
0.3061343902428402,0.2834756071271979,1.079932038404543
0.22010773533773767,0.2117533410676238,1.0394534236295514
0.36996496069910567,0.31080895007196097,1.190329173640104
0.2993044973188843,0.2555851327034769,1.171055977133574
0.358375568488912,0.3107967926595517,1.1530864441110187
0.18175817377982506,0.18244025191623853,0.9962613615731761
0.309712947451706,0.23907476029584684,1.295464845676084
0.2050023288098557,0.2035857306234736,1.0069582390771878
0.21129252771619056,0.1998911408556367,1.0570379798311724
0.24695817914355625,0.2454681690190979,1.0060700747083116
0.255163867070007,0.2270387643030569,1.1238779767555818
0.33320674876961354,0.30738576071662277,1.084001900389898
0.39719701558590986,0.28242170879190254,1.406396899462773
0.22755961057081137,0.22339508140549494,1.0186419913057854
0.2757197066068431,0.2884468434419625,0.9558770112258823
0.20336850694331668,0.1887660588012474,1.0773573821205022
0.29131327811030644,0.24973979479966843,1.1664671957626402
0.19308872547059316,0.21155304327786806,0.912720150364263
0.3159536963593125,0.28247162675704296,1.1185325053233321
0.2559999798647473,0.26331080554778347,0.9722349955679679
0.27681198705334825,0.24368337028993872,1.1359494360406808
0.3070675133916172,0.2483441274708664,1.236459732383403
0.2932195635021867,0.23322009410082858,1.2572654368942087
0.20264325442057188,0.20143195815269138,1.0060134264641478
0.24311230615839946,0.2287021282030611,1.0630084996084679
0.1759018279230063,0.2025767736476813,0.8683217960067441
0.20342595377297795,0.23646724082350473,0.8602711862520177
0.2760362648408412,0.2375857976426361,1.1618382394053717
0.2571116012837042,0.26778378717772405,0.9601462582686647
0.2527842953774202,0.25584114062607316,0.9880517838484753
0.2471684904892956,0.25112470529509556,0.9842460151375746
0.3433993207614085,0.2875592241858221,1.194186421018796
0.27638391864486955,0.23119549196671615,1.1954554835552715
0.33853427297547406,0.2709746815293173,1.2493206784665871
0.29766674805559346,0.2507004344126377,1.187340375986952
0.2092552590102581,0.24391985591152848,0.857885301007051
0.28435545216200103,0.27448056412867716,1.0359766385087088
0.2107933957146672,0.23906395592863713,0.881744782043141
0.20596794268277485,0.22073059009571724,0.9331191593945327
0.21967149609956324,0.21142381022639536,1.0390102035543496
0.23624464110934984,0.23210518460848822,1.0178343991231562
0.2644925467879778,0.23987643006465073,1.1026199894532889
0.25038740976886,0.23464206006795996,1.0671036969942203
0.1691159419561576,0.1905520659496338,0.8875051609299153
0.3716393439702957,0.31053698386191375,1.1967635524390623
0.41466074165656036,0.3444454084005516,1.2038503970253427
0.2715940060165228,0.22944200857522645,1.1837152564303677
0.2257371514430782,0.23664493670616377,0.9539065343425054
0.30335696245755356,0.2494565541354369,1.2160713255617754
0.29406597661064376,0.22956388154974122,1.2809766703083316
0.22463621286669985,0.23697545908248382,0.9479302782509261
0.2274998924459035,0.21140926892449866,1.0761112490633102
0.2544813264262439,0.2361743419399025,1.077514705179108
0.34383737653848495,0.31361863849207966,1.0963550450690718
0.25688369925475163,0.22648967248280744,1.134196082491361
0.34251954052597255,0.2802722156242419,1.2220959532613285
0.20229431873656062,0.23591311426161413,0.8574950119654129
0.22846530761908196,0.22326311053125186,1.0233007462605512
0.24339291062013835,0.24044991314544045,1.012239544760899
0.2377419017187817,0.22912969980007572,1.0375865805533742
0.20059310312489237,0.22081167707598645,0.9084352140302054
0.226722996922639,0.22687131307753078,0.9993462542580644
0.2866248835740426,0.2420156177458287,1.1843239136536376
0.2225632627804227,0.23817746555703093,0.9344429888021063
0.3192948876780614,0.2711622574707498,1.177504902991537
0.17570884578392792,0.20116786982488113,0.8734438851337663
0.30274452834152,0.26339003087268686,1.1494152885682134
0.319422003156002,0.2777044942636848,1.1502226638532747
0.1910065646838558,0.19419833507043457,0.9835643782145653
0.3485645868417754,0.266270985289518,1.3090595900367406
0.21056183184043034,0.20903871687869877,1.0072862816251182
0.1824309164796089,0.20171809447399333,0.9043854838869151
0.2149158826592773,0.2033670905418608,1.0567879104069657
0.2921433172444012,0.2553687422521557,1.1440057802999772
0.21939351833034781,0.21658106527403023,1.0129856829947674
0.27612105668499265,0.24498711559290792,1.1270839938530466
0.22130861310257832,0.24908829548669095,0.8884745574663225
0.34106506308921963,0.2705775679774231,1.2605075344519245
0.3032184612349812,0.22796235577237434,1.3301251437222021
0.34525237700552136,0.25471318748962174,1.355455445429533
0.3330097233163486,0.27375690088020266,1.216443210182582
0.3274042655441194,0.26776916666552136,1.222710850622656
0.2093802231427402,0.20923164231700386,1.000710125983293
0.3265661365864098,0.27114019410839457,1.2044180231568966
0.32153302292051933,0.25165412740952425,1.2776783207583917
0.24024166947352102,0.20330575503483825,1.1816766792083848
0.24860216326226314,0.23291709254790366,1.0673418620453266
0.291700279878567,0.241808886625764,1.206325722553024
0.22937694027394534,0.20724428469807493,1.106795010574668
0.23583015545656558,0.22275791739969988,1.0586836068924539
0.3471155611335272,0.27827232707273075,1.247395185805893
0.303311854652769,0.251437749969747,1.2063099303476248
0.20045882876083626,0.21311313742847618,0.9406216396589493
0.2659565754123479,0.24937615506142388,1.066487593197674
0.2937089339391024,0.26850812619604375,1.0938549164231215
0.237787664278456,0.21649461092997713,1.0983537338736153
0.1782073426070727,0.19843993113612535,0.898041747882015
0.34722311260944927,0.26673177908719425,1.3017688173404434
0.3161472517253816,0.24487895468504828,1.2910347977105474
0.39713829174099885,0.3163651932586141,1.2553160088516957
0.28770699980515657,0.24667455069807892,1.1663424499647714
0.2616363393085391,0.23047976216083516,1.1351814009854888
0.19833743719170305,0.20393952840450533,0.972530625834876
0.3204545564110107,0.2867358791484354,1.117594900794121
0.24208056073366288,0.24954397184249222,0.970091799638662
0.3276120968092072,0.2693972537244995,1.2160929344299902
0.35381412606591195,0.290640810317818,1.2173587242583497
0.17528165209166163,0.18914040077583766,0.92672771852376
0.2282914331549501,0.22423835154707616,1.0180748813925482
0.2981735678294374,0.277969302023699,1.0726852413509165
0.21037388806711768,0.23994670921605274,0.8767525454066256
0.3418246108265468,0.2923740919581928,1.1691344076937742
0.32723850869527915,0.2597862829139484,1.2596450629522793
0.33449135309210715,0.27013622742563476,1.238232118215942
0.3208390135329326,0.2525693059556711,1.2703008875878354
0.22431416786608577,0.2154327431387264,1.0412259742783865
0.3226310853754245,0.2536542581629926,1.2719324631566364
0.42392208168549317,0.3412265551102557,1.2423478634261547
0.3303151671667728,0.2885374664260516,1.1447912510572635
0.328263285426273,0.26997219907542275,1.215915144412945
0.1788606001349189,0.20640958069983625,0.8665324522654814
0.24998232834132833,0.24571344658522645,1.0173734153153935
0.20389862482791887,0.21053040100281672,0.9684996744255994
0.3405514427632698,0.29425335311655104,1.1573409076102543
0.40037132945083914,0.3352853996078026,1.1941209784833167
0.31347534405050015,0.29540086915257907,1.0611862617390788
0.3372398049979252,0.28787026637668145,1.1714992633405326
0.3100795920673083,0.26556870321481446,1.1676059276325557
0.24213681384347585,0.2074160515122637,1.1673966989442919
0.24010829773848003,0.21749350206525442,1.1039791784972064
0.38611829146320925,0.2983041099646524,1.2943780476539946
0.3487384593917448,0.30356717522740867,1.1488016091677151
0.3068932432406218,0.26237901664855984,1.169656198733628
0.26829256265578527,0.22630965641974893,1.18551089202384
0.29253108256122373,0.2735352064593674,1.0694458177714614
0.19944779891790945,0.2134148411710454,0.9345544940712825
0.30692374749509005,0.24357321861652578,1.260088236458793
0.26486506227081474,0.25950969613584934,1.0206364779995039
0.18095063951619883,0.2017546076107402,0.8968847931608086
0.3577932115075318,0.3181261982103292,1.1246895525120402
0.22182463379756953,0.23985146945413896,0.9248416709824816
0.24911835040460317,0.2302150596082271,1.082111443224197
0.3785110265332883,0.30220233110393513,1.2525086260936507
0.2547342000870215,0.22261132276378334,1.1443002850188546
0.29335447016693966,0.28276586519051794,1.0374465459941125
0.26968511054914257,0.23542211395800922,1.1455385648148781
0.23861399662090355,0.24709028695760168,0.9656955745162391
0.3788964443802022,0.3060624063098571,1.2379711998885876
0.21583855248382813,0.2647701256572962,0.8151922425084982
0.3763900366411415,0.31949921574696233,1.178062474304274
0.20025740998327451,0.245544422608452,0.8155648898717089
0.22171912269493416,0.21074001952963017,1.0520978558785807
0.31940989880417,0.2759912932723136,1.1573187509542786
0.2911069415190345,0.260267417977094,1.1184916797562983
0.29005104488294,0.2633869414225304,1.1012354800750526
0.23071643633725944,0.23439764302947716,0.9842950353739062
0.27600761644797595,0.22119966354235135,1.2477759325123519
0.32054659866930063,0.2664628814482928,1.202969047422475
0.20457282095553775,0.23630193171080013,0.8657264012801458
0.18553992493511592,0.23041133425921487,0.8052551994963139
0.20493183779518495,0.22923465642740032,0.8939827903381957
0.25198868903316857,0.24013867850122617,1.0493465301212686
0.2643835778318298,0.2537271421116142,1.0419995891315714
0.2852212068374513,0.24307727090360856,1.1733767035361968
0.20095715635709935,0.22541915568624982,0.8914821623979554
0.32094877180301506,0.25073799541547453,1.280016501971314
0.2754393971648575,0.2515777852591512,1.094847849467815
0.30980737856864904,0.25672841008225106,1.2067514400505672
0.2130245521074465,0.2334470175688293,0.9125177709526254
0.24853107912861644,0.2637974755903892,0.9421283451344409
0.2522511738955433,0.2486769232989699,1.014373069077569
0.2978312329300343,0.25804985501206557,1.1541615976343356
0.3288295936652991,0.24196135414717804,1.3590170001498738
0.3202188603617707,0.27317531711486015,1.1722100801190998
0.2836555276015901,0.278320477811034,1.0191687289146518
0.24649199577310785,0.23704664110452164,1.0398459755623428
0.39539764437228525,0.31398037398814366,1.2593068775286447
0.39689957733879855,0.30092627902220426,1.3189262786501699
0.2888292551692155,0.245790477932626,1.1751035174291289
0.3406768903372688,0.2945231109954303,1.1567068172879464
0.28435289690401044,0.23629148199688602,1.2033988466319654
0.28160329552677466,0.23809579310201973,1.1827310842326086
0.3264391122826921,0.3085422088968332,1.0580047165988984
0.4170169568379392,0.331209595200279,1.2590726925823916
0.3100325718170521,0.2649807250554253,1.1700193353769541
0.28064110636139583,0.24513003700887576,1.1448662505249583
0.20336559942351018,0.2345680464037165,0.8669791241450525
0.3002841315651884,0.2415665508572335,1.2430699966513872
0.3405319481510669,0.26713713665131805,1.2747458193936838
0.3600886358988932,0.2914241954648143,1.2356168139181471
0.27528248374641123,0.23109664385930978,1.1912006991931978
0.29802272866394347,0.28225901958533767,1.055848380334361
0.27516552515869835,0.22136106930850605,1.243061962152009
0.33489393111888943,0.2584606512614671,1.2957250145597596
0.24468217520368007,0.2081313418054856,1.17561426876474
0.22693969672973713,0.24753688603233728,0.9167914340656713
0.2552505539013696,0.22793452207979809,1.119841573677937
0.27176429115249623,0.24541331505987396,1.1073738647236535
0.28057199976305314,0.2586722019385956,1.084662355136468
0.3052182321762162,0.2590814812805641,1.1780781500384034
0.22240254727566583,0.23931340041559332,0.9293359539810141
0.3071461412533978,0.25963951888665676,1.182971462011835
0.3309939374279094,0.2797669321620102,1.1831060049521298
0.2939411349073951,0.2793553491107416,1.052212301797992
0.23243300197945635,0.2975697705081724,0.7811042149292273
0.34042826084127487,0.26288052236260157,1.2949923325688946
0.3269295018474888,0.2671016401438779,1.2239891214122978
0.3144239820233852,0.28963988897378995,1.0855686457324873
0.2960655956718589,0.26717389103324457,1.1081382036503684
0.20797099902005634,0.1982372731253338,1.0491013911827192
0.24098612455275967,0.2145573057827147,1.123178368005841
0.34381358102272536,0.2980062317033756,1.1537127229102535
0.28081705354622405,0.23406058011239428,1.1997622727046888
0.30788385969609655,0.2561968654656834,1.201747176478771
0.2541459736719067,0.22116195456579785,1.149139661796106
0.20846732834547144,0.23435778807941723,0.8895259255255803
0.31840582402662143,0.27175893195925266,1.1716480548810921
0.2615095063142927,0.23591985538151009,1.1084675594235218
0.26615527967200886,0.24529714953871845,1.0850320934120683
0.30821794709843975,0.272062135830847,1.1328954180160977
0.24807271231773026,0.2559398992331049,0.969261584696455
0.29752927483184555,0.22861236662977283,1.3014574811417812
0.2897864250026853,0.24760133016139746,1.1703750735660012
0.25904645093780976,0.24656590079633178,1.0506175026683318
0.4673933746936809,0.3670530521049409,1.2733673566077652
0.2633073829644271,0.2371544383277508,1.1102781159024
0.23081074595981022,0.2537536521845395,0.9095859073269837
0.29011093539247546,0.24597019476307375,1.179455647754068
0.31269095308427053,0.2609175524510364,1.1984282013489678
0.2431433941289394,0.22360873226273395,1.0873609079061044
0.32531010399179444,0.2713461668718351,1.1988748827450662
0.2544342588328073,0.241106212425701,1.055278734931865
0.3226118439613377,0.2671303978976233,1.2076942440859069
0.24938066191360939,0.21978942684128358,1.1346344794542573
0.2975287745850188,0.26322158917179095,1.1303357582528588
0.2117378125133363,0.2336558038956131,0.9061953907549037
0.3348749040120318,0.27681834714385073,1.2097279947922366
0.26116839436854516,0.2481339856043027,1.052529719911195
0.27724563702108723,0.27062028674411687,1.0244820902256855
0.2774598802130225,0.23868411759351052,1.162456400578562
0.2601785494264974,0.2721244829314567,0.9561012174418415
0.19506270801677894,0.2081792073701534,0.936994191115097
0.20929828039397336,0.2684057565344991,0.7797831279638429
0.29495533369631177,0.26971659223004524,1.0935750420750534
0.31768159054358347,0.24324322036228938,1.306024439531859
0.17427830163227087,0.20371239756002765,0.8555115138778754
0.3796447972790456,0.321101294751413,1.1823209793437774
0.2483253223959182,0.2567547403501844,0.9671693775048926
0.2728849903691066,0.2829070278517946,0.9645748019807474
0.2113917411737439,0.21159228272786818,0.9990522265200844
0.2217228378429498,0.22163486577079436,1.0003969234346297
0.26341211327692665,0.23945526465317102,1.1000472829797872
0.24148454834543287,0.2473360683138646,0.9763418250790408
0.20337908438189697,0.24421092027812846,0.8328009417034723
0.3765464824141479,0.3111773024720941,1.2100705270684582
0.22850004490982934,0.21534227972000453,1.061101634137676
0.31324661970380485,0.2620705488686627,1.1952759325916822
0.29786426117362924,0.270315684579441,1.101912608722829
0.24471687696463423,0.24927524375600743,0.9817135198718933
0.24367639154440424,0.21020560898339805,1.1592287794929854
0.28322719786327544,0.2447043717368114,1.1574259824335986
0.20194764687557806,0.2393815602389711,0.843622402134804
0.28130899687016925,0.2127172194597174,1.3224552181749498
0.3036214589065131,0.258750275606168,1.1734150164486838
0.30882621513364444,0.26741451513357434,1.1548595818719296
0.30693137589752145,0.25889649749031396,1.185536995953391
0.28411152551406843,0.24973876789233038,1.1376348490537807
0.2768603576179167,0.23934771729458582,1.1567286320811694
0.23579248582583212,0.231238036525775,1.0196959348405013
0.32552410134672455,0.29870608139357196,1.0897806292661898
0.3399171542388103,0.25599751890518224,1.3278142526244978
0.23521438632528355,0.21161377095430078,1.1115268409260541
0.31488755661713946,0.248266718769942,1.2683438125628594
0.21011520854365365,0.2335872637601602,0.8995148329636375
0.38041327934964597,0.288550016096379,1.3183616639362226
0.2319549124849779,0.23603663773217765,0.9827072386455906
0.21052935552958485,0.21904796778700722,0.9611107450870966
0.19126412310800506,0.21791317774969515,0.8777079251613669
0.31011931109674606,0.24309535074905048,1.2757105808119096
0.3099169875785216,0.24993310496607163,1.2399997496153732
0.254925696778154,0.2467955486688551,1.0329428474425515
0.29503438448158087,0.24753044373143632,1.1919115080716496
0.23882825482161096,0.2477025950604039,0.9641734062712226
0.3562522798568821,0.27521725046643286,1.2944402258692458
0.3218743298879375,0.28783918413405163,1.118243615289137
0.3502763509942306,0.31009023685826786,1.1295949029002499
0.3024636115113578,0.24586751308799318,1.2301894126334192
0.3095739172661104,0.2933860556111005,1.05517597494977
0.2592840005011835,0.23754436952811614,1.0915181909647167
0.34053850995558393,0.2763769244554115,1.2321524694096657
0.31914253930673575,0.2862064346196527,1.1150781418693563
0.4008515808702484,0.3424794954112071,1.1704396503766024
0.3100509705480772,0.24593494160056387,1.2607032108989522
0.2938866789910957,0.23545530790167019,1.248163320717439
0.19821037481306242,0.20397866554976735,0.9717211075915311
0.3240053832237938,0.2538057411443046,1.2765880778070196
0.22383755703113398,0.2567353444428834,0.8718610891572498
0.3094108064140468,0.27909292668895735,1.1086300540997873
0.23583868631970786,0.2275840954921272,1.0362705083135575
0.31237090142453255,0.27485820904009545,1.1364801601358208
0.2584800110918121,0.22652037663540495,1.1410894460406433
0.23791016220843528,0.23320639251824507,1.0201699860771278
0.2927135778864435,0.24716880358784515,1.1842658686593166
0.29582922132867934,0.2642713268063716,1.1194147503767211
0.23104077759271266,0.22458812331548678,1.0287310574663007
0.24499626255799944,0.22126473735775604,1.107253986711279
0.1981155713643657,0.21177548948497568,0.9354981156987051
0.24131427900264085,0.23887968805479515,1.0101917034791474
0.33906594900264003,0.26648011553363476,1.272387428696696
0.22423084753561012,0.2159266661150977,1.0384583412966972
0.2925176192576014,0.24944746379173066,1.1726622303998688
0.29271536751374255,0.24445479386475513,1.1974212609456438
0.22897730236128358,0.23698620629005698,0.9662051895165115
0.2679473819346372,0.2344092278485753,1.14307522956275
0.29065508014749925,0.29128346120184834,0.9978427163294601
0.21834240859281345,0.2254138874515343,0.9686289121816363
0.3284847610405373,0.28947937660561046,1.134743223825814
0.3202110824204621,0.252737456903011,1.2669712133067175
0.4117382532295216,0.3081959044602791,1.335962766768652
0.32446454417231496,0.27679081909638265,1.1722373785068776
0.19591562969115006,0.21378891791856403,0.916397498984385
0.2508649908099117,0.22474466495129386,1.1162222287424646
0.2889658737669831,0.2530892268747323,1.1417549349503056
0.3661563422027086,0.3127308561587114,1.1708353524824033
0.2854226338551872,0.24125089964697052,1.1830945885501545
0.240491393567151,0.19585892973214647,1.227880668479314
0.30721915902839836,0.2539242986410494,1.2098848384048795
0.19563488634108506,0.20860781540979215,0.9378118741945364
0.27569711397771285,0.23798434221773448,1.1584674496168095
0.44276518428075756,0.3436681408410206,1.2883509748597233
0.33607315239102875,0.29506244496049283,1.1389899261358964
0.282226246525088,0.26974745758790863,1.0462610066792293
0.3342648792755738,0.2749253796269112,1.215838565828988
0.19550618589408514,0.19738047331971503,0.9905041902367214
0.4214111998720611,0.33551442121750685,1.2560151612644668
0.3554569074801139,0.27863705704634806,1.2756986139894082
0.2833731016921093,0.2340485667373247,1.2107448707863357
0.29582184925520083,0.2749589019696749,1.0758766024161202
0.35347399338996877,0.2541682085888647,1.3907089141968116
0.30029707931544414,0.24870447296263987,1.2074454300649207
0.19779707163924778,0.21717824196671773,0.9107591527035195
0.3018999986341739,0.2383971340854382,1.2663742783333005
0.2706595946793699,0.23988775516155303,1.1282759909820888
0.24926873681243775,0.22715308279712923,1.0973601315156265
0.19078140485791817,0.20717693218736355,0.9208621965952375
0.28412250246177573,0.2476433455818624,1.1473052174860663
0.2947146547480987,0.27021603417306345,1.0906630898125935
0.2956427239462022,0.2511362615794492,1.1772203746557446
0.335087241411237,0.27325130915896845,1.2262969295283213
0.22613024624793532,0.20502615947361771,1.1029336296816954
0.46341944303249555,0.37441761152845227,1.2377073854531546
0.3111759456417588,0.2731266228000332,1.1393101941204138
0.2678969217367322,0.21190598532367544,1.264225365449369
0.41071516866009605,0.2926188526269376,1.4035840991548159
0.27290153005087914,0.22568347568459732,1.209222470644112
0.1897910647821831,0.21143508047416404,0.8976328069900128
0.21570279066884535,0.2053724087115782,1.0503007294021418
0.31771434718675484,0.2744550213065488,1.1576189995514352
0.2870414915831408,0.2646356412621563,1.084666790210577
0.2934667385484007,0.27004947475116986,1.0867147170673377
0.25140688732083616,0.2493791591740192,1.008131105075232
0.33289300985442494,0.2680468560945122,1.2419209637625754
0.23713368888345812,0.2570831093068514,0.9224008902133594
0.22482225114153886,0.24623581572650996,0.9130363528888308
0.34980969656870675,0.2620695615870138,1.3347971219945014
0.268593304634964,0.22544439336357183,1.191394918399263
0.2468514641313843,0.2574956309324626,0.9586627285187993
0.3215827995303207,0.26938330906560015,1.1937740339064917
0.2686307420325864,0.2330205223447845,1.1528201006910108
0.2659056588260675,0.2418906913933317,1.0992802463559284
0.31842976196874795,0.24552491677245417,1.2969346091413607
0.31476110465365326,0.2869277089747596,1.0970049068399388
0.25384373008925787,0.21809397883994022,1.163919019862325
0.28244244932401774,0.2516107967910318,1.1225370807858943
0.2506479567369371,0.2508023523056678,0.9993843934583896
0.3828573240701077,0.28931855809480234,1.323307175976783
0.3566027674434836,0.27726376348163095,1.2861499208031524
0.5088337270170993,0.3885482416400226,1.3095767075649702
0.22497184157320171,0.21003339931514353,1.071124127432913
0.2885267206465325,0.24074162296081553,1.1984912168407817
0.2996600217816944,0.27882457634800817,1.0747260005075052
0.2727325036460075,0.2679541799320102,1.0178326149463677
0.2992158102049378,0.2823521038540431,1.0597258037773012
0.3183128739497682,0.2954477333104021,1.0773914911553701
0.3141666883941129,0.24096815934587248,1.3037684698548708
0.3760088703680528,0.3182951809672845,1.181321279277239
0.27213040245569986,0.2595954317743182,1.048286561114369
0.30429024074228633,0.24808700861794802,1.2265464541550857
0.3049865432464416,0.2794548761125642,1.0913623962803685
0.21280168278449596,0.22052209253251764,0.9649903115857508
0.22816612348823298,0.2533876133348458,0.9004628145998471
0.23883500219669743,0.2144681773709316,1.1136151065601794
0.21044441225077964,0.2311821114520986,0.9102971286529846
0.2859640425569161,0.2468096886989564,1.15864188340563
0.2495040035199822,0.22605106667376376,1.103750613484455
0.2791188497183589,0.24582620673751204,1.1354316263619362
0.35938856844179545,0.2690458773796585,1.3357891670447406
0.33461348742943847,0.272399390631945,1.2283929367579043
0.29209037526040654,0.2483065166883122,1.176329881132577
0.30907975437502033,0.25429874393081486,1.2154199017951475
0.21809046758288395,0.21537046251479477,1.0126294248353687
0.30673569661589095,0.2646146935746164,1.1591786248611973
0.3271364317079314,0.27182558552150227,1.2034791761059367
0.3284495325652368,0.2766198597801209,1.1873678658730946
0.22177673392073383,0.2421492311617703,0.9158680077434298
0.2461339901083394,0.2819163555722698,0.8730745316592405
0.3836946932918246,0.3028786483974574,1.2668264842106502
0.20679816014696675,0.2070300429917923,0.9988799555780667
0.17651990883319887,0.19205629319253748,0.9191050493525703
0.2303072349809383,0.2183288511555061,1.054863952986683
0.33424785442878324,0.2576758622011544,1.297164008974395
0.2820434283388678,0.24443373550949993,1.153864574998103
0.27107168828658235,0.24109847246162056,1.124319393312345
0.3344428732631351,0.2662150930579096,1.256288174428878
0.2880291071788078,0.2662751161624039,1.081697423814608
0.3443456872092807,0.253828421110502,1.3566080807766312
0.3381668763929355,0.2851678314560772,1.1858521161599584
0.3061620321342094,0.2507499774118489,1.2209852830070167
0.2251397035983006,0.2417859435539965,0.9311529871794288
0.21207524467717154,0.24800444764888072,0.8551267797318822
0.2746965826615949,0.2588648925117178,1.0611581199608227
0.2857724574635349,0.2529084030707264,1.1299444937130778
0.3396048922904893,0.25718024111929944,1.3204937160508965
0.1830641907122959,0.23368291597235252,0.7833871378682838
0.3539020992773819,0.29020841162654415,1.2194756771309656
0.29851787306570066,0.27984003381741174,1.0667447005115633
0.23155102494439297,0.22657800546571036,1.0219483769771078
0.36805224318922086,0.316234971217598,1.1638568681133241
0.3726072278137024,0.30658246929466343,1.2153572533711348
0.2857870537293488,0.30268424431147334,0.9441755198703482
0.22206467922516607,0.20516697576750434,1.0823607376111555
0.32764475925408365,0.26802384128363055,1.2224463230021412
0.3348915834509441,0.28394946024313494,1.1794055997295765
0.33545600505732404,0.2980727232740625,1.1254166478993435
0.19797935312566628,0.2211653525242659,0.8951644137114303
0.35468365138446023,0.2675041421521762,1.325899660958109
0.21059901654776694,0.2105637837903975,1.0001673258180264
0.3032221566062535,0.25789182448914794,1.175772660521129
0.31400146045693333,0.28581217412125626,1.0986287110489483
0.20038030983090566,0.20400531772685332,0.9822308166456658
0.23948141409835438,0.21790275313502727,1.0990288587586385
0.250228560587309,0.23112396492708254,1.0826595185239827
0.23864755004215354,0.23266631424227904,1.0257073561308327
0.3106650601103339,0.26144520726569287,1.1882606813083458
0.2739345241475301,0.24147391651424005,1.1344269729081726
0.3516048663742136,0.26590091311993996,1.3223153777422914
0.19687445203251935,0.22826192135088566,0.86249362516266
0.2782363847444833,0.25153793682021336,1.1061408400727746
0.23304674599516512,0.24663488923384871,0.9449058351764664
0.42420811946571463,0.33591451775369385,1.2628454474145747
0.24442255484503736,0.24654532456123834,0.9913899413019543
0.20847245684442783,0.20945020158842925,0.995331851024318
0.29352956889633564,0.24429054983048595,1.2015592461518336
0.31425325862933406,0.251323320771636,1.250394343288497
0.2160704437771936,0.2469596443245145,0.8749220722607969
0.30607353413698446,0.29200751381476064,1.0481700629496362
0.2129954195704445,0.23371725697899545,0.9113380086845138
0.23633325409263864,0.19948548665137006,1.1847140263675693
0.21827369677494665,0.20613405612937521,1.0588919699807016
0.1982821736636449,0.20364346983294845,0.9736731250272768
0.29701026634793,0.26387813373100494,1.1255584619629744
0.35332820111944724,0.2786858054243169,1.267837091959106
0.3376216182665568,0.2575058201051539,1.3111222811534402
0.20929980327705305,0.21077873429492308,0.9929834903752639
0.188028781008722,0.19294827152644747,0.9745035781932301
0.30727536591680876,0.25510352022206956,1.204512449100362
0.26243226395211744,0.22411143979741838,1.1709900404429978
0.4173105336218425,0.3371563273873917,1.2377360284339372
0.31540166773836276,0.2658197675517809,1.1865245035884078
0.2878727561033073,0.2601563027887864,1.1065376968284453
0.33856476751662534,0.26195586624419226,1.2924496495185152
0.2939540895848429,0.2783754860956248,1.0559625551362908
0.29062031966293594,0.2423382835579937,1.1992340434044046
0.26707301974479836,0.22734725150830543,1.1747360831192704
0.34878587615177736,0.29679208200609397,1.175185920710027
0.3014844737223104,0.24919980279669818,1.209810241977868
0.24431393185894143,0.23204137119613283,1.0528895368939843
0.3343201948131904,0.29371009516545454,1.1382659306444989
0.3759272249486733,0.27337294393014044,1.3751442243850593
0.3347391358286993,0.24638667926232988,1.3585926675536701
0.2531253641697299,0.2571187781927538,0.9844686022114256
0.2777286692453415,0.27876190230660697,0.996293492572995
0.19946112347648634,0.19275302573194988,1.0348015172216545
0.18102565218069405,0.19992848663498505,0.9054520205077007
0.452776121537955,0.3332247709343632,1.358770898899171
0.2845865819429854,0.2445458169381832,1.1637352276400779
0.32920259871281626,0.2572306032773321,1.2797956173118634
0.2957810683835117,0.27478096352839343,1.0764248897938968
0.386143474300038,0.3166529194416342,1.219453384421464
0.2844266022499821,0.27491398433799064,1.0346021608718758
0.32486789668537663,0.2843945668254176,1.1423140051926681
0.2665636205736817,0.2377532280037824,1.1211777135973984
0.2569190746686246,0.21768520136797267,1.1802321565917173
0.27820024249773484,0.23590847994803024,1.1792719047616318
0.33234359830030435,0.2579704197543015,1.2883011882402564
0.21005322765191894,0.2154030429451694,0.9751636967607173
0.23419842188708093,0.23855098552291423,0.9817541578112021
0.3566651831816634,0.28988437790435656,1.2303704868819811
0.3379470463886882,0.30180201249477684,1.1197640585466173
0.21330479934335073,0.2290279409585248,0.931348369332712
0.27772345085131633,0.2413750234703974,1.1505890164537953
0.3787926250485751,0.3192679004473142,1.1864413068706972
0.3944168181905513,0.3053526190122093,1.2916765523952518
0.28342794328304804,0.2630615623021531,1.0774205885598067
0.27976294562200443,0.2544137031076178,1.0996378819409103
0.2727995012013479,0.23478352989887186,1.1619192424564475
0.1743606845608575,0.18161605554108975,0.9600510485781871
0.36582970035660295,0.3004145104270788,1.2177497679340716
0.3296038728629973,0.26321076737856824,1.2522431211521747
0.411820194943481,0.3360062201309027,1.2256326528212553
0.23867389364056737,0.255295495607071,0.9348926939467582
0.28138195873152033,0.24280440761204256,1.1588832406251772
0.25284519138052125,0.22397215904744452,1.128913488425856
0.23026113223856243,0.21319792591195907,1.0800345793872763
0.3139661491791046,0.26961156393670505,1.164512918491925
0.36543553306280874,0.30324055274126566,1.205101130964531
0.3081687592058564,0.24456641851780955,1.2600616269130804
0.30171956231135744,0.2412577186272319,1.2506110230510192
0.28561555871617833,0.23722151679966516,1.2040035936427393
0.2590440373700956,0.2957888663462276,0.8757734547955524
0.24568687652027402,0.22061251791433262,1.1136579140793732
0.29936400113627587,0.27331696228707925,1.0952997524604347
0.2955607521255133,0.2288228033300795,1.2916577710970683
0.18271545496050845,0.2053420842416324,0.889810072958554
0.37476996126332457,0.2937937877891372,1.2756224836595453
0.17258458233555263,0.20395947015649943,0.8461709681983747
0.25511905216319664,0.2378083335078728,1.0727927335429175
0.23682678998038695,0.2599322193893088,0.9111097906092351
0.2087224555222613,0.20921075430391675,0.9976659957884091
0.319029245924578,0.2862927786848179,1.1143461158543575
0.3119886837939013,0.2558527065081553,1.2194074006559579
0.32891485361791545,0.2858566217213717,1.1506287719950499
0.2301171071580656,0.22124956403673718,1.0400793699184692
0.3636320942434969,0.2878817795856763,1.2631299374584997
0.3529030049497143,0.3136260065297026,1.1252351450525897
0.2246979643925518,0.21193766708214504,1.0602077841380644
0.31282674484190104,0.24711656978683558,1.265907604300867
0.277044242367999,0.24174334480610063,1.1460263470343426
0.2893808816819953,0.2557847812238564,1.1313451890976125
0.17808643659644297,0.20093616937961245,0.8862836250252122
0.25204207739411977,0.21235763839949612,1.1868754959497507
0.34525851757967896,0.29437926097161643,1.1728357372735174
0.2535447902939977,0.2183305271319542,1.1612887745228626
0.3190977270191202,0.2811682749092578,1.1348994730010116
0.3005155948556584,0.2687420081234331,1.118230815323936
0.2624340606541474,0.25080361828894127,1.0463727056433738
0.3352204186636308,0.26596504282901634,1.2603927760504126
0.2750633715396672,0.2735613524522158,1.005490611425873
0.25833362451049147,0.25969949989091445,0.9947405544446689
0.3341672262476571,0.26528281436726614,1.2596640571862494
0.22634870121252848,0.22719527731246558,0.9962737953449059
0.27491443634451646,0.23731555916479122,1.1584341006213448
0.2784534418885293,0.25345136240259725,1.0986464592216996
0.3005689646120938,0.25895243454957956,1.1607110979083932
0.22231988082541793,0.21505902825870712,1.0337621378907018
0.2787226312557525,0.238275130576695,1.169751247564791
0.2325383009573011,0.21194004531344005,1.0971890687925356
0.19309661747297374,0.21156168216081989,0.912720184017965
0.328661130325771,0.2833559702787921,1.1598877906204108
0.26901581560204496,0.2218184566822381,1.2127747150789105
0.21730693929899997,0.20425798257472721,1.0638846842595189
0.36210717571891193,0.27350578651644986,1.32394703721244
0.3402584735829097,0.29035787198878454,1.1718589589196764
0.349698764864102,0.25984248513163244,1.345810577076915
0.28201916210796546,0.24170065605537028,1.1668117360978896
0.22917523572405962,0.25364525234436314,0.9035266128810421
0.4007768842126443,0.32716546501913035,1.2249975228565448
0.2595155520229996,0.2665598411956299,0.9735733291967994
0.34205130879448337,0.26275159464754694,1.3018048824910406
0.314701715477955,0.23700954386981923,1.3278018696614566
0.28112133902903436,0.2405889919338754,1.1684713285065804
0.1859601703289141,0.20614523665245615,0.9020832756006271
0.36345972702256757,0.29921188450316794,1.214723564961603
0.33583576409010085,0.2843593283970844,1.181026013752339
0.3388780538733342,0.2668356513837991,1.26998791996469
0.2295606926049338,0.22348745518923593,1.02717484706493
0.2405957374616469,0.2320499401573885,1.0368274057664577
0.24821991339003344,0.22041588128457854,1.1261435062819143
0.34383718347317815,0.27832817625281553,1.2353660635524677
0.24076414361439746,0.21318397327326746,1.129372625519915
0.20978207965349463,0.24460687584394938,0.8576295287272637
0.28282613087728153,0.2421823934962168,1.1678228412657075
0.28479347187699716,0.2495739768150779,1.1411184591894177
0.21383733857081189,0.23512055200613624,0.909479570145068
0.22295298766637178,0.22613831525849787,0.9859142508049334
0.27609057959222605,0.23300217441980542,1.1849270517741488
0.2302628515390604,0.2103492047171687,1.0946694657042664
0.32234940808540025,0.2862174670617121,1.12623946887175
0.2977843600290445,0.2576022214045414,1.1559852178502785
0.2460483896259928,0.246249885922068,0.9991817405505764
0.1701209091193279,0.18040095577833654,0.9430155643319318
0.19271210812201756,0.2231387892862462,0.8636423489544134
0.3371322557536897,0.28054417366026874,1.2017082777200983
0.2774426449720261,0.24377367413713832,1.138115696676692
0.1772042573401418,0.17794481286805372,0.9958382853876104
0.31320627809065205,0.2646846026254791,1.183318844329716
0.1998325369828048,0.23214877536002287,0.8607951373979847
0.20083743700661474,0.2329962292502317,0.8619771987422197
0.328718709688451,0.2627957281523475,1.250852561415636
0.22016284048766321,0.2195988379201095,1.0025683312939884
0.20097203686424778,0.22756981364159679,0.8831225620317189
0.23360910791874312,0.234581221777342,0.995855960459096
0.28194940586862005,0.24573428750350043,1.1473751129036225
0.1916891232652081,0.21324125752010678,0.8989307486480823
0.3630355433703717,0.28894294710020385,1.2564263880248752
0.2652760601272951,0.24247110707113098,1.0940522494891487
0.3100879325803706,0.27462760733974745,1.1291214877634441
0.2681312767748294,0.23951126338490217,1.1194933924419828
0.18820837788051398,0.20584564054656157,0.9143180170383152
0.22620145945671738,0.2765333118761603,0.8179899120364096
0.3666948267148533,0.30249644291323013,1.2122285577422087
0.24783440635003795,0.242608071780049,1.0215422946633335
0.31410688808382814,0.2467748724435758,1.2728479402036672
0.32095597720559665,0.2673702211898122,1.2004178168283846
0.26004781701542334,0.25379981273358115,1.024617844333876
0.36799846897274213,0.3150393365994742,1.1681032373446039
0.3046459155435414,0.2475217240776996,1.2307845571078437
0.27001206828891033,0.23253932358851345,1.1611458402911081
0.3193335026021751,0.28897172929261933,1.1050683171806428
0.3000318182870719,0.29368209213660484,1.0216210872929683
0.3275856631440073,0.2727002945795927,1.2012662606361624
0.23998252102520443,0.20894448839894625,1.1485467880205387
0.23606608310687252,0.22022768213558938,1.071918302084893
0.3652193688419872,0.2971311058032594,1.229152255381203
0.26245841082829013,0.22864045750269318,1.1479088770857564
0.28924140787531305,0.23823638168084352,1.2140941943233468
0.23698013313261038,0.20985257170540644,1.1292696163156195
0.25782464472152755,0.2598820172389418,0.9920834364021324
0.3243511571331652,0.30164911726358123,1.0752597590058481
0.39386503737309664,0.30318880769940604,1.2990751220724175
0.3138721952890307,0.28118946961592983,1.1162302618150723
0.20808284233492008,0.23042986847076552,0.9030202712688673
0.27174357372570584,0.24460430152668533,1.1109517372737605
0.2376728925783529,0.22892037774618604,1.0382338825330402
0.32268006388586834,0.24466461855892147,1.3188668871962734
0.3014867495861853,0.2574973085383692,1.1708345663786281
0.31893085673996585,0.28370024677432537,1.1241825143481998
0.32232079436889993,0.27499602667335293,1.1720925508198725
0.3306063322440131,0.29058590579889215,1.1377232193526212
0.22924179762501887,0.21817481462289087,1.0507253003572248
0.3405020802423928,0.2783142937217823,1.223444458022615
0.2587673499588315,0.21734080272466702,1.1906063965662477
0.29852207041526696,0.26267268461597726,1.1364793063721141
0.19528006356846384,0.19233984359722875,1.0152865881361122
0.31928002627956886,0.24858726870457779,1.2843780292666664
0.19338234901286827,0.2140996578929328,0.9032352079216078
0.2685718369079833,0.26076646242647195,1.0299324322954768
0.2186798404858414,0.27211446927146127,0.8036317990414781
0.241773649079039,0.2223490711925712,1.0873607332033541
0.30640120477482624,0.24140991743861032,1.2692154822212016
0.19442316130052112,0.2074490672571668,0.9372091370239908
0.36401509090388195,0.2784370028687218,1.307351706682135
0.27729663543927113,0.22315460456658312,1.242621168305463
0.28639313812427614,0.25505281939400093,1.1228777584374052
0.23771666752476653,0.2539191829043118,0.9361902665477184
0.2407693521812539,0.20125588992386995,1.1963344390682473
0.2906386922034411,0.24699546226122251,1.1766964847963945
0.32598699530573283,0.25518149806137996,1.277471124600584
0.19278301252403043,0.1918458853281856,1.0048847917391697
0.2988120788570774,0.2564526235254858,1.1651745837077856
0.3060630615533892,0.25132478357679067,1.217798965933949
0.3742161580010038,0.32833219040353506,1.13974861112788
0.18479994187649132,0.20205021512514895,0.9146238313185022
0.22668491840951727,0.2316670503281477,0.9784944302110575
0.35540847148475097,0.30177256838001015,1.1777361785820084
0.42682193128388585,0.34039023966672743,1.2539194182000717
0.24132418234341171,0.25474990722331897,0.9472984111113415
0.26463642622340183,0.27476957554085873,0.9631212833607552
0.19958982446356768,0.20632352171500956,0.9673634048339723
0.20195826849114695,0.22463607705054187,0.8990464539037845
0.27946566608036005,0.24182784520600095,1.1556389043714024
0.24694015190272112,0.2774689335427375,0.8899740549321203
0.34050897795067653,0.311642960843427,1.0926252819223858
0.24743494393690899,0.2637912742635999,0.937995180574675
0.28981353803451765,0.25303549430281225,1.1453473704668975
0.34494454745076597,0.30280586710792984,1.1391607129191341
0.24870827037102333,0.2123408928252199,1.1712688359831747
0.22429250698505834,0.26438424767332,0.8483580582387795
0.3152994309442882,0.25951771167385174,1.2149437851877332
0.1856226115204937,0.20425706902989876,0.908769583359304
0.30265530584654526,0.24057781565627995,1.2580349730955955
0.22675377461600482,0.26466172219008793,0.8567683030987893
0.3267320120191329,0.24838753755989892,1.3154122595234516
0.27104442320741595,0.26686241811648614,1.01567101550097
0.2818106270989556,0.23785001924316687,1.184824907711466
0.3205732995589349,0.28078551495089665,1.1417016993023883
0.2626057988250219,0.22618386922299666,1.1610279713011564
0.21332392439133452,0.2025934807629266,1.0529653944835697
0.22548181190438227,0.2303426730805826,0.9788972615833983
0.28633320443605526,0.2658147898784768,1.077190643029904
0.2131371631835307,0.23596357143272928,0.9032629989849678
0.19296479624840407,0.22418838728642926,0.8607260999735322
0.24032448677113144,0.22911572189425086,1.0489218495536243
0.35844883256976523,0.2809790760473224,1.2757136140251075
0.36100045691411925,0.28061013919559313,1.2864840092698568
0.2274288191641418,0.23786340509470016,0.9561320249056214
0.2480261443653803,0.2120920988389244,1.169426611001414
0.29050564583952104,0.24188341418521347,1.2010151535941065
0.24080391998015227,0.20836899675099355,1.1556609847669388
0.18865255282219057,0.20904883365322877,0.9024329364837708
0.313788919066814,0.24286161889551044,1.292048206274288
0.2765935700771033,0.24994798164068502,1.106604535317764
0.33898684231046267,0.28230761490649403,1.2007711602917333
0.30525586729470494,0.25706845787596844,1.187449715989607
0.2264298879847342,0.20912999244105515,1.0827231682158414
0.3240876501752548,0.29961341699543,1.081686038713674
0.20782689780082908,0.24057450234475786,0.863877492316291
0.384975933138623,0.3389394265447618,1.1358251740234813
0.4089070321434243,0.31504342791216305,1.297938620250892
0.34817659594549266,0.30358731584949317,1.1468746478133662
0.24163161236070763,0.22411953598967413,1.0781372150076214
0.32453798307657694,0.26161749202571816,1.2405056732394386
0.3397740229129306,0.27072430095910116,1.2550555000389894
0.24702108509691623,0.2219238815066205,1.1130892422208603
0.1935308253794682,0.1979952802851026,0.9774517104690282
0.3395813422459622,0.2647798220595591,1.2825046093186716
0.38128790330543205,0.29170818529223935,1.3070867480919326
0.2945628926649571,0.2389941993163868,1.232510636272837
0.24678643728123353,0.2305383990681556,1.0704786633322392
0.23744105350404876,0.2638064691410903,0.9000577365563365
0.31459411854457237,0.25646002182076644,1.2266789822096889
0.22328579937779286,0.21967371060578098,1.0164429724524207
0.3528815654571407,0.2967279526323202,1.189242746855067
0.2926381922187569,0.2473384884376305,1.1831486238444822
0.2785533718927308,0.261661819479145,1.0645548993246683
0.1980182795402678,0.21191495422670367,0.934423341018353
0.30998638451180854,0.2646449383947186,1.1713293531783444
0.32742253597646886,0.2534449559260817,1.2918881529130257
0.22885215997485261,0.20514299294955926,1.1155738574562135
0.2954339757001321,0.25687551961240357,1.1501056081401175
0.2692552057402607,0.23306459597181317,1.1552814558450757
0.25131068937120526,0.251393208879522,0.9996717512430645
0.2894943574644711,0.242094531108429,1.1957905704809695
0.21407957899036484,0.21310890464510088,1.0045548277153433
0.2707949816337383,0.21787602792552843,1.2428856180832244
0.2529485430473765,0.23606074090466503,1.071540070907139
0.270224939782829,0.23925361392416616,1.1294497723594659
0.2655410337029481,0.24928045948232602,1.0652300395080705
0.3231422237175094,0.26480030871610233,1.2203241955580821
0.19603648173790628,0.1950071263168607,1.0052785528431047
0.18978825941848704,0.24607559544891924,0.7712599824141585
0.26304964393696245,0.21484387221621848,1.2243758280069994
0.19673969239001513,0.24710864551420836,0.7961667710193608
0.22666140708133917,0.23802005013336938,0.9522786292765435
0.21317500415920512,0.2514453509210291,0.8477985509708491
0.3085060242678736,0.2583689376475034,1.1940523000825005
0.2337499799030804,0.21913084805469007,1.0667141663447666
0.3748339712643296,0.28928205478336216,1.2957387610684514
0.17947371856995842,0.19446406357748514,0.9229145749000882
0.309191038122188,0.2566349119235581,1.204789464553772
0.19478209865933066,0.20978017370477817,0.928505755426849
0.2009775806192212,0.2233054639814114,0.900011925529736
0.260353110603971,0.2868489079173998,0.9076315210478038
0.23379108085374706,0.24007224549092449,0.9738363565337048
0.2082116405704219,0.21012670073330933,0.9908861646035265
0.2991941164262246,0.2486992084335514,1.20303606236111
0.20354092008314048,0.20903664718901765,0.9737092649553082
0.20527453095731824,0.20167356474837814,1.0178554200369936
0.2973938454450229,0.24364388014239308,1.2206087231545346
0.33314009682910695,0.2702832374848597,1.232559221685985
0.19901806618767784,0.2187827437105483,0.9096607109515945
0.30327972642855733,0.25203383454343764,1.203329413996943
0.2728161761061882,0.25167972265708777,1.083981550940831
0.23750234863632863,0.24012974636751108,0.9890584245770148
0.2622913374622505,0.25089058024457955,1.0454411528984346
0.30574024514804377,0.27290886896447336,1.1203016095011713
0.1947763902527322,0.22013056408133097,0.8848221103034504
0.2194729401501307,0.19849852181511182,1.1056653628612667
0.2831888932188339,0.24801060170362862,1.141841886086963
0.23648147289478988,0.20337298956140082,1.1627968561842534
0.2990668921882692,0.2615004569676129,1.1436572450246576
0.22523121743158347,0.21420331049170013,1.0514833637004442
0.3185548808249585,0.2723846110775656,1.1695039582623308
0.42484986747666725,0.3164807375385444,1.3424193547480106
0.23960036265018325,0.2247328169732903,1.066156540362594
0.2962417460228719,0.25008661883395394,1.1845565644580243
0.2074908424915238,0.2290937283112376,0.9057028493142991
0.19795837426353372,0.21253914198089782,0.9313972589638356
0.34279696883567184,0.3068376185908461,1.1171934210999594
0.3498939947046734,0.3055954507822368,1.1449581262058877
0.29222286552632226,0.2310895658795747,1.264543746984255
0.28905377950819944,0.2533836685470174,1.1407750987493623
0.24977911157919563,0.2248542807160492,1.1108488163257253
0.24532465731256986,0.21705259241053484,1.1302544447318144
0.3305770418988675,0.2926454677284604,1.129616134036981
0.24555418496924636,0.2133278059715231,1.1510650655734262
0.21276709341227562,0.2460507786675125,0.8647283888493075
0.3799668748133293,0.31288051284679036,1.214415277436564
0.26030383629067644,0.24090307737363445,1.0805334623723046
0.23159277517555837,0.2548703065538908,0.9086691121728983
0.2958663415622734,0.2572550431061998,1.1500895686625439
0.35074736314513094,0.26958212381463176,1.3010779727602022
0.23974192390749838,0.24030922449932365,0.9976392891575127
0.32720889804157827,0.27210148888511404,1.202525202571499
0.26086519449060497,0.25140870872465887,1.0376139944153755
0.3231813892699778,0.28730274457611465,1.1248809674505489
0.28078024199282314,0.2401286636683494,1.1692908197774305
0.3960396234212013,0.3105092894141011,1.2754517720499992
0.30766555073312335,0.26790057801356687,1.1484318287567963
0.3634635131651595,0.31716652745319707,1.1459705918014766
0.3609593681698817,0.30914228014607953,1.1676156622747202
0.2823861052315164,0.2582018824056088,1.093664006631511
0.3764743177668627,0.3206430210450722,1.174122912576795
0.2989500130419835,0.2517613605712802,1.1874340540725787
0.2012963384077761,0.24714687086744094,0.8144806272531886
0.1759389092001319,0.20269067804249358,0.8680167775808947
0.3047765914982078,0.24787330699344873,1.229566003677286
0.2853943911616105,0.2568852330856739,1.1109801358898215
0.27342126082951607,0.24340282953858938,1.1233281936279527
0.2917652090999492,0.27567849163781294,1.0583531829652892
0.36791435896340496,0.3208299325749599,1.146758209281
0.29364844798393114,0.2472802607452325,1.187512691465781
0.2988301669113898,0.27585394893788884,1.0832912418399865
0.24770806191203887,0.2084096418457031,1.18856334917283
0.2509164970631501,0.22194320542516793,1.1305437198786021
0.24418617654370525,0.24444287273193566,0.998949872477927
0.35417835056410746,0.2719333861663171,1.302445262633138
0.2952394099689476,0.26082227116208956,1.131956288293607
0.23217933362665705,0.22844599056360484,1.0163423444370443
0.34065431894497766,0.2745818665114353,1.2406293367912213
0.3328339202327476,0.2855807255743181,1.1654635289668125
0.23406073659876123,0.26538899318006104,0.8819534442408309
0.3124465188955234,0.2928820037159384,1.0667999908883452
0.1969301119097732,0.24804276280062976,0.7939361329726053
0.30844481215344005,0.27502423953806604,1.1215186438530205
0.35546855493943574,0.28571467383017574,1.2441382522436373
0.2834170419438302,0.22251219695137628,1.2737146359925742
0.19199173185849291,0.19946933919033943,0.9625124975988858
0.3255499723396346,0.2815184467834664,1.1564072481191106
0.3223620707688367,0.2684029615182641,1.2010376820931645
0.29311620709037467,0.26610760685774154,1.101495032598116
0.3401564255514365,0.2543582397160673,1.3373123903166777
0.22987689464445493,0.23040793081498706,0.9976952348443312
0.35108697023370616,0.3060061259550441,1.147320071250093
0.2786558664191692,0.2475622989208524,1.1255989608832062
0.2783910358054055,0.25696106864036233,1.0833977196562647
0.46662445860250057,0.34673618960942976,1.3457622036168628
0.26572365371052503,0.23970363861568456,1.1085507722999492
0.20552123155602398,0.2151603481162931,0.9552003115599199
0.2670428765692659,0.25341565717897346,1.0537741808931256
0.32064185651164956,0.2493537679537391,1.285891362873394
0.35608488733069404,0.2817687730299908,1.2637485818657173
0.3028459251554267,0.28820399936420404,1.050804034029797
0.24652390217808962,0.22586550367458738,1.091463274238042
0.21421366394449476,0.2114916100292528,1.0128707418458134
0.27466413162927394,0.25276158602022963,1.086652983761905
0.2697525404665312,0.26409685222997864,1.021415205023449
0.23711718397091205,0.2448089743895931,0.9685804393492528
0.20928332782625578,0.2260659868329415,0.925762122635955
0.3911451102394754,0.28438571462759116,1.3754035105162994
0.19599162288327024,0.2279310009289042,0.8598726021670197
0.22393363861225313,0.21316943370972186,1.0504960055257695
0.3699338530846264,0.2627443460598319,1.4079612316391594
0.22668520600051045,0.2532935965189689,0.8949504018887988
0.2878410871389004,0.2647398325786946,1.0872602144346333
0.20316436618228076,0.19762982624965647,1.0280045782443423
0.16402675494140367,0.1898722865716964,0.8638793891570196
0.32137984426906363,0.2527385151085572,1.2715903000815816
0.3031618800683344,0.2614271389427956,1.1596419610233006
0.4126191954510017,0.3203597147114072,1.2879871485174268
0.20195771073753516,0.21164405960932142,0.954232833703594
0.2588027514709312,0.2408059313383204,1.074735784258263
0.2188925807444001,0.18578372600092458,1.1782118135756992
0.20570420350961838,0.228741949503797,0.8992849975959647
0.41160908808343466,0.334627341509471,1.2300521715491226
0.2757820342170606,0.24322491908567714,1.1338560014893666
0.2971096159025943,0.2460798374198184,1.20737082329796
0.3081990773736243,0.24483003509939816,1.258828710490929
0.3130518936220656,0.2511560878075595,1.2464435815783683
0.2749623187271331,0.27249135804394603,1.0090680332063544
0.30852896109028405,0.2505953485795413,1.2311839099932618
0.18236736986556898,0.22267126322182954,0.8189982273729277
0.27746158953354716,0.2307141728010939,1.202620481285975
0.2994733921182973,0.26377899779123065,1.1353193189221122
0.21036445292007186,0.2124316984169471,0.9902686580567757
0.341125846552944,0.2489917308911307,1.370028817150149
0.18774677353533437,0.19776627171032635,0.9493366685413992
0.3308778735458321,0.2641833434792281,1.252455469706204
0.27725082239894366,0.23582197130728025,1.1756785038391562
0.20396108917719316,0.2303420041990638,0.8854706716927234
0.33702300329081886,0.30341618946753235,1.1107614392042278
0.29947863746376513,0.25761735773864175,1.1624940186196324
0.3210516950244477,0.28583629122825965,1.1232013039522197
0.22960374607802703,0.2154732475500677,1.0655788998802551
0.3192464992710542,0.2741203762772036,1.1646215564370046
0.31474246136558326,0.2429406977854841,1.2955526358267888
0.20157411192793187,0.259394962988054,0.7770933930479408
0.2985073533059539,0.24962586205886217,1.1958190182857151
0.2933433812297235,0.2585725721532949,1.1344721475555988
0.21403848516853843,0.20269421238766122,1.055967423278869
0.1982163390942756,0.20197367393095406,0.9813969080051348
0.1907783113861053,0.20117081137381504,0.9483399211011858
0.2780430342520675,0.25363100515091375,1.096250176852898
0.2064065426681231,0.24631218022061527,0.83798755905311
0.23467855556564426,0.24134817880337445,0.9723651395639331
0.3272552758297047,0.26988356114490675,1.2125795081457138
0.24957266126485167,0.22977457236533497,1.0861630975773868
0.30310083291541706,0.24213906991822326,1.251763430898542
0.32426453301062597,0.29593196843307723,1.0957401281367678
0.20142969276645223,0.2457292320848398,0.8197221431795594
0.2552263560443834,0.28099841924830127,0.9082839566398248
0.22921473394400094,0.23571278585945002,0.972432331611728
0.17582781297617425,0.18887604364925795,0.9309164337574002
0.29001656558457056,0.25316098961808475,1.1455815764588597
0.30222307082188704,0.2545512121001104,1.187278066085296
0.174123738307986,0.2028036009263499,0.8585830700867128
0.5431026824366851,0.410045101740632,1.3244949887981268
0.40623704783021314,0.3273852472155243,1.2408532494525604
0.24041282475530495,0.22932690313294735,1.0483411299368168
0.28816210600764364,0.2495510657834553,1.1547220008977745
0.3070253089390174,0.29159622727005646,1.0529124872890472
0.3000083692376653,0.27447354727845263,1.0930319960244024
0.18306128888555795,0.19241688513711777,0.9513785069075775
0.3451196326128358,0.27110192911215597,1.273025366300726
0.20319558674686616,0.20981671356189685,0.9684432822217596
0.2091563383841855,0.2570200652473934,0.813774357199945
0.2855302850864395,0.2694103477090422,1.059834143396773
0.308606283433619,0.265682642807455,1.161559822548406
0.2278644931879504,0.25053606401008266,0.909507755253871
0.2444971581396436,0.22461915566184154,1.0884964704779136
0.34215457747221817,0.28592492977748113,1.1966587794163221
0.1953879654441871,0.22036320187209404,0.8866633075952337
0.29527722840846526,0.23616220716359906,1.2503153318003792
0.23319567232275765,0.2070396255720355,1.1263335300112471
0.33620719764098517,0.26786236890012666,1.255149049198251
0.23929565396500957,0.26258146282743905,0.9113196772853221
0.34804301453556996,0.3091039305801207,1.125974082187726
0.28846364721023965,0.2621706490373181,1.1002896329908345
0.20295922865901814,0.21612024439040542,0.9391032720303015
0.2986968403877965,0.239675204708672,1.2462567446259865
0.21167077194818862,0.26015054744680266,0.8136472285974047
0.32397299730927104,0.2482326492659454,1.305118397065411
0.3222859031828796,0.27356719085393744,1.1780868245818044
0.2684210294782271,0.21138941509406817,1.2697940876499416
0.393724059565299,0.34244342378138243,1.1497492205213273
0.2731923984715617,0.2435987535726796,1.121485206573738
0.24308590331661994,0.22121020886429632,1.0988909805050793
0.2716296801674808,0.2190428361160227,1.2400756170980358
0.3542811572631482,0.26024169727772406,1.361354313967094
0.35679971609564315,0.2905166539407826,1.2281558088176638
0.3262791626724739,0.2576703936172376,1.2662656275410236
0.3211900907499009,0.2685637755136001,1.1959546299036736
0.2526903555587215,0.2259452294973197,1.1183699524035273
0.28847017976824413,0.23890153725192675,1.207485657423988
0.2457140861726684,0.23220343983359049,1.0581845227993194
0.3111136895838562,0.253174766275182,1.2288495183034907
0.19433327165880163,0.21474845658117633,0.904934427714233
0.31768733932887205,0.2605942682234845,1.2190879772398706
0.20358259567113313,0.22139075537104785,0.9195623156438104
0.19344578524342565,0.23571988206031147,0.820659604750398
0.21381675248665494,0.24366206381658143,0.8775135084122377
0.21420017100704428,0.23223193436153272,0.9223545056192959
0.270271497503476,0.23339389382287412,1.1580058632921597
0.2778937024770017,0.265291112540026,1.0475047573826064
0.3288362590951264,0.28298835709157927,1.162013386256418
0.32329258076289835,0.2953154882519417,1.0947362858499607
0.32596837434356896,0.2615776581050086,1.2461629051389058
0.3478031791442774,0.2974378158262078,1.1693307328060059
0.3238172208316813,0.2614092233114954,1.238736784913746
0.29371365546711664,0.2571868230790194,1.1420245094628139
0.33000681077566046,0.27075520097260736,1.2188383070397517
0.293170888724104,0.26388979906870685,1.1109595359833273
0.40356481613050393,0.3119213439368113,1.2938031461298707
0.35187169289853165,0.26305491092089295,1.3376359014424486
0.3160203062095953,0.27337264571435366,1.156005588575984
0.3116311454039923,0.27419651208026474,1.1365248341042697
0.30529029293248816,0.2612362164961451,1.168636941030698
0.2929310533723058,0.23351857132633308,1.2544229425031301
0.21092397362469284,0.21152646024028884,0.9971517198609026
0.28254880854815323,0.24353857033030546,1.1601809445006561
0.2064354963154234,0.211663255554818,0.9753015268252799
0.2736191073011732,0.25106625226415136,1.089828301628104
0.32445473489707954,0.2526206692610332,1.2843554561318185
0.2975571839592618,0.24602045652601792,1.2094814722360032
0.3744622463544494,0.3029329496161231,1.2361225374425868
0.25909723553380437,0.23516868085886308,1.1017506012601315
0.2791267271041542,0.26165820706907006,1.0667608336491925
0.28359764924582204,0.26254076238361473,1.080204257316202
0.26741276059538105,0.24382168724610542,1.0967554347430284
0.247544669321681,0.22936739151714758,1.0792496164528884
0.16170313851393434,0.20351106237887948,0.7945668241507642
0.18752899935764972,0.2155832932850979,0.8698679591542012
0.2630222044193744,0.227435054879124,1.1564716994007986
0.3234071920623595,0.2746863942823348,1.177368806006268
0.3122768435441781,0.25084162281957495,1.2449163740612228
0.29859406864071614,0.3025953110529458,0.9867769186564509
0.3123186408337618,0.29026029844442225,1.0759950379282175
0.199942981214959,0.21118826843171937,0.9467523111001018
0.21764220758828653,0.21647457706709874,1.0053938459518315
0.3271458964345465,0.2491592451454321,1.3129992276369045
0.3200842061469926,0.25375377762731316,1.2613968120588872
0.30419074876478464,0.286603031795885,1.0613661232356586
0.3614424338626636,0.29520394995630206,1.224382105714258
0.19869736801134158,0.20297633642045637,0.9789188804735784
0.3548039828438045,0.29835953114537,1.1891826665692573
0.33457558888622857,0.2824570541878629,1.1845184389117842
0.1901115427967932,0.24438126394846088,0.7779301069368683
0.2864677740646342,0.23945337910867096,1.1963404948845042
0.19648996090898757,0.20159904892727604,0.9746571819387327
0.3658544231497485,0.3114084089491245,1.1748379704464529
0.3082974883391686,0.2497507778654164,1.2344205330375442
0.3290821186770985,0.2637587065013514,1.247663529451728
0.24875456490074266,0.2664400852135151,0.9336228995025282
0.18329232014813285,0.20035800371580878,0.9148240486969406
0.3170551050445713,0.27203598578271243,1.1654895734927426
0.3272223483883838,0.2566586705178662,1.274931985458117
0.28422882713469744,0.2371520982465579,1.1985085910528006
0.344869482697142,0.3127039936915078,1.1028624183078597
0.2823683670492813,0.2337309942597079,1.2080912415729104
0.22146575173151598,0.23093939545610792,0.9589777928279348
0.18280059696173623,0.19971027443999884,0.9153289557801746
0.20635423384610535,0.22208738181637086,0.9291578484036783
0.24210782154417407,0.21347200686858317,1.1341431839033562
0.3732881342045421,0.2928838185195551,1.274526315900305
0.22576798386749294,0.216626293043713,1.0422002827788557
0.3179067681465554,0.26898395620161647,1.1818800371434381
0.2601408953716927,0.23640194366460762,1.100417751813261
0.27433037763731144,0.23309857691964525,1.1768856818541615
0.3312538650191253,0.26506409256677044,1.2497123311249012
0.3645626291862711,0.3285688134827178,1.109547267502448
0.3750255486613982,0.2840189337268374,1.3204244651593855
0.3255921773676738,0.2940452168401743,1.1072860863594547
0.19114804406970515,0.23479293683520042,0.8141132635683614
0.24421015390371223,0.23388139163167565,1.0441623944512126
0.30169308392716176,0.24026691640568984,1.255658034157953
0.29745416263923913,0.2595167822052581,1.1461846902986623
0.36463659439214524,0.2989396271124367,1.2197666730045083
0.29954402374868105,0.28890165216988134,1.0368373510461675
0.314838510098188,0.2534527335647986,1.2421981237684907
0.378185295338136,0.3077222104676359,1.2289827723628381
0.2124008503556799,0.2303794859551262,0.9219607790819179
0.31647773933136314,0.24266030874085523,1.3042006786092897
0.26745646847030224,0.2226654866896865,1.2011581698022102
0.2194851593003944,0.2135284996770854,1.0278963212513417
0.23070938160197832,0.23325189368370386,0.989099715155268
0.38645400406984726,0.2916907977123305,1.3248755432146804
0.3555344626024139,0.28520046309089064,1.2466125010782625
0.20723731430094994,0.20807318973206324,0.9959827816731716
0.22052253077883946,0.21892947385934264,1.007276575837022
0.32378541418455187,0.2617897045683125,1.2368149263870762
0.25073613502460423,0.21214958991476293,1.1818836657914094
0.1900741011677956,0.2089042509619166,0.9098622947718104
0.19553733319395275,0.218258489024147,0.8958979514071478
0.2552962956060003,0.25518887851707767,1.0004209317018313
0.3533740817739872,0.29886362450978726,1.1823924117684481
0.23376390113290124,0.24437575296528954,0.9565756761723592
0.3627895684007574,0.294149571596241,1.233350660454926
0.3836574122554476,0.2987603485263384,1.284164428605976
0.26694652782112566,0.2550531057405077,1.0466311596013984
0.2304863559288548,0.21424056977595268,1.0758296440767103
0.3323316816285025,0.26894411836379895,1.2356904610903579
0.21131675130380356,0.2362289908687084,0.8945419887995433
0.2368158414970144,0.22810295293158772,1.0381971756763704
0.18991497592518305,0.19241813561513402,0.9869910407251962
0.4143677263559002,0.32631491535392615,1.269839982357137
0.2028547357755566,0.2057801722010318,0.9857836817114853
0.1958061576258652,0.20354482068825397,0.9619805454335721
0.20661894202596875,0.2189390080620176,0.9437283189272557
0.2994962748614339,0.2719275979724495,1.1013824161083405
0.30197868290503693,0.24138029437229686,1.251049443328937
0.23594024111807946,0.2518444618628849,0.93684903520545
0.23414582257955407,0.25759090430849346,0.9089832702289001
0.271271757495365,0.2786063950304813,0.9736738364016595
0.29471850373268627,0.24976806265195156,1.1799687302029986
0.24492853836579853,0.2281122280107793,1.0737194603799345
0.30782341776127864,0.26154216072801917,1.176955244632195
0.3447970084154042,0.26046670904153124,1.323766133814923
0.192579433175466,0.21515243011757804,0.8950836998226039
0.28994199101010987,0.2646435984105306,1.0955941982028787
0.4190522155492734,0.3336117164660201,1.2561076091341528
0.27884279268535045,0.2557702819628823,1.090207941850791
0.32828721806509414,0.2815086261357157,1.166171078206415
0.20921644802715533,0.1958379499494319,1.068314124413465
0.3340938682397018,0.2873523045121466,1.1626629158478852
0.19617134651483115,0.21064563591204596,0.9312860703971172
0.2210215802035233,0.22243077826404303,0.9936645545570726
0.37101210437918786,0.3224053899304986,1.1507627228538813
0.2762737588990854,0.23556876046858416,1.1727945520005814
0.26218855170887434,0.2282959681224747,1.1484589669503806
0.256895342435051,0.2260569560775736,1.1364186570171058
0.3182419663545558,0.27045976536332306,1.1766702745121604
0.23721880690639657,0.26577048083522326,0.8925701837198067
0.2929999219333732,0.2671268106445949,1.0968570366499144
0.2973432667946982,0.24228736131711875,1.227233914217751
0.2239810309872872,0.19299039900716555,1.160581210980195
0.36680809847293194,0.2820945684773925,1.3003018826373771
0.35567970689173656,0.3027892393520542,1.174677500603601
0.30104525190091525,0.24463819589887562,1.2305733812121318
0.2860783508624662,0.2604150317213083,1.0985477642036514
0.2914049405595064,0.27311126760883025,1.066982490729301
0.27036823047120895,0.23621328937639294,1.1445936474826865
0.24423917550243063,0.22446291764760695,1.0881047883636226
0.20409704809364926,0.203820382596605,1.001357398575744
0.18100313451375624,0.19661669233323284,0.920588849124701
0.24195315007017842,0.22010993969206072,1.0992377282401553
0.29586634077154506,0.25670674344592537,1.1525460406686534
0.28022948875612874,0.25845687729500266,1.0842407897557116
0.20162272676184884,0.2433158167359431,0.8286461992754814
0.3289299436813198,0.2465422917376232,1.3341724917174684
0.3096950175186789,0.2712369856650199,1.1417875654360612
0.3365369976831654,0.24704479424762557,1.3622509177256221
0.24012947782465596,0.2439696218839387,0.9842597450058369
0.2912297748817038,0.25438069524117124,1.1448580034958902
0.2349007276099453,0.25376722350972836,0.9256543235219665
0.3128155207006947,0.24225581152908487,1.2912611620181442
0.18495931390453113,0.21588121019273648,0.8567642998638065
0.21497861683425562,0.26244968901028976,0.8191231532601551
0.3541057709377731,0.28153419865298224,1.2577717827248485
0.29694663483109335,0.25650622071842377,1.1576586096017627
0.3871717718335514,0.317356837981543,1.219988749245317
0.2591773793971989,0.23743876111213388,1.0915546315321223
0.30196865178378923,0.2654523277913892,1.1375626437192032
0.27487516608478507,0.2486757330110858,1.105355809175523
0.44801781339063007,0.35057279176881995,1.2779594535278962
0.2360632924526832,0.23355536817311603,1.0107380288416588
0.2916994704258341,0.2494635289050111,1.1693070795006082
0.3870338609533802,0.33090110650151383,1.169636043364544
0.1933750210375093,0.19916219305796273,0.9709424166725802
0.33592980333261613,0.24978648946732743,1.3448677870808399
0.2897208057775052,0.2549932114460707,1.1361902700644215
0.2960273241133563,0.23978636152785862,1.2345461277578273
0.1864896031994356,0.20464727031026803,0.9112733481208747
0.37533927625063557,0.2768166665968675,1.3559128533154694
0.31184709086558854,0.24991519703311502,1.2478116359777323
0.2847742338682421,0.23218724780304484,1.2264852465532676
0.25099845234786183,0.24149249925022626,1.0393633472142993
0.18941227497441182,0.21753073479026808,0.870737990919
0.18706633454594848,0.2255442407462985,0.8293997396119214
0.2465548520674959,0.23886591272405858,1.0321893536660447
0.16971475216638326,0.2036428327149077,0.8333941828631775
0.2883802668788408,0.2647023789900247,1.0894509825682692
0.3368500664955145,0.2876264592657378,1.1711372707345364
0.3968789752688635,0.3133205996931572,1.2666865046777556
0.3088132405658528,0.26270544641817406,1.175511375102153
0.22939120485784464,0.24140572795222223,0.9502309941181037
0.30854269561222164,0.24522264840694505,1.2582145149178776
0.2139384213369257,0.2080382019778904,1.028361230307414
0.2987973632448603,0.2633940105591573,1.1344121402401879
0.30857983558175806,0.25729546624376604,1.199320921144426
0.22934086857203892,0.21982041413724496,1.0433101469313486
0.25851370263086276,0.2635165569505227,0.9810150285145111
0.17065754338620007,0.2033558907441157,0.8392062937627894
0.301952328299548,0.26213496715055595,1.1518964126831774
0.2792451198874656,0.2676234241264405,1.043425555139502
0.2097363198775885,0.22272145234738797,0.9416978816681475
0.21844089362049332,0.22906890814183267,0.9536034173840877
0.40349554761970297,0.33092570434955876,1.2192934616934086
0.273962987636863,0.25214147835126616,1.0865447027132784
0.19401727761196197,0.2154745678432487,0.9004184556624972
0.3702935088097604,0.2634435640026973,1.4055895053331768
0.34611568224860007,0.2898074680151637,1.19429524925317
0.3298687784073385,0.2393949010277945,1.3779273367607763
0.25227826754398985,0.23662317065743585,1.0661604560663174
0.20504939668220212,0.2306039530538162,0.8891842224159514
0.29921626737357565,0.2652352349119188,1.1281165847853567
0.22951647733965652,0.219615317198725,1.0450841055497608
0.2717727045844316,0.24384442190063949,1.1145332030403066
0.27625308071934385,0.2452843417503935,1.126256485627871
0.3396414255460271,0.2704825934002953,1.255686812509157
0.2690936134264629,0.25250159327950306,1.065710556244267
0.3233419744074974,0.276530006282885,1.1692835029147783
0.33776984350285044,0.2830088412112711,1.1934957298761535
0.2787536651939304,0.2323789763715791,1.1995649070602548
0.3317030950014655,0.26015173632763866,1.2750370214085909
0.2623519553201722,0.2472641707216819,1.0610188874289959
0.42674658312634317,0.33028738111199923,1.2920462831174133
0.1994892174067327,0.22208953367302844,0.8982378147564167
0.2038650251462965,0.2320622891193867,0.8784926922849415
0.2564382415907248,0.24838342434051414,1.0324289644995317
0.2160041705947692,0.2689504344676709,0.8031374666573885
0.31540654133353646,0.27704264102159826,1.1384765181651129
0.27681167519440963,0.20771101872832837,1.3326768935472804
0.25309962322248414,0.2452633024097988,1.0319506454316267
0.22781544737381548,0.2241880899643127,1.0161799737447257
0.273329627502873,0.23007679450277538,1.1879930268220764
0.2209223120898249,0.20575110911378197,1.0737357044702642
0.37406017920096046,0.3082829561742284,1.2133663950904816
0.23911771763112172,0.24230346863337252,0.9868522270018713
0.336272490187979,0.2735565063369367,1.2292615324374545
0.20569600199097765,0.19806813008344926,1.0385113541704798
0.1984076653403683,0.24039604254993108,0.8253366537810553
0.22510781377838587,0.21297825638301313,1.0569520926754108
0.30947804166021675,0.26195464248929845,1.181418426943358
0.2782950713670997,0.23559900749759546,1.1812234453913817
0.18009657028346593,0.2028047069812502,0.88802953819073
0.33473593828387804,0.2831250328431472,1.1822901525960212
0.20042347699588697,0.222274477375751,0.9016936148592296
0.26326202167445667,0.2495110294938999,1.055111760824557
0.34164736426918196,0.31897834378906426,1.0710675847483502
0.32566924352873355,0.2503285094278003,1.3009674538195697
0.333947114622662,0.280523833728977,1.1904411478466352
0.24419134845598034,0.22936577828475563,1.0646372370023696
0.18052479529401758,0.19407001347159777,0.9302044765428815
0.29490662300784337,0.27688107740914397,1.065102121702825
0.309187668072539,0.255650281943724,1.2094164955413587
0.3769434862580546,0.30762667287681134,1.22532770885248
0.34474277711560986,0.26228981606839397,1.3143582251234478
0.3116942393664469,0.2646457640103891,1.177779060745559
0.34227134811191356,0.2695025164037169,1.2700116966595902
0.3359627211748452,0.27331280556116094,1.22922422344995
0.26358069042510784,0.23349343608946865,1.1288569599194667
0.22822578797529208,0.22409063283161798,1.0184530477308316
0.3367913129464246,0.2646920934136349,1.2723890185118605
0.34220399894823483,0.287902828613727,1.1886093672506515
0.30239221920058346,0.270789263133196,1.116706828408638
0.344578408521795,0.2910000101994936,1.1841182008398246
0.30737646088757886,0.24843525928708682,1.2372497437345669
0.2527038637071157,0.20955286347741328,1.2059194014991517
0.3174256955017446,0.26603423573511054,1.193176113685625
0.3295571529605549,0.2876874809733516,1.1455387347601742
0.2713950496918023,0.23140587863247747,1.1728096593554405
0.2203128464720716,0.24757752341995257,0.8898741833618178
0.22378333548353047,0.22135238027993281,1.0109822862556226
0.3260181460571336,0.2787546994015222,1.1695521071289006
0.2924177669550254,0.25525258830475683,1.1456015740999872
0.3028572682260812,0.26116402122295834,1.1596439157579403
0.30301724462245194,0.2825610911737997,1.0723955069810724
0.24580854846162004,0.26313266906331406,0.9341620306465042
0.36825889824947683,0.281642434745755,1.3075405294728135
0.3405789258706024,0.2903164699415676,1.1731298811230075
0.3842412479004109,0.3171933221355434,1.2113787431382825
0.2744709741795368,0.25824908333229585,1.0628149019463036
0.2884308438092241,0.23155154796876873,1.245644204668099
0.2995398141176371,0.29732420182763886,1.0074518396967989
0.26574889991804046,0.27248630665048906,0.9752743291387097
0.19029579368327698,0.205129583648009,0.9276857598941652
0.26984082745460986,0.220515739763208,1.223680576018599
0.35724425131239407,0.2814571314898371,1.2692670085188213
0.33269370222593225,0.26296646675588414,1.265156376515402
0.2034671731000824,0.20409878156555705,0.9969053785591964
0.3336515957264451,0.2345890327357649,1.422281305461802
0.3948260051074919,0.2937607461206376,1.3440393596540983
0.33533186879458043,0.28614549366566344,1.171892887421764
0.31226237962721265,0.2688981998515613,1.161266158715787
0.20994471820834099,0.2315316117570541,0.9067648111422287
0.20545083268915154,0.22887355261606945,0.8976608714323187
0.26818241252816793,0.2488414557626058,1.0777240138958735
0.24459050631670018,0.26499183611396554,0.9230114780272275
0.24539563810032428,0.2610364258496951,0.9400819724739229
0.2083898085479859,0.2485091395813331,0.8385599374697573
0.3212791248500643,0.270925409876717,1.1858582219964546
0.32061088634401175,0.24582341259353574,1.304232509676105
0.22825536020132406,0.21214348961206575,1.0759479851053697
0.31938086872155663,0.2559486020069749,1.2478320499396716
0.35589555534454753,0.27469000619876827,1.2956261506180105
0.2741852255843131,0.23682742688922578,1.1577427039840327
0.22252644363659152,0.26461507391375005,0.8409439430087905
0.32329610782621865,0.28685320425645955,1.1270437388497063
0.3590388294488199,0.2976759341546553,1.2061399268584605
0.3706964283877311,0.30449057169108673,1.2174315491246535
0.3641750900632579,0.302729752276117,1.2029709248105127
0.3571138042904733,0.3038946545063246,1.1751236785345993
0.3346636301773619,0.24612227162819025,1.3597454141936756
0.25239023785828824,0.24703588380524105,1.0216743979480667
0.33386938219585816,0.2795919477643197,1.1941308927726748
0.3240139496394955,0.28253865458299243,1.1467951177077618
0.2757600494854059,0.2466609339417654,1.1179721291029838
0.3379822005242901,0.25750698584142806,1.3125166271505289
0.23969268888624295,0.20461912305986274,1.1714090320684212
0.32372591244220794,0.2646661653928048,1.2231480815152533
0.28227419918960645,0.22607828852688971,1.2485683655378204
0.3586754560531182,0.29886366853345947,1.2001306743411082
0.31488912324661,0.2535862394605604,1.2417437315071027
0.28957880297790184,0.24764680402612238,1.1693217851798174
0.2180944282290371,0.22812300733878305,0.9560387212726308
0.19150664737373357,0.20364940983764993,0.9403741828979686
0.2743548345977661,0.2546137037860661,1.0775336539948652
0.257071733231963,0.2175135585194831,1.1818653282201559
0.25215932209808684,0.21626784509405286,1.1659584529934401
0.21860995653033977,0.21620970157457337,1.0111015136614419
0.2831479711241475,0.23918201473679218,1.1838179866313847
0.2860492390726245,0.2289093802024604,1.2496178130386197
0.2593824928721155,0.23157041705582357,1.1201020241268012
0.2618942571844729,0.2683013596345353,0.9761197540750828
0.2957349291873119,0.24590357900382115,1.2026458922857581
0.38248975692290565,0.27879684162317836,1.3719300215024623
0.27897203440476,0.24697829009422234,1.1295407150901078
0.3698870081986593,0.3172493973292337,1.165918710366531
0.1957182969468657,0.22744863836545096,0.8604944762623603
0.3090556291279724,0.27959889731863075,1.1053535335505018
0.1967299962688463,0.21731243315095394,0.9052864275473357
0.3020436377162805,0.24036699576905646,1.2565936381984935
0.29606391969088963,0.24367826089697092,1.214978794583846
0.32886258753238007,0.3027755439323559,1.0861596787548085
0.1945728693501955,0.18378175465094987,1.058717007679793
0.31985963650827276,0.256124904460919,1.2488423848571069
0.3083114977294148,0.2775372396316458,1.1108833471811328
0.22743004437933942,0.21848379181651428,1.0409469850758464
0.2219444065682384,0.25757537363235644,0.8616678040231635
0.2670642843300501,0.24246532073825597,1.1014535337131737
0.3340678617810981,0.2996760117121904,1.1147634402647408
0.25832417138903946,0.22502804461889636,1.1479643429623754
0.30498083571968326,0.2367483797989666,1.2882066436047244
0.27129906054749053,0.24222111680233271,1.1200471046002451
0.26238577302706134,0.2544471025859838,1.0311996888956316
0.24352626821321177,0.2753600626374963,0.8843921151115047
0.3485480585020754,0.2917798307505927,1.1945584367687394
0.24942612974903158,0.24812728268575196,1.0052345999570091
0.2125104321854206,0.2550518483317343,0.8332048309997659
0.22316529636368818,0.2369698263164039,0.9417456215109691
0.280936930572159,0.2427870866286505,1.1571329203429166
0.20623143315714743,0.22859679240558498,0.9021624100098653
0.3893012840194365,0.32917164743862004,1.1826695496064212
0.2858732711780492,0.2602912254650316,1.0982823976002773
0.3319014935913168,0.2746588581758754,1.2084135781951975
0.2909565365847674,0.2481339384677346,1.1725785613264712
0.2202025141141105,0.20102466013835812,1.0954005044085284
0.29994014134020697,0.25228966422469584,1.188872093757564
0.2867692603111669,0.24277398392768973,1.1812190732783838
0.23715227795940902,0.21532744777136745,1.1013564708722827
0.2815075673785177,0.24031836619285757,1.1713943126286295
0.289514534588481,0.24856874051509262,1.1647262402687446
0.3112787711923423,0.2647512040951109,1.1757407195040237
0.30211946945104595,0.27435658644237526,1.1011926973165702
0.3223764111553986,0.2712614449881651,1.1884343208798567
0.3136568646355256,0.2771749858617679,1.13162038652345
0.2059489839720165,0.24292593883262512,0.8477850696459155
0.241972253402171,0.24656735405751343,0.9813637102409324
0.24774171579361404,0.21446642980954134,1.1551538206404754
0.3903658346927734,0.32201135701454897,1.2122734996428592
0.27308379103637703,0.2393488766298906,1.14094452784356
0.26299229265371704,0.2115334868657444,1.2432655299661013
0.3240322308533852,0.27329114869237975,1.185666760170562
0.3102282156331944,0.26829122871010547,1.1563114348714052
0.21736272122994654,0.20663969554454226,1.05189238039258
0.36947830769989576,0.31848943148534026,1.1600959754826354
0.4637932963610442,0.3647472096837448,1.2715472087179984
0.2529461977711457,0.280117963588194,0.9029988456684842
0.3065987400581802,0.27590964198242235,1.1112287988750789
0.2142898127220538,0.21109368803611814,1.015140787560587
0.25760618849722366,0.22005499286279842,1.1706445972704558
0.4252092842489622,0.34561635781738154,1.230292706439654
0.22400190583567894,0.23727774658296513,0.944049364348442
0.2188862174480988,0.21135513065055112,1.03563238221077
0.20616713262963032,0.2151019331197059,0.9584624816686176
0.3296787764915184,0.263928114989815,1.2491233702185942
0.20706006588790812,0.21642774455191882,0.9567168309062913
0.2935165997768923,0.23334058531425517,1.2578891896649447
0.23583396085244318,0.2585926621192257,0.9119901505314583
0.17597258830046303,0.18730914584286856,0.9394767538371264
0.18942844403849565,0.23265698929501324,0.8141962320259246
0.18194609049474536,0.19514826144975472,0.9323479960470539
0.20647847513476625,0.20226389591846503,1.0208370317261177
0.2062140097390561,0.21184935515210224,0.973399279837316
0.2676419800176444,0.23268999100219134,1.150208390420729
0.21488410609632488,0.2072584634192589,1.0367929133086364
0.2160668584119228,0.21054476010704323,1.02622766912875
0.2596831143461999,0.26309600991425214,0.9870279463030832
0.2544496462204359,0.22517208542922412,1.1300230476411086
0.3248992826327412,0.25827614613686983,1.2579531152697523
0.20780464354021974,0.21141372034999217,0.9829288430107674
0.2871466972073089,0.2401676497858542,1.1956093897881068
0.3126416235089512,0.24998476328919547,1.2506427167613852
0.3322568605140042,0.28748042234338983,1.1557547390727352
0.39513164174795135,0.31160599470654404,1.2680489093929912
0.30228293256017597,0.24730666429513667,1.2222999870291826
0.23917840938207155,0.26914218249785066,0.8886693537308356
0.3591600518313987,0.29904535804829774,1.2010219927018297
0.3451317166479394,0.2722961289667815,1.2674866806132357
0.3154822400809987,0.25240435462443184,1.249908071318438
0.2641160955567614,0.24494816391804097,1.0782530121153877
0.2478111089832492,0.2133583699538683,1.1614782632470906
0.18471983380031373,0.20755695517975498,0.8899717845655275
0.24763913548191707,0.24258669616775647,1.0208273553083336
0.31688969080288903,0.25775456203620606,1.2294241789535287
0.2911461878614429,0.24434417966965538,1.1915413260715364
0.35020298458738736,0.27853483017767827,1.2573041021978892
0.2780680227514976,0.22632288984071997,1.228634111853178
0.2615690925811989,0.24716400384021986,1.0582814993978302
0.2452546910782081,0.21790365287406996,1.1255189522680684
0.18242941590460593,0.21681069813212453,0.8414225749756747
0.3152211776210539,0.27729136690124334,1.1367868431811625
0.22411706708993698,0.24657073676868496,0.9089361942418479
0.3156298528427471,0.25763379916471263,1.2251104236558492
0.25124821080947685,0.2182406524527118,1.1512438584920246
0.42117442323064513,0.3220536315508296,1.3077772829404388
0.2364783280700145,0.21549183250092258,1.0973888213095133
0.4944896767262645,0.3683599277531141,1.3424089849905887
0.36984165458024054,0.31129726597441654,1.1880658618140107
0.2987926348200638,0.2797506047759462,1.06806787802789
0.2648428496702641,0.24283261036260584,1.0906395532082442
0.2755227400268795,0.24048127483271117,1.145713903165827
0.23842596222488466,0.2230129172257106,1.0691127903751627
0.2673666427132861,0.24343987928014338,1.0982861292237518
0.25765304993070487,0.23126254418987088,1.1141149157261148
0.3478079896429276,0.26193037847874734,1.327864265546229
0.29983602258981606,0.26729565470313427,1.1217392326217275
0.24816271257801897,0.25525141709214627,0.9722285400219022
0.3328113907441513,0.30309008107805896,1.0980609776485486
0.2858281486943667,0.27916357434554007,1.0238733665896447
0.3601491145514191,0.2695783552285653,1.3359719264035952
0.1768967350405895,0.18469193492680575,0.9577935014362944
0.3094881738652344,0.28758999445468747,1.0761437457240788
0.39050271231912587,0.32611217554953914,1.1974490423765403
0.23219035211447409,0.2106872668109437,1.1020616273067216
0.2970467183982585,0.2833530550965713,1.0483272124841576
0.3465749575267194,0.3175985281976666,1.0912360315190708
0.24215682252657666,0.26619166036725816,0.9097085242733705
0.30689317322568194,0.24910010699881147,1.232007392221418
0.28209466583043463,0.24850158928171526,1.1351825420747568
0.35496250057648726,0.28547675324939026,1.2434024716064878
0.18728325125351564,0.21890444935670816,0.8555479425104544
0.39191538409479304,0.33938823850506233,1.1547700822547722
0.2784884588027093,0.23611726840979846,1.1794497737428191
0.20722269839237278,0.24500144161809068,0.8458019553835623
0.4166987155330653,0.33499176760958627,1.243907330936872
0.3231511185639253,0.2708292059976846,1.1931915443664816
0.36160925154239176,0.2809120775892689,1.287268438743004
0.2609108260336594,0.23358265310849413,1.1169957296121298
0.38263426382814186,0.3298250733735712,1.1601127225241519
0.23213236749780108,0.24852713671189952,0.934032277396316
0.28820460380843294,0.24527645513221807,1.175019443480925
0.2888314129130796,0.2416729048189075,1.1951336171901825
0.3050142969485849,0.2602474441501277,1.1720164935515478
0.34288111430613194,0.29798880977752484,1.1506509743172006
0.18956099320489006,0.19365476657860947,0.9788604564398489
0.2560402547761789,0.23368976137183425,1.095641731469706
0.31977775794060037,0.2448955749219793,1.3057718909068798
0.3127271407302532,0.28405360067945096,1.1009441175264656
0.3057256422286806,0.2705836703438069,1.1298746958388948
0.337743059207038,0.2799036933666529,1.206640238092964
0.24493113705362282,0.2986913832455874,0.8200140706845824
0.19160383918717613,0.21317065177872216,0.8988284155835248
0.20973839313543274,0.1916063202729591,1.0946319142116137
0.23809561562687367,0.21000241929611915,1.1337755842285846
0.30064215030651054,0.2319869110960317,1.2959444517197731
0.33599924371002005,0.2580735860857222,1.3019513108885694
0.3487021060898906,0.2854870331475667,1.221428876279815
0.2957630619243378,0.2556769218291829,1.156784350376122
0.23089234915478046,0.2216446556200252,1.0417230612165491
0.3059295223133582,0.23469887901589975,1.3034980124154445
0.2744292967495087,0.2538289573243881,1.0811583502618018
0.25486426720922867,0.2322363171379351,1.0974350194240028
0.20862471661177975,0.20573601161249525,1.0140408330882071
0.27730352758463517,0.2218434597033164,1.2499964071759817
0.20981381371919333,0.2071173192769904,1.0130191644601036
0.2756513637670461,0.2408993207114112,1.1442596141533607
0.3270886831791786,0.25983442666585504,1.2588350488282756
0.2600162666012924,0.2275492155917266,1.1426814455287722
0.2092938486655197,0.23794639342365426,0.8795840342613648
0.2246316189803565,0.22870744683204725,0.9821788581519872
0.35084114707443514,0.3004480889965652,1.167726339169513
0.32558693341945055,0.283546969623881,1.1482645497898802
0.1712155172219512,0.19502927888415586,0.8778964789366337
0.27403584184735025,0.2518300054841885,1.0881778814262701
0.28316375763225093,0.22629081256196898,1.2513267968168504
0.227904644750118,0.2101232977655585,1.0846233957568987
0.2674689510099985,0.2806959262712865,0.9528779222520516
0.24710875701830748,0.2292805791419873,1.077757034385715
0.2848532950117375,0.2568121663500614,1.109189253220399
0.29699646874856644,0.25801623363818127,1.1510766766910006
0.32075755812880963,0.26236029334654326,1.2225842334500339
0.33231050840894355,0.3087467027994602,1.076320833213201
0.30481080468796007,0.27793055533702776,1.0967157041021864
0.30622522243113837,0.24950456297279597,1.2273331548831306
0.26622878963570923,0.2352705468791707,1.131585713414599
0.20136445504838565,0.22927376578622985,0.8782708058981931
0.37929529686625546,0.2979217922899314,1.273137134248753
0.2847979618067789,0.27710446147370366,1.027763899188629
0.32165053936462173,0.2570418694126273,1.2513546532307491
0.3533568557135949,0.299115806172639,1.1813379581473868
0.3596674752218504,0.2990790590901718,1.202583277866376
0.2303778561579713,0.22147570812660425,1.0401946927122059
0.3108049607173667,0.2714562458845743,1.144954170071017
0.23072903847106058,0.19964471301557843,1.155698215023889
0.19908503325070415,0.22842640487175944,0.8715500003708949
0.31916593616458916,0.26609043877051025,1.1994641282088827
0.25918430251407765,0.2398788773863482,1.0804798877586717
0.2950835838021005,0.251761309113977,1.1720767771687695
0.20272202841772935,0.22764827984548922,0.8905054259813517
0.4482368001287465,0.35290481532471324,1.2701351204752387
0.2546503827817233,0.2197544043250275,1.1587953541312555
0.2726450096209144,0.24712005031740192,1.1032897139294369
0.2145776354770898,0.2094363889591341,1.0245480097489594
0.3367425190716877,0.2545329521325762,1.322982019618001
0.2446904319048474,0.21183633235407798,1.1550919013073488
0.30804407153453045,0.2824520483116726,1.0906066122580151
0.3713504359484216,0.27478836420518316,1.351405242440091
0.29925813142090674,0.29268279524266755,1.0224657420426353
0.33962237334574963,0.2940487407828251,1.1549866611963617
0.2260982662930781,0.25780776524550447,0.8770033209735552
0.28763958392877104,0.25630941457527995,1.122235733733804
0.2329912670779561,0.2591691888413479,0.898992924736062
0.3088755954567149,0.24664482427176018,1.2523092522565449
0.3460503556072847,0.2930029268084809,1.181047436544816
0.3763136433138447,0.2682861914192716,1.4026575177913283
0.2275594377227539,0.2300697867245336,0.9890887498201344
0.31315445485750626,0.24807730241254955,1.262326104855551
0.29523634475050614,0.2571909368474773,1.1479267052306397
0.24792235182646993,0.2595846304155932,0.9550733085758889
0.2958545325717971,0.27772102449807456,1.0652939693942698
0.32737662841998066,0.2611741473491044,1.25348022284298
0.2557828225107255,0.2568521717837509,0.9958367131350334
0.2941640571052069,0.24729542483710149,1.1895248660543507
0.3732980017757908,0.31897714427606955,1.1702970211956862
0.36128976354743453,0.2954354482238403,1.2229059367097304
0.3263402335075453,0.29437004470953243,1.108605441934689
0.2537371822967282,0.23292696640709779,1.089342235511106
0.22030422044620318,0.22757688929907688,0.9680430254791114
0.25173588994225526,0.23731102695027256,1.0607846301006711
0.29916636982211336,0.2596063650085458,1.152384571974055
0.29468565337167785,0.2288723392630373,1.2875546880001212
0.28445325042747727,0.24224562519730472,1.1742348296106284
0.19039958748397295,0.23612414856011688,0.8063537280918875
0.23639832594066904,0.23279858641401116,1.0154628925463323
0.3207067276631475,0.26277933140567494,1.2204412194353484
0.20206506930630738,0.21561457102855042,0.937158691745147
0.23266581886553045,0.23779534350630419,0.978428826380119
0.24109530663964762,0.22319675509279885,1.0801918089687597
0.2546745097854479,0.2663814939496091,0.9560518112929581
0.2592123910305601,0.21767783361354054,1.1908074732623393
0.2874859083876457,0.2313908050635572,1.2424258099135814
0.339737128517892,0.28150509750417135,1.2068595969664733
0.36634219812693314,0.2844927525688199,1.2877030954885698
0.2842023483231018,0.2642544696600103,1.0754873841443682
0.25472067244611063,0.23113183140852883,1.10205795062424
0.4459828671909971,0.3508236521996588,1.2712451523570076
0.2614200662811651,0.24854217288914582,1.0518137153237292
0.3826724021412284,0.2951593313837786,1.2964943386582672
0.36341683940934094,0.28836387850868334,1.2602717139497677
0.35015020334502955,0.2826096306014026,1.2389889282962452
0.19774061024817888,0.19209929580813437,1.029366658614298
0.32190421854326806,0.2615342695346992,1.230829975421478
0.2603329345482771,0.26086040195942706,0.9979779705651455
0.28031377649703715,0.2684250714127152,1.0442905911200915
0.2415633784877742,0.21037828456861596,1.1482334261974985
0.2933471443760857,0.2735099367754152,1.072528288494905
0.237805578326439,0.2447843420123693,0.9714901548499469
0.26634591285827325,0.23436789032561567,1.1364437017725824
0.3048977289269585,0.26545720798220235,1.148575814703063
0.2601796546681046,0.23444804518680523,1.1097539945824533
0.30564024160490444,0.2385081470033029,1.2814666729211222
0.17456750968332319,0.19423095039715738,0.8987625778815014
0.19627271122007153,0.2380840780096911,0.8243840279486574
0.2365173555612881,0.2184743133857061,1.0825865608453835
0.29049780209100495,0.30624009554823206,0.9485949302979245
0.42027166324338266,0.32803245334535636,1.2811892816010975
0.38081971640476325,0.28417049017845225,1.3401100028564459
0.2688934973696331,0.21991629031741616,1.2227084086473343
0.2654333245062499,0.2464422859545499,1.077060795301998
0.3031459724929241,0.2460668163079231,1.2319660856406305
0.3000664677617917,0.2860117333837832,1.049140411869569
0.29134350505843964,0.2634002780283615,1.1060865510061053
0.1786189619710346,0.20315098141259294,0.8792424271299255
0.2856317899627064,0.24673806200311024,1.157631650519756
0.2498259190903951,0.24788061487239774,1.007847746460524
0.2893231096857446,0.24429884386080614,1.184299954569543
0.3255165799850991,0.27494403445370746,1.18393759890763
0.2719214047479247,0.2596927550213455,1.0470889136879236
0.18278121782451653,0.1857046474830859,0.9842576386849142
0.3386284108212192,0.2635619270684948,1.2848153547352688
0.40669727937796646,0.33348385595824154,1.2195411325365406
0.23388598473986244,0.2091251346841247,1.118402075834347
0.31667820201417124,0.2550827862599473,1.2414722555659004
0.2161452877069424,0.23136957591491833,0.9341992647573752
0.18296121414264788,0.21896108329030725,0.8355878195033895
0.20962524710917066,0.22060022234234583,0.9502494824500073
0.35907280649721035,0.29917101194280843,1.200225931534614
0.1876114838629676,0.23810530965442334,0.7879349021458595
0.26096976633557933,0.2711621945550688,0.9624120602939746
0.3658086127381625,0.31989491331295755,1.1435274445276564
0.2456174266144797,0.2003711385998849,1.2258124015801783
0.2843861257811249,0.23629533309433456,1.2035198582089277
0.30939809308134286,0.2833395456817194,1.0919693272498416
0.31252963546400037,0.26910857002768424,1.1613514777022866
0.3286354125427544,0.29029298266166753,1.1320818351498854
0.2534150424529923,0.23209311444734348,1.0918679903814477
0.24985189173759617,0.20759038872401311,1.2035812123738003
0.20273147545103876,0.21528291561062124,0.9416979274737989
0.23510690277731408,0.20680761820505572,1.1368386949082252
0.26907365027946806,0.22367395775768412,1.20297263470863
0.19292974710322314,0.18926332626656348,1.019372061714142
0.32313063604142805,0.29884734205231966,1.0812565165289543
0.2232843645110588,0.2206679233142642,1.0118569167529998
0.2772740884661643,0.2418643142340284,1.1464034673501826
0.35710573654643096,0.26605360052901683,1.3422323014474056
0.35844426603714047,0.2900140368098119,1.2359548868050285
0.2126462694143416,0.20903706082460763,1.0172658789570441
0.35032150166578546,0.265941340446812,1.3172886211568502
0.22735109810381546,0.235128252067512,0.9669237792765818
0.31036762725986283,0.2790236445052237,1.1123345041608197
0.18817055400470112,0.2143309389597233,0.877943963284096
0.19865747171003778,0.24968031367578888,0.7956473171048458
0.30865506926148506,0.26075446502455424,1.183700034560943
0.3538692974215756,0.2964008458940407,1.1938876097137694
0.22956270409141646,0.2934748969625885,0.7822226243789451
0.18233259393342488,0.22063865738833702,0.8263855304943629
0.24356680090809799,0.22029764420662595,1.1056259897161995
0.31552196765504226,0.28859102359035443,1.0933187170191248
0.30123100701322303,0.24966798168567794,1.2065263834770006
0.3827551358167772,0.31514248926490696,1.214546273051221
0.3722870984925439,0.262343409250035,1.4190831001122022
0.2521547224652672,0.23472670947465446,1.074248103377833
0.2779925967539861,0.23923529800933543,1.1620049343351426
0.27622125315510426,0.23460174656107496,1.177404930713908
0.3433262219703933,0.29497138767976044,1.1639305922889374
0.19637236857509693,0.1868231122454459,1.0511138917175586
0.28243978371661516,0.2407007313088493,1.1734064212468445
0.324268346491332,0.24636704656382322,1.3162001615639285
0.3597084233181104,0.31229833899963344,1.1518102352716408
0.2163929685936436,0.22368613729970774,0.9673955266334081
0.3576281646010998,0.3175896013456526,1.1260701329193419
0.3629234808061549,0.3288721826903886,1.1035396117640734
0.2159100083832169,0.25901436945505135,0.833583128370356
0.3266875347699403,0.30878424387333464,1.057979936644532
0.38046008278494076,0.3333557646237859,1.1413034456275721
0.3779813648833681,0.31932837019217214,1.1836761157672853
0.3137125873440487,0.25286569584164303,1.240629284648049
0.36470280908279823,0.29883058640098953,1.2204333347370848
0.3088564559440742,0.24431594436521012,1.2641682340731195
0.1958313028823109,0.20535495866998507,0.9536234437709433
0.35838591810669473,0.2657715637105891,1.3484735278035904
0.23080454928772323,0.2856741960177909,0.8079292862465933
0.24686615175711016,0.23003848079558142,1.073151547964196
0.3295668475537038,0.27442767705473453,1.2009242329007936
0.3114894020763417,0.26342935256135985,1.1824399940541452
0.3543626995137493,0.2916811113327595,1.2148976596207515
0.19973363668424704,0.25226706721473957,0.7917547022268506
0.34529430569176484,0.2992812972937993,1.153745017861224
0.3229445071497595,0.26170396822364794,1.2340069175939141
0.23929523544756173,0.2377389911646779,1.0065460203867267
0.317516777330439,0.23728599245951643,1.3381185043386445
0.2928356465033251,0.2686512102297458,1.0900216911470348
0.35187095970758164,0.29154515617164917,1.206917529785387
0.2616056461889684,0.218796946658117,1.19565492199369
0.38459759120434717,0.30724512458355224,1.2517614127340195
0.24577315483874262,0.22707311226368487,1.082352518044244
0.2047698694292232,0.20764016712481598,0.9861765778012143
0.3014591551802566,0.2611154354240199,1.1545053041032347
0.296645904111751,0.27514923163932975,1.0781273214696796
0.310622098610099,0.23604900248836957,1.315922098105048
0.3235440674622388,0.2872020982306705,1.1265379656188295
0.3228798866402249,0.2572235491230638,1.2552501034255967
0.28016016494478935,0.27126284512911636,1.032799625807353
0.2315250085701928,0.20762374010128262,1.1151181866642548
0.31266296133940513,0.2699963755823175,1.1580265130043543
0.25028826970858054,0.23260376476932973,1.076028455329553
0.2829682109818644,0.24324997208821078,1.163281576366432
0.40542179796298966,0.3443089919519841,1.1774940749137568
0.22552517188438737,0.21521507047645472,1.047906038295123
0.3363751081473403,0.2998092384211584,1.1219637857683884
0.2274049997586231,0.20882110858600209,1.0889943133549036
0.24413554866277612,0.25596533453952114,0.9537836406713953
0.35941842667586077,0.28676707920472794,1.2533461918732511
0.38469195807613554,0.2848950536565869,1.3502935664858682
0.24732183762526294,0.21473319874810187,1.1517633932114522
0.2950063327640261,0.2881125341385366,1.0239274512860126
0.2746349147067273,0.23280248274725296,1.179690660794587
0.28041213620624283,0.22668520748410656,1.2370111809166162
0.25478788970681865,0.2328742076511831,1.094100940918539
0.3221759606789656,0.29718106526213406,1.084106621647595
0.2505897603512089,0.24247692141907476,1.0334581901017814
0.2613575258838896,0.23190600311746137,1.1269976730680444
0.1727813458708749,0.19611737029312756,0.8810099055102901
0.2015454698058997,0.23505656232755315,0.8574339206281956
0.32948486031457025,0.2767840100055081,1.1904042444793446
0.312013415005582,0.27096734210795126,1.1514797782578474
0.2952207999470953,0.24923771141558107,1.1844949075737647
0.32785347291602535,0.2573600052631302,1.2739099557478684
0.20940579158249698,0.21134532846239543,0.9908229015800387
0.42427828909905446,0.3261433463961488,1.3008951241449103
0.38932530184628833,0.3099241971823785,1.2561952418874391
0.3486826431596151,0.2952067875613967,1.181147107219195
0.22841991366363848,0.2224906099378042,1.0266496807550296
0.22887341759050528,0.223579244930347,1.0236791776526823
0.27466543302764823,0.24626381425401825,1.115330053096368
0.21977593412165006,0.209913916968602,1.046981244957299
0.30195550965578355,0.2556564984349669,1.181098511104712
0.2556589052253982,0.2275704807826845,1.1234273634528917
0.20978133411298602,0.2222456176688459,0.9439166284284979
0.26670284429009056,0.2423130710669714,1.1006539726302187
0.302388041045919,0.25441912182355914,1.1885429007007835
0.3297524571020032,0.27226224417795925,1.2111574930178952
0.2640394724565383,0.24838175900084838,1.0630389023681746
0.22974135561105308,0.23138168197859837,0.9929107336695002
0.2607977226262577,0.22788616691765332,1.144421033333265
0.31883099991685837,0.249659209880786,1.2770648439891419
0.25275952154409764,0.23331998932145928,1.083317045741226
0.3692474973706312,0.32854155435916105,1.1238989177209848
0.213290912992553,0.21353311471549719,0.9988657416285672
0.21121297025914165,0.20170260174471905,1.0471504503767344
0.19959696207207725,0.19594575301162745,1.0186337749317442
0.2911842315981345,0.274258620693163,1.0617140524596589
0.1848280804471723,0.20363343993008576,0.9076509266387193
0.34252670871649193,0.26892019563161695,1.2737113622574692
0.26336259167306886,0.23965527765339772,1.0989225618221432
0.24840442722528014,0.25527305841252235,0.9730930038996027
0.24706688169929159,0.22150247116464988,1.1154136583678962
0.2242514629279996,0.23795510599628977,0.9424108047149707
0.34230682090443754,0.24933084551855128,1.3729020177688702
0.32648118320013714,0.30486140886635665,1.0709167303732368
0.25597165229345853,0.22471911737314204,1.139073770338917
0.2502513215719837,0.23819292442672174,1.05062449765997
0.33297845071292653,0.27865242439661414,1.1949598193302944
0.26386567748600187,0.1991085091148709,1.3252355645622902
0.2762532675808915,0.23995800948481427,1.151256706012867
0.33037869473601245,0.2678196695945367,1.2335863726371796
0.25226962711737283,0.2296981084937049,1.0982660186959552
0.2723683135914874,0.25873849575065094,1.052677966613718
0.3222287284944591,0.26382183112779656,1.2213876581668102
0.2321365092924113,0.21753102787731615,1.0671420604114112
0.17620758490243102,0.21442858052193983,0.8217541918783624
0.3315562422564965,0.24387708406162187,1.3595219228253532
0.24120398683482272,0.22210897189647344,1.0859713805133888
0.2663507561051497,0.2383022008145178,1.1177016208610824
0.3104947647981772,0.27868658952343595,1.114136009662806
0.32192161728550794,0.2542131392820331,1.2663453124205222
0.3136366197228684,0.2634910405319258,1.1903122743365793
0.2260750510388064,0.21516596155580173,1.0507008144044916
0.2339232717340493,0.21194460786772046,1.1037000378893633
0.20681091527050566,0.1958834251261678,1.0557856803723924
0.2218394552658116,0.20812292093046164,1.065905928448568
0.3484891882610411,0.30327708597836484,1.1490785304033868
0.2760498710731492,0.2482796037669882,1.1118507798660076
0.26902839217549784,0.23102660801832392,1.164490941035501
0.24482737549598285,0.23052287976373284,1.0620523904044186
0.21114102600581172,0.20384459813659186,1.0357940702668544
0.34084866660656193,0.292931420782935,1.1635783750870963
0.28252153773239824,0.23129581541517152,1.2214727587063239
0.3544763307497296,0.28467078834922516,1.2452149825603787
0.20095996495400426,0.20763517504724388,0.9678512559747124
0.177720095624911,0.24708832162291855,0.7192573669917497
0.24104021855978672,0.24755912554092088,0.973667272547961
0.34031366666315976,0.26223179475700353,1.2977589806701761
0.24577355832792602,0.2452322108964707,1.0022074890956467
0.3130871846003303,0.25615835393384667,1.2222407733037886
0.3270733043002648,0.292831632162572,1.1169329689037242
0.21109128720057702,0.21982074690379907,0.9602882811282487
0.270803053020941,0.2695070175852704,1.0048089116464678
0.30188592169597656,0.23911793881713414,1.2624980090968596
0.25559538407845583,0.25832816417248744,0.9894212847337586
0.3490741777154528,0.29685814085727036,1.1758955867182634
0.2542226039946754,0.22756877182788177,1.1171242958895646
0.28323277045545864,0.24443830118310855,1.1587086356130791
0.25309398897936725,0.2695710699439165,0.9388766718625361
0.34931134317949675,0.2899869464890747,1.2045760935403247
0.2771153078196615,0.2552332381352549,1.0857336209197437
0.34044985079795403,0.25246430892379684,1.3485068533022404
0.26824067706274374,0.24942463135737036,1.0754378010021557
0.28660223511272154,0.25586410130050935,1.1201346091772
0.3220063933375368,0.28519549320435744,1.129072516958753
0.194578919526953,0.20990422717252818,0.9269890470906108
0.18628634969505825,0.19994085110131438,0.9317072957775042
0.31986697242076917,0.2564976312229403,1.2470562433488912
0.3260013325891305,0.25680096392032276,1.2694708291292802
0.21098990328897438,0.21893966874818155,0.9636896981499009
0.18632347450722583,0.2018207414759145,0.9232127141375203
0.3196166304752838,0.2570148689956625,1.243572528407599
0.33544459243435604,0.29879566498965815,1.1226554858015305
0.26935672884773637,0.23469011946759366,1.1477122661098202
0.3352975061755809,0.27985749405693333,1.1981008666766988
0.15909192419409415,0.18860853091015065,0.843503331616969
0.30139791183927633,0.27190394524561484,1.108472006785408
0.3718567832953663,0.3164319007324733,1.1751557995088235
0.20631361726077982,0.2269838531873848,0.9089352143936829
0.25693504623460833,0.2223012700024292,1.1557965738648308
0.28505606540763695,0.23999760195408648,1.1877454736492348
0.23417945218121444,0.22229827472857716,1.053447007032079
0.21789965338915152,0.21513887889854952,1.0128325224373036
0.23344944205368978,0.23555422657297545,0.9910645436088849
0.2615100010681416,0.22005889035352308,1.188363717766765
0.24803070118110176,0.25365924662463163,0.9778106041138762
0.24517477392960907,0.22832260621230777,1.073808581624332
0.25586458760515063,0.2601172001686922,0.9836511673938376
0.2553994014666535,0.23191355672044864,1.1012698225939201
0.319436775828262,0.25749513537036656,1.2405546045318567
0.34382653828994053,0.31412337169474736,1.0945589194300942
0.30654604278734576,0.27662576110780457,1.1081615882762303
0.29716457557829656,0.24937541296220345,1.1916354224677967
0.2640633902433336,0.25454480940604973,1.0373945194934218
0.20492038612750554,0.23807892198509933,0.8607246051808438
0.21075673437226383,0.19412643504253604,1.0856673606872955
0.3030951518549005,0.2718671999573081,1.114864727714473
0.27793660816291715,0.22053179473137344,1.2603017560414256
0.23707406527770752,0.2474587367226362,0.9580347350735556
0.19137910615392223,0.22264818430532565,0.859558350996822
0.235338001394225,0.20802627227920004,1.1312898068873187
0.33391141899574733,0.24955520249604313,1.3380262789794644
0.243021338846131,0.27443942379371855,0.8855190536648159
0.3070713981991438,0.24960606866227802,1.2302240880794348
0.16551413212662844,0.2141725347876107,0.7728074577385213
0.2675876500285723,0.2428123456192604,1.1020347805879713
0.3286073847338634,0.26886314272799927,1.2222106064805824
0.1898534806686777,0.21714024295413475,0.8743357660734464
0.23728032058347606,0.2220900470176954,1.0683969127376984
0.22292023350134713,0.2297475176747455,0.9702835345404525
0.28683056206904795,0.25838842335550277,1.1100751277638052
0.37312789684578546,0.2883839499596029,1.2938580558940729
0.36611859554317483,0.2908665334068548,1.2587168116417844
0.24182851962471583,0.25008817026667707,0.9669730454137286
0.273318024146085,0.2407706887011736,1.1351798078930893
0.24122146256158802,0.2551917168946696,0.9452558472387731
0.31515061149056217,0.2388445943207209,1.3194797746495257
0.26421524321406753,0.21953720560138623,1.2035100952036495
0.31759069135953644,0.26394573289315015,1.2032423781903028
0.3197770638376001,0.2755999962299917,1.1602941517123317
0.33310756148263143,0.28477954135599115,1.169703272561379
0.30200222848631,0.27429785168951837,1.101001071011488
0.382458981894214,0.31312117320812466,1.2214408178651082
0.29661443681422356,0.2723766860344908,1.0889861431703578
0.22012799024295224,0.22293138942676735,0.9874248342011253
0.23544643988412156,0.21982415448682655,1.0710671920188426
0.26463889372963956,0.26170055026163724,1.0112278841793212
0.3171465365500827,0.24978217879616313,1.2696924099172535
0.2368312805128302,0.27982378873440333,0.8463586372837666
0.29467951020618277,0.2570655036094897,1.146320708413031
0.28722072148898836,0.2796271452222568,1.0271560769277102
0.26004682490982617,0.21815967070725242,1.1920022801041992
0.355006736203925,0.2835741729249396,1.251900807969184
0.31413154809286836,0.2588283311674034,1.2136675559280112
0.3440060311920262,0.2660969615612448,1.2927845142374912
0.26882475377176757,0.23414010292882204,1.1481363098806254
0.3556822457784373,0.2851657194358968,1.24728262037258
0.19364223145358261,0.22153069288028585,0.8741101692767511
0.37415755923386956,0.30730161870453643,1.2175580487052806
0.2282487635062661,0.2626017186527278,0.8691822912557132
0.20952400438814073,0.23574427986762067,0.8887766206068558
0.23134605189565388,0.2179127310654454,1.0616454154125308
0.2541506065656323,0.23540198100559906,1.079645147759344
0.20154147403293274,0.22563436899540593,0.8932215199761356
0.3142389650340749,0.25387753941408997,1.2377580378291428
0.2520387983710741,0.22443055926161784,1.1230146161925902
0.3245696932452769,0.2821039614697586,1.1505322064754864
0.25109737188323844,0.24078107610734772,1.0428451269621015
0.3164543237021603,0.26129535744629506,1.2110981488341301
0.20865945473242,0.19388844214059825,1.0761830485032757
0.3161495179168368,0.25788105668551403,1.2259509169856597
0.35187056779948733,0.28459201335610235,1.2364035225373704
0.2526521532824478,0.22422730343308886,1.126768013592248
0.30316918758378,0.24747610435603798,1.2250442860843553
0.2658576328670906,0.22893925861853096,1.1612583812463317
0.33636416794403773,0.2863552037559407,1.1746396207652627
0.3375645072396857,0.27617692895218665,1.2222762723895986
0.2997604371345195,0.26853106267500576,1.1162970650338118
0.2824830880786846,0.24294231045379533,1.1627578891096841
0.2726129592527534,0.24759822826013547,1.1010295233871246
0.3254607149037401,0.281520994938186,1.156079726754312
0.18781242195428025,0.20346230479319974,0.923082150991919
0.26915550622786677,0.246525717419788,1.0917948400877966
0.20213912859872424,0.19925490709447985,1.0144750337459785
0.35765206074307043,0.299474344492327,1.194266111006494
0.28275414498332496,0.23810266079277834,1.1875303872786493
0.3117135607218818,0.2639882721706174,1.180785639296958
0.23791008501340463,0.23740392061363974,1.0021320810475942
0.3128751527386606,0.24905061061040598,1.2562713738056095
0.3507115776499308,0.2747588272192981,1.2764342503544432
0.28384075210410004,0.24620003685538175,1.1528867165476036
0.19321511009620077,0.21126282409714522,0.9145722202755107
0.2457443147095967,0.24937554466157677,0.9854387086877026
0.31075830424420015,0.26763400646272917,1.161131607867913
0.20863999356777757,0.1998464360814582,1.0440015727012268
0.1875031579930924,0.19427402844963684,0.965147835196614
0.23642502705601462,0.23143457639302528,1.021563116197964
0.28280515742906953,0.21030706520133088,1.3447249485333974
0.2747183703761166,0.22650552761890042,1.2128550383032382
0.31946428820186457,0.25744134615116493,1.2409206717489774
0.3330246353122529,0.2756817299872582,1.208004010014175
0.24486882083016248,0.21656497720672632,1.1306944640287713
0.23254998629027498,0.2679677493984022,0.8678282622157277
0.25681513179976445,0.304135226080202,0.8444110046366053
0.3095547544867112,0.282201791263597,1.0969269652777098
0.31150124632646153,0.26635968224602447,1.169475964604665
0.2770664851732269,0.27729987760901503,0.9991583392037511
0.2470523104247749,0.2531931353223962,0.9757464795014998
0.33385597914182086,0.2867362605055599,1.1643312169628692
0.26943705667440526,0.2376531060009965,1.1337409437151453
0.223516430772322,0.22821581682964548,0.9794081491694706
0.225387309836881,0.229946816630809,0.9801714724268242
0.2514759453622405,0.2323577901489039,1.0822789509277264
0.19288245150082783,0.22197819858836604,0.8689252040400011
0.35307046927678565,0.31796054163369225,1.1104222790120353
0.3569974706962115,0.30097940498639897,1.1861192652445571
0.3508938181301997,0.2984342069736095,1.1757828356493638
0.27789964501323255,0.24865354613234036,1.1176178636331475
0.1844636455592834,0.22379760955502248,0.8242431450722512
0.2780809047451822,0.2296551788067986,1.210862764732698
0.29823172983545493,0.26504229228645465,1.1252231757531341
0.3445534259166919,0.30133044863254665,1.1434404570805685
0.24512129539845895,0.24217036606560147,1.0121853444779372
0.33328827842125647,0.2774577666471355,1.2012216577996353
0.20156843546599906,0.222197671665471,0.9071581801697265
0.3073554705681439,0.268955902089157,1.1427727303275825
0.27309365104135375,0.232422046276282,1.1749903049933788
0.271890232302063,0.2360826620944496,1.15167386664459
0.35125021822351465,0.2895811566254002,1.2129595113051126
0.3241750405317,0.24884380217967103,1.3027249933178486
0.2566878451759129,0.21447799919164098,1.1968026843935469
0.19268507231372298,0.2057128148951246,0.9366702429887833
0.2767005052161273,0.24303361244713345,1.1385277222767585
0.3450740503437625,0.28396573479661597,1.2151960890313542
0.3064322399606377,0.2709737674561988,1.130855738683895
0.30165295771447137,0.22513059016126066,1.339902131906632
0.2625721294262632,0.21985026120325374,1.1943225720505861
0.3883293232608513,0.32018333681609124,1.2128342690235068
0.22466923243624756,0.2780239343109103,0.8080931341148603
0.28324053802006044,0.25494493347762764,1.1109871224207555
0.23315180575774444,0.23070063726982534,1.0106248882401319
0.328216322854272,0.24586238425142148,1.334959489039342
0.21165795886418723,0.23136108520559817,0.9148382005387733
0.20160950712874984,0.22098367904540117,0.9123275890765177
0.33637347930688805,0.2715246935251819,1.2388320006544522
0.25818775859723786,0.2431737387102035,1.0617419461767084
0.21452479639130634,0.23298479310435985,0.9207673751274196
0.30246905454585227,0.2685251406441914,1.1264086998343226
0.3789415893425629,0.3135624634963885,1.2085043124013068
0.1894899980440406,0.19936000333288184,0.9504915473322862
0.311403885928181,0.29857985993722547,1.04295007035522
0.20680850273939477,0.23656134133786957,0.8742278073407599
0.26852739666363035,0.23559476105420285,1.1397850931067637
0.25883048014967147,0.2422254035672432,1.0685521680958563
0.32633575698964024,0.25589371466968425,1.2752785171409342
0.286155250188258,0.2505584581137286,1.142069808149809
0.32131687611879434,0.31276928723529607,1.027328734733049
0.2398423291825574,0.23723665976313277,1.010983418085663
0.255475112976798,0.23933264346681174,1.067447838607209
0.21301464599562547,0.21732301403908807,0.9801752793531214
0.16993899774579999,0.18802250330499012,0.9038226529201294
0.23678704263033148,0.2250041617208495,1.052367390982307
0.28381450222568716,0.23114998479706916,1.2278369928289337
0.19863388983469626,0.2115846332396896,0.938791663616127
0.1941245139296942,0.2468195802466957,0.7865037033758308
0.21490383362304363,0.2389610766751979,0.8993256835511606
0.19910551417490574,0.19507747504672873,1.0206484071377904
0.3355033862380049,0.2687728660527479,1.248278485716489
0.23747955434776857,0.24070767136904272,0.9865890563316325
0.1860452302610429,0.21347747014480767,0.8714981966707928
0.2964234182949265,0.27731451489216663,1.0689069716029482
0.30968683563464444,0.26463563300807563,1.1702386111593446
0.24184951728329585,0.21295693059871462,1.1356733805439043
0.22269799976647042,0.25546269050608233,0.8717437341840263
0.2212937942131147,0.2003688137462763,1.1044323219547298
0.27523617441625353,0.27109696448979215,1.0152683743038269
0.3086446717223085,0.2909277640919201,1.060897960996224
0.3811608893901922,0.3194294962724677,1.1932551434294243
0.25397097445236727,0.2138388884048779,1.1876744045334922
0.20432397456595497,0.2246022901562061,0.9097145644590355
0.45214935448251853,0.34459426202710175,1.312120961686117
0.3480966423551858,0.28412397958583524,1.2251575627745426
0.3100656714715312,0.25641295600019,1.2092433873399964
0.3473086253964285,0.31359855996886904,1.1074943246898385
0.20777823226070422,0.24727092088262956,0.8402857542611285
0.3568571550065443,0.26531815180324697,1.3450159839466251
0.2606950197644294,0.26414287192676444,0.9869470179634793
0.2985819012541979,0.2754707171135808,1.0838970631171954
0.25464795391544315,0.2650280868617173,0.9608338381445203
0.24568423039888745,0.21443482648778536,1.145729144947834
0.17848789836034437,0.21018157268146717,0.8492081207844279
0.28836076867349253,0.2486614183809437,1.1596522313394446
0.29170909690988545,0.23773332706910572,1.2270433451894178
0.2564404104460757,0.2393826006864252,1.0712575170907892
0.196201451918794,0.21577374945817077,0.90929249925663
0.22196246549495136,0.23410524449224368,0.9481311107590559
0.22342630446761103,0.21682964965191132,1.0304232139206502
0.35989566530480854,0.3076061208661775,1.1699886344634194
0.26275091093297215,0.22858630449117465,1.1494604259771677
0.2149668923411452,0.24938662342952014,0.8619824487174133
0.48259180496629095,0.3751301211020828,1.2864650898960068
0.4237375960291358,0.332891847048935,1.2728986900266335
0.2601331439834642,0.254392800262296,1.022564882792475
0.2003052275211305,0.2560652671182054,0.7822428624365725
0.3069411889184876,0.24459828706240455,1.2548787344540049
0.2551517689849814,0.22871429143029554,1.115591716588218
0.2546553887104493,0.23195038240958143,1.0978873415296855
0.2782445447404529,0.22503438899552156,1.2364534415492838
0.39675937077266565,0.30785880818103933,1.2887705669910456
0.334139528547339,0.25520152469769114,1.3093163488860693
0.36210789469933524,0.30671535611618983,1.1805991694858657
0.34873124564549624,0.2631089151025561,1.3254254250927446
0.301119312370658,0.25535018075234384,1.1792406470340595
0.3622239517995511,0.30786861870875454,1.1765536653874327
0.30948512949910606,0.24476285972807593,1.264428475149108
0.19515974423346358,0.22040349397924303,0.8854657460731687
0.3378478571343174,0.27427803293619496,1.2317714747972932
0.41197107898915525,0.34603488247911873,1.1905478315875146
0.2658410894225529,0.22745694980985928,1.1687534262847563
0.37867004505827395,0.30691427978523916,1.2337974151064113
0.31557271372812645,0.2649945762086441,1.1908648027560367
0.2908186752913423,0.25915079491124654,1.1221986619448392
0.3103241914118923,0.2812165380778263,1.1035061932453294
0.31984475602447815,0.27393156655927725,1.1676082462561523
0.2459115068238651,0.2282070010186513,1.0775809056084429
0.2706305687512481,0.23985227436815793,1.1283218783902271
0.22564421739291676,0.21844939536792926,1.0329358752074798
0.2926912915046387,0.24867199913923735,1.1770174869618268
0.2090333014449843,0.21024629093227082,0.9942306259867516
0.2317498833551564,0.26746267202814483,0.8664756154487591
0.22890679829898175,0.23043216591485738,0.9933804049889492
0.30659047246102505,0.2804609898474424,1.093166192659435
0.3615659909327532,0.28514582623349893,1.2680037989988873
0.28845365868010225,0.2571612477642933,1.1216840063884381
0.24249368160030843,0.27716005076848355,0.8749229224339675
0.30947836992310457,0.26269246267437524,1.178101445212471
0.2884595387660868,0.2703417109784616,1.06701824783919
0.35552033838434866,0.2842669811268682,1.2506564672936111
0.35181076819497314,0.28626598762030375,1.228964611267778
0.22690162603718866,0.24914900923844377,0.9107065154733823
0.3249919843053596,0.26461368991207496,1.2281752482773924
0.2793546003060747,0.23659280674589436,1.1807400408673767
0.24955530028352385,0.24340579148919056,1.0252644308777936
0.2949870997016332,0.2800041553737351,1.0535097213393125
0.35510870261562405,0.28665074442425725,1.2388200956144932
0.3223619018152848,0.28191732745247094,1.1434625346667722
0.26498591974279245,0.2645694566190003,1.001574116412054
0.26181877171155005,0.24681525221183515,1.0607884616743124
0.3227881769410535,0.2846361854212187,1.134037741769816
0.33858928377013636,0.2894952113905923,1.1695850931133551
0.21645736496607335,0.24156334201505247,0.8960687625880971
0.2605887858797819,0.2500294815864173,1.0422322368800938
0.2535151576845294,0.24129536171914456,1.0506424818045532
0.3266860630457774,0.2656775832259044,1.2296335245115422
0.32381287566638883,0.3063816143316381,1.0568939535512811
0.23234377838539044,0.22299290669571822,1.0419334938865648
0.2952040271515622,0.24114351454971486,1.2241839790001985
0.3585251643532557,0.31414263754018246,1.1412814483274216
0.3282156156956991,0.2827562687894884,1.1607721982639938
0.3024745349581448,0.26659859584559065,1.1345691225370627
0.1955577460183237,0.22428771099034003,0.8719057551340665
0.3088735568896456,0.28175305841554854,1.0962562700352232
0.19247767801416266,0.2099485722471068,0.916784886670336
0.3853535206616314,0.31589380308254306,1.2198831281313187
0.3692288043593775,0.28816128667844515,1.2813268868118095
0.25896917418825016,0.23773680831180322,1.089310384989268
0.2137977915629741,0.21269062480300552,1.0052055268585254
0.29658409859849555,0.2554025046223121,1.1612419347143152
0.26527431940172663,0.23898446656225994,1.1100065339711847
0.2833050297357578,0.2600154017370737,1.0895701863931677
0.2111835108089717,0.20646508731898972,1.0228533722153808
0.2772521469712818,0.23845030043954843,1.1627250897155836
0.22091478391041533,0.21564596362598015,1.0244327331513308
0.24507504229143706,0.22427029178958083,1.0927664129557386
0.3093925510944733,0.278799705934574,1.1097305503151373
0.221848233076432,0.21436039547246036,1.034931068248256
0.2822754063066849,0.25863124198533105,1.0914203718771722
0.3338790155332456,0.2833613074109155,1.1782801914062038
0.31939270859021146,0.23970987471421532,1.3324136478357218
0.33392090627435833,0.2732499204527529,1.2220347794468833
0.24461697300709367,0.21841031624607565,1.1199881819295194
0.2882001211448994,0.26812173199586387,1.0748853477842866
0.2571341799687439,0.24340950694873242,1.0563851149121393
0.1967138985788317,0.22360213642445395,0.8797496380151686
0.29350334868308864,0.23167606389039175,1.266869540834171
0.2863536034947964,0.24193655013353726,1.1835896781066897
0.3005256539149786,0.2648197827531961,1.1348308301991896
0.2623077009471541,0.22824655077697478,1.1492296381006928
0.20512180140114436,0.20371325456384665,1.0069143602870292
0.4253709495177579,0.3272432190007098,1.2998617689212844
0.2600942887369246,0.24879457939306124,1.0454178277172645
0.27275676907900503,0.23853203303566975,1.143480670532068
0.31835083849112505,0.2802592563817447,1.1359155183709448
0.35213030026442255,0.2993804348958493,1.1761967691272954
0.34685894664485717,0.30071986740064094,1.1534287695822452
0.21986372268497273,0.21986831358657064,0.9999791197670869
0.3695381674594305,0.2760762284671051,1.3385367132522297
0.18515278397591606,0.20042006014236366,0.9238236124886757
0.34437825477116185,0.28791010195617395,1.1961311966176982
0.26725518431733,0.23052802478087148,1.159317547492846
0.29590546669992646,0.2518387537635872,1.1749798721514748
0.22260485882498432,0.22542501595132358,0.9874895999699154
0.23571911629222927,0.21285510240983277,1.107415860007781
0.4409999208506934,0.3669809128148561,1.2016971604002202
0.3137808901105386,0.2503479025838002,1.2533793447920147
0.3206253002666096,0.2567714518459303,1.2486797031431411
0.28549201407974545,0.23178339730490785,1.2317189988555766
0.207917717824056,0.2270179197020063,0.9158647832601846
0.35332796447756526,0.25695637402262156,1.3750503984246738
0.2490567568848207,0.2441983719130717,1.0198952389964273
0.23965251330458395,0.24635291614157834,0.9728016094067923
0.34220703018556614,0.30125709537305634,1.1359301919903337
0.23572209090840673,0.24232868838262567,0.9727370394388162
0.18689184759077296,0.2089959757766461,0.8942365846819184
0.3288209429807014,0.2693923620378672,1.220602323292598
0.29262080868440365,0.2442991382365915,1.197797138363276
0.25764251952796796,0.24562162691369124,1.0489406929077167
0.20749475613113116,0.22357184940372268,0.9280898140107087
0.19826114569010286,0.20352561444767747,0.9741336304432188
0.22177425379467505,0.243118438125323,0.9122066409473829
0.32763058908758036,0.2736101133604479,1.1974359612064744
0.2608895498857192,0.21760168026977128,1.1989316882217171
0.347938266460567,0.2656967660747984,1.30953143164195
0.37265653276454447,0.2981421637269168,1.2499289872528028
0.307644858775033,0.27053823283993356,1.137158528558342
0.3987545886505932,0.3098675548521346,1.2868549236814244
0.27406319839365356,0.22818991126901408,1.2010311799918238
0.3178106689223222,0.29021615904185205,1.0950826100502926
0.314807570050382,0.26604261551359754,1.183297530896106
0.28905644078867,0.2880978829155618,1.0033271951303755
0.20745188442818616,0.20443566203544408,1.0147538954931412
0.2993697562573258,0.26047153418908525,1.14933770858816
0.27420885226132863,0.2659626975710953,1.0310049295090677
0.2766413746799099,0.2954316773405744,0.9363971296855788
0.3167303482369044,0.26631582621448047,1.1893035150746993
0.19164661396875748,0.2365528422515134,0.8101640721991002
0.1786244103046578,0.18656529784265627,0.9574364170088289
0.2580869505905532,0.2571712580450374,1.0035606333012357
0.2837331681455757,0.24116565093040537,1.1765073800972357
0.3000164165431232,0.2718728669543498,1.103517316398841
0.30080339159731073,0.24783557526828157,1.2137216026056452
0.40350473823241073,0.3299315549632524,1.2229952914850866
0.23024817427684002,0.23548791937461996,0.9777494101960941
0.2781690221494383,0.23462052301399508,1.1856124885240562
0.30950788919100275,0.2579183854120697,1.2000225912414495
0.3084178805572847,0.25277215514291046,1.220141832406001
0.3194937861093287,0.2812255588436336,1.1360766333723349
0.20567508252715144,0.21511109086244318,0.9561342546427521
0.24481872729554638,0.21522765968733829,1.1374872897433124
0.3199713774890649,0.26184003725555516,1.2220108920041655
0.292368905189905,0.25508820245850905,1.1461482827198164
0.32207562082782104,0.2789163626708418,1.1547390685282701
0.37942639518013216,0.31213672417515276,1.2155775523780419
0.2036626208109217,0.22421775448542874,0.908325129195588
0.26355765790558777,0.2167262150719843,1.2160857320285352
0.2574122783515302,0.26316480530070296,0.9781409716143475
0.23279085481796788,0.23327988992142742,0.9979036551173602
0.31313254899365,0.2633412375184854,1.1890752543899223
0.19536507499175879,0.2063624619537983,0.9467083942596999
0.27174117577532275,0.23633837393631407,1.1497970949421386
0.2862144689418035,0.2509769699246972,1.1404013245824067
0.2387940229437633,0.2501582614237452,0.9545718042038519
0.23247561805111905,0.24946214708821665,0.9319073886143908
0.2372738785928889,0.2132316932265825,1.112751462986128
0.35787976741056915,0.3054221872786725,1.171754320140578
0.2944858798617133,0.24199414114655213,1.2169132627197452
0.26530982608524506,0.22521969357112595,1.1780045602515588
0.2772931874038353,0.24598419290318044,1.1272805139677333
0.17813620937551228,0.21232428123043964,0.8389818081247976
0.33412505924876124,0.26184848616622614,1.2760244068650166
0.207944925998449,0.22404181805084103,0.9281522878521757
0.24844662418471483,0.22138888939742787,1.1222181242289628
0.3634584048206217,0.26939606080194906,1.3491600572727904
0.2792639832566138,0.22534634715009816,1.2392656317193476
0.27743486693547,0.2377017449949368,1.1671553649779876
0.2328057550560203,0.24663289147417844,0.9439363649531483
0.26625855686721517,0.2219724284844919,1.199511843363093
0.21830509412844767,0.2156822887020916,1.012160504425928
0.2540932996256555,0.2677976144938752,0.9488258515890062
0.35120732367795704,0.26071900367680223,1.3470722069547634
0.1972937660734747,0.20671132474699838,0.95444101243582
0.18305072814789922,0.20578695057801466,0.8895157230997693
0.27067442150294385,0.23489140734383884,1.152338540450418
0.30012469711830525,0.23671443717091167,1.2678766056909758
0.26168182591978045,0.22787240308567716,1.1483699753734171
0.27311890150191087,0.25003760493164195,1.0923113008404441
0.31231050785690595,0.2798877380728471,1.1158420515571856
0.29482631105941165,0.24579457131349086,1.1994825983499238
0.2619976880097057,0.23986948744744685,1.092251001983347
0.19453122264520484,0.207712007846504,0.9365429792049405
0.3315804168765374,0.28742070249758184,1.1536413835023838
0.20373591745086722,0.22879152556150684,0.8904871670873848
0.2148934272448935,0.2036397891388199,1.0552624718070303
0.2595563057482207,0.22723227808473925,1.1422510390510066
0.3197490974580761,0.25982267071221626,1.230643563864507
0.325865354512156,0.25531760369023454,1.2763136963619395
0.23223753164805344,0.23943932347179891,0.9699222679077035
0.29159566100393797,0.2452800768369344,1.1888273387886894
0.2524829876756839,0.22638103767461565,1.115300955721324
0.20044643483812213,0.21252003623900304,0.9431884088928785
0.2825512731147718,0.26763336525963916,1.0557400899572456
0.28730708844822705,0.25451522832323753,1.1288404640501253
0.3793253449030569,0.3241198710724785,1.1703242496299573
0.20299228654270912,0.2063663701826323,0.9836500315582566
0.2880707014474345,0.25016678710771656,1.1515145746481419
0.24943108564473243,0.2269104698940225,1.099248905355615
0.3045860879941873,0.258043762878397,1.1803660146504815
0.2770237681207896,0.23976105576450205,1.1554160338403237
0.30996605033998365,0.272753880181584,1.1364313135843418
0.2509554538251067,0.21862188805101795,1.1478972030766807
0.3028605409341218,0.25939104627824133,1.1675828648659368
0.2774964429072014,0.2341884965791681,1.1849277268552467
0.24927900206293474,0.24813842468136688,1.0045965367235343
0.30998704004379385,0.32147063992617836,0.9642779201079714
0.32183569291301733,0.2598698164913572,1.2384496870713764
0.23917454966209162,0.23194814079560547,1.0311552782518492
0.2968058843284356,0.2611141305563987,1.1366902422936
0.27878886543675496,0.23430823621807512,1.189838095052198
0.19869125676451382,0.20541332566358947,0.967275400087312
0.3838296436584612,0.276888741076616,1.3862233695961452
0.3805863071177114,0.26775033883100646,1.4214223174444705
0.3136578566502459,0.25054866753776117,1.2518839542540106
0.26470980497872126,0.24966674364132393,1.0602525635493067
0.2232723692051182,0.21588421647449982,1.0342227553791135
0.19614596319707425,0.20277207289004176,0.9673223753225589
0.3511099917421272,0.27709659418772664,1.267103238029184
0.19613565934441593,0.20795297586845995,0.9431731309701524
0.3498763079198381,0.27829835274707765,1.2571986304130651
0.2506854817468729,0.23769751736880643,1.0546407237308861
0.1762227919989363,0.22029031984182493,0.7999570390812886
0.2306574585662452,0.22200098709972832,1.038992941336014
0.2798807195375261,0.23365479608573828,1.1978385388452522
0.296897365662412,0.25778424368615005,1.1517281328640154
0.2702598871878491,0.25659736986173753,1.0532449624619042
0.41428750230594197,0.3490112576956793,1.187031917082687
0.26037541336765585,0.2506678490225841,1.0387268027508272
0.25949014173355095,0.24469070828856368,1.0604822044469882
0.18269501709420619,0.21993325243765457,0.8306839237327039
0.3589304362726464,0.2859679715121932,1.255142085928816
0.3052915138369774,0.2697838634851098,1.1316151748039125
0.24136741068066817,0.21712139854752413,1.1116703019386502
0.30067598016753433,0.24608172313319598,1.221854172423802
0.3238866791209615,0.26484493617173654,1.2229294764047887
0.3584754916871172,0.32074516431657535,1.1176333474923477
0.2981836451956479,0.2664463329322887,1.119113338562721
0.27401111797161426,0.246449479540825,1.1118348412913714
0.19976692260986878,0.2455016117628098,0.8137092101980684
0.20203315035811084,0.20333771138792198,0.9935842642227721
0.18762502474080672,0.21466992442090269,0.8740163543959278
0.2580599876701063,0.2339887517105084,1.1028734748300162
0.27910060605266196,0.2262505930746531,1.2335906052655987
0.28232373012466194,0.25419932799236294,1.110639167909775
0.3015633366782292,0.2828798582902437,1.0660473972976034
0.2030519620758629,0.2102594795567018,0.9657208440920962
0.41133362808970253,0.3487344744610997,1.179503772104371
0.3087521359402563,0.26379896705324835,1.1704069177721006
0.31841932815060725,0.24987500803610116,1.2743144288547779
0.3250046299516317,0.29009799736823666,1.1203270374151746
0.38843662105860993,0.28530704940812784,1.3614687119173023
0.19334025479061107,0.210971287043673,0.9164292330955343
0.2288684185755771,0.25835471294671525,0.8858689511221745
0.36343335108290703,0.2857491435701509,1.2718615585060704
0.21146036643983068,0.22115364690460482,0.9561694749309047
0.1834147043336764,0.18120565359072205,1.0121908489011264
0.2539953434136789,0.24711270848721856,1.0278522094982272
0.27539595801472627,0.2268565119855084,1.2139654074921091
0.2760746883215972,0.24150432943022063,1.143145917809996
0.23010570139848777,0.21038501735165235,1.0937361618953734
0.23651780362234548,0.21635919996622693,1.0931719273285594
0.28711507079495036,0.2662301698053444,1.0784467853695021
0.21039849494183585,0.19713686013461917,1.067271208429315
0.22191407693515772,0.19725278296755105,1.1250238075052332
0.3669785793385574,0.2819264011613828,1.3016822043866982
0.33686795791651936,0.26616355648495277,1.265642683639012
0.19308264675932332,0.18971594016906315,1.0177460396172298
0.29107032192605675,0.25963209925908015,1.1210875802980171
0.29363965019494426,0.26488385028237804,1.1085600344525015
0.22218929491261696,0.24086122686628525,0.9224784653113386
0.2831798283480168,0.2794131428824839,1.0134807025420314
0.2619995588428768,0.22714107329418706,1.1534662359525878
0.20682326847315852,0.23298022298459073,0.8877288630925457
0.2894046671461348,0.2769898263674287,1.0448205659446774
0.20497263151398531,0.20666744440956078,0.9917993233021415
0.31094639203638247,0.2592721078078096,1.1993052190051905
0.3056598515360879,0.2961558196834196,1.0320913222736185
0.45567918108334016,0.3583727956802132,1.2715228013288051
0.3734859779475017,0.3189634776605641,1.1709364993347595
0.27139923146083245,0.2500429937614163,1.0854102623638942
0.4218902629767122,0.3345044410229058,1.26123964658461
0.21316217138866297,0.20239788456047775,1.0531837911822086
0.2818119122223612,0.2585488792073002,1.0899753775239114
0.4031530528160753,0.3305957260812385,1.219474485030115
0.2910351681537978,0.26543920443128954,1.0964287237725425
0.24092574303282988,0.2348422820279242,1.0259044536289352
0.27183150952309626,0.22325995024988607,1.2175560785481048
0.2692526351148389,0.2591490568713801,1.0389875169349867
0.35039231302485657,0.2959231820197225,1.1840651030898413
0.19851730444767654,0.22211067712868743,0.893776503741235
0.22341069208093117,0.25002066006795637,0.8935689235449882
0.3216560682125494,0.2848009718457157,1.1294064979061909
0.20114890956506712,0.20929284697114356,0.9610883146560699
0.2531324729781848,0.22604556007480986,1.1198294401111464
0.19648338011568664,0.22727789979895607,0.8645071970899527
0.339478569106431,0.3077652187706751,1.1030439711882662
0.34151997669597695,0.29408608281083815,1.161292548874709
0.20121705808331244,0.2562712502138725,0.7851721873420672
0.32362027242685576,0.2704374630826223,1.1966547413143918
0.2130470041551697,0.20232777639728533,1.052979516449765
0.3020433254602505,0.26472465655550614,1.1409716397041374
0.29591230081333925,0.2632574806336359,1.1240413761504755
0.2469043911710497,0.21395152220962474,1.1540202594545623
0.34636780959939345,0.30064667260948147,1.1520759787330175
0.20637417311523523,0.220293670687867,0.9368139015107962
0.2919424657942131,0.2522924743645718,1.1571588353140714
0.2982511426166919,0.24629316674709004,1.2109598758091236
0.31877761605187166,0.2817831465964572,1.1312870194766984
0.2337360640691002,0.24573226550220306,0.9511818221812011
0.27220909930866793,0.24196698125354532,1.1249844830003206
0.2849610251870749,0.25692098647366374,1.109138763237177
0.27248039639385024,0.2182700951368943,1.248363392259285
0.2817495402128108,0.24037078975289097,1.1721455027978172
0.24640058128754055,0.2552604211365813,0.9652909769184305
0.2479995412713272,0.22161656288668338,1.1190478637561667
0.29451913104835664,0.26115936822818564,1.1277371860963579
0.1805829459063591,0.2145432732667189,0.8417087292308599
0.30869371116474387,0.2432395994631823,1.2690931568955695
0.2858827590008877,0.2529885096914837,1.1300227008314259
0.1788393733869333,0.17972767433619904,0.9950575171433861
0.26519434066641884,0.23682164434492145,1.1198061790339302
0.40869037782408224,0.3222266621631856,1.2683319719120845
0.22375105404248444,0.2176419016420961,1.0280697437133894
0.2756199680842694,0.23548691492282106,1.1704258309834397
0.2126216337758518,0.22462389721291856,0.9465672905421548
0.23369950555181257,0.23973760011985668,0.9748137356633862
0.18590525520166074,0.23467875303550206,0.792169094121346
0.329279391743089,0.2704939141411615,1.2173264333453706
0.22507781509657995,0.21289931238203544,1.0572031096685315
0.23853007200954346,0.22285320868695888,1.0703461413679074
0.31220397680885786,0.2695135162231757,1.15839821758821
0.3557001091528187,0.2700896420181642,1.316970567604725
0.22050452114799723,0.2714626540036009,0.8122830816539216
0.2285193359215676,0.21350891017027043,1.0703035097660634
0.29462833703547564,0.2685287812746205,1.0971946308212062
0.2756876647977068,0.2437375638418635,1.1310840251795264
0.26756012865420487,0.2525985354966253,1.0592307201154754
0.3262579905105589,0.2536307936492438,1.2863500753057384
0.28017705810034926,0.24491133024103615,1.1439938602456872
0.29483452258709375,0.2217837455851445,1.3293784078234196
0.2741823700090073,0.24539037002128908,1.1173314176315083
0.2681077728171165,0.2242486310572201,1.1955826510651257
0.3527773211612437,0.29830037393453773,1.182624468444887
0.25272726487276503,0.23346792837051017,1.0824924289887499
0.27147757756654267,0.23870882439748933,1.137274997067088
0.27423129392516116,0.23043008819505512,1.1900845765116796
0.3394934895696472,0.26107639514099706,1.3003607215669581
0.2849333704046674,0.3018879247229873,0.9438382494633482
0.29139775367619924,0.24297536058012295,1.1992893146879748
0.35780081926437585,0.2959130879939583,1.2091415817055078
0.22110681873961063,0.24505483052828014,0.9022748838003182
0.2532134938660494,0.2604442718972142,0.9722367553776784
0.2526555149738346,0.24003867841150675,1.0525616814999221
0.28816102942631205,0.249497544228606,1.1549653938167825
0.19473314090670613,0.22294101690528342,0.8734738165720244
0.2466481046332739,0.22677048197350713,1.0876552472207959
0.3096260986627066,0.2675281552387684,1.1573589269001083
0.38258444083966725,0.30052366588576174,1.2730592770856832
0.3851439686952155,0.3270086668500512,1.1777790858118817
0.2356691544267269,0.22159154885562746,1.063529523773812
0.339270098999564,0.3068149216023454,1.1057809614595044
0.21905392710436308,0.22022985797382277,0.9946604385060291
0.24958330068453813,0.2281472131406436,1.0939572622817006
0.22963867446791963,0.23349604259835374,0.9834799421544401
0.28943423088562564,0.2524321803769648,1.1465821451662959
0.3745513527702964,0.28861411081152377,1.2977582825632976
0.25754427182065187,0.257500619823629,1.0001695219104823
0.2116458716638096,0.18552870786657846,1.1407715501151072
0.3323530095273461,0.2828649956576552,1.174952767678561
0.31722971764130453,0.2823622457320893,1.1234848937357516
0.2448005771358153,0.2481794450555541,0.9863853836929064
0.33010234332043586,0.2626062871926438,1.2570237630231529
0.30234652364708337,0.22895337628025614,1.3205593582380217
0.2213489115017616,0.22462139414838173,0.9854311177302267
0.33905886482660896,0.2897989629430076,1.1699795657767378
0.3775993481141161,0.31578936279735575,1.1957316888993004
0.24643266332052116,0.22470958338330657,1.0966718001526425
0.245564428257712,0.20059525422424382,1.2241786537142971
0.3559746725777252,0.29760725645459035,1.1961222882078504
0.22380234901926702,0.2128037712846666,1.0516841297886947
0.24593220539283542,0.21448545837570435,1.146614820674916
0.1842231150581037,0.20230118704023417,0.9106378353650735
0.3505455241571243,0.2776592184797534,1.262502740144699
0.22549571216086325,0.2772470623732667,0.8133385083708158
0.34900691515926735,0.29588200723593094,1.1795476123053863
0.27492207596164153,0.22911898765343708,1.1999096136784861
0.34093674767555493,0.30654907258004643,1.1121767383149697
0.2498535065320831,0.22668528526771856,1.1022043457165849
0.26038029663733586,0.22379561617749377,1.1634736242144552
0.3127187450213543,0.2787855119845782,1.121718064885141
0.3160097482391306,0.23721369027824257,1.332173315412206
0.34188227587676434,0.28430903366739196,1.2025023315886834
0.26252667411093716,0.25833400680354235,1.0162296375892286
0.2330002909246265,0.22931774975494668,1.0160586835236918
0.19412612249859976,0.19683327687642374,0.9862464598426434
0.19609402475053261,0.23166211645516246,0.8464656533019548
0.23793570286036475,0.23103172874651057,1.0298832292486946
0.2741577312310557,0.23215016030893756,1.1809499974767017
0.2939362524557853,0.260939538587445,1.1264534843855507
0.26667141930945754,0.2499460149163317,1.0669160674505036
0.32713732404580487,0.25940632233742217,1.2611000421966654
0.29070982884214264,0.2729754654663704,1.0649668765853135
0.33970265370321395,0.30915341086537373,1.0988158039477152
0.23181550961084652,0.2508793511132416,0.9240119148196055
0.3772417784524508,0.30245342090671357,1.2472723149287983
0.22885929015932996,0.22244227569847033,1.028847998613169
0.3154350315062731,0.2603102613979147,1.2117656438602462
0.18960133973443954,0.1950744587812666,0.9719434359525048
0.35181611440576716,0.2606149475157673,1.3499460324871893
0.2369061941789846,0.24568694975458188,0.9642603907762767
0.3003828215227987,0.25850986529868725,1.1619781750910383
0.26486165287499125,0.21623692474130227,1.2248678304681857
0.28902239337272523,0.24823192837252753,1.1643240064548928
0.2609842994767627,0.2454560455604007,1.0632628700625786
0.274712673319473,0.2662623623563807,1.0317367835555442
0.20362883067861812,0.2154339339464678,0.9452031393031004
0.32144979621609426,0.23687384346664897,1.3570506203288473
0.21142270349035525,0.22616645049352987,0.9348101941247187
0.3318350926633879,0.2628413790503119,1.2624918262960017
0.20220466730987577,0.23364961991119748,0.8654183447280038
0.25595488807192623,0.23329714060820475,1.0971196963865602
0.23030486269307907,0.2116330165643156,1.0882274724042837
0.21870941193959237,0.25513950408685304,0.8572150076185013
0.17031392866194672,0.20307092559634296,0.8386918420832463
0.2561958808981763,0.25676284541279776,0.9977918747795852
0.28540238223126946,0.27316403871492706,1.0448021766478357
0.18873998421828775,0.21028603931508208,0.8975392985336949
0.2942710562187054,0.2708675626992588,1.0864019792042476
0.31987409393170024,0.2625445847143904,1.2183610424860822
0.2525631918569568,0.24076031259128786,1.0490233591185993
0.31783163425045674,0.26503536454244664,1.1992046223686295
0.32646180169263145,0.2778115477131788,1.1751196247237379
0.5057611416316965,0.3956148515592372,1.2784179856705067
0.22614530175004566,0.24014380365547083,0.9417078363366455
0.28030211914116077,0.23532802386873813,1.1911123653403404
0.3049642885670197,0.2420374179790367,1.2599881915507511
0.18016561786045554,0.2095941817259299,0.8595926488839475
0.24652765741875993,0.2444425907367647,1.0085298829296103
0.284841008679766,0.26840287526290785,1.0612442523231411
0.3153197280346313,0.2536681136299916,1.2430404575585197
0.3310597551183174,0.25201518365847486,1.3136500361302117
0.3436596020482355,0.27198297384598097,1.2635335116338704
0.29429065035901864,0.24482627808972612,1.202038656369903
0.22739692418219895,0.22272030039174728,1.0209977437271136
0.27857171116937707,0.26228347784882866,1.0621016369545642
0.28315178314095,0.2542548617155424,1.1136533682401604
0.2617182858742532,0.229968481467467,1.1380615474093905
0.28898400443112693,0.2516168153462624,1.1485083142533288
0.21496854038806582,0.28062860021272756,0.766025060257975
0.2313056228090691,0.23064800187190132,1.0028511885289733
0.2761956315627839,0.25384795634382007,1.0880356711979806
0.34837226839697966,0.3011647243985062,1.1567499118389697
0.23474092592050821,0.21386261699788936,1.0976248641099575
0.3419301799393235,0.254902685211303,1.3414145859463136
0.31561491828574206,0.2649417674669249,1.1912614658809626
0.21230419016190144,0.22873975317350212,0.9281473255803765
0.2587339908559691,0.25381623395555436,1.019375265418507
0.29419890463723114,0.24250124375046983,1.2131851370624616
0.2637097235981065,0.24380687863738984,1.0816336482052988
0.3322180826477456,0.2541061650786582,1.3073987502227975
0.234336032867833,0.270058799359912,0.8677222642744898
0.3782664226995451,0.2930296269800899,1.29088115286461
0.2658480241231885,0.22591679939905807,1.1767519052604678
0.25692297794680746,0.23944419547020634,1.0729973113036937
0.3094918419532065,0.258957159314859,1.195146883646896
0.2846192766823423,0.2515513396686299,1.131456016323638
0.2837173116901938,0.2460124662446949,1.1532639626806391
0.33427134336922437,0.27391325220372786,1.2203547680876867
0.30815413014441434,0.2503819931417378,1.2307359897481627
0.29035928919663223,0.2582489338902106,1.1243387719852997
0.2959357590398191,0.2529276840930267,1.1700409945278039
0.3223285405093031,0.25557890054378557,1.261170385440648
0.35269594917325225,0.272824644690254,1.292756926610052
0.19059712796760442,0.2119014362156616,0.899461237127365
0.3118840398296554,0.2741541312704787,1.137622980125558
0.21821197673422096,0.2900359005266522,0.7523619535994954
0.238184799120549,0.21211227482210718,1.1229185077587243
0.20801411210157333,0.20939922556063564,0.9933852980814334
0.28879101369930876,0.24911866347751452,1.1592508151256
0.21084938627964134,0.2039539557064324,1.0338087611457465
0.3053455450322345,0.2668969901369691,1.144057656384712
0.19096750704224263,0.22316318602705623,0.8557303309833988
0.32442349968624906,0.2772371075070455,1.1702022958019946
0.39128045743539985,0.3254661903238626,1.2022153731115581
0.20526369824182183,0.21388291046267646,0.959701258028473
0.3141605309653523,0.2742336298806604,1.1455944739602764
0.3277673239685575,0.23930416269926374,1.3696682927344912
0.24485260255435223,0.25222456022103423,0.9707722449383135
0.2801659336821653,0.23428228265818218,1.1958477205505436
0.30704958649460856,0.25161313731765,1.2203241443111636
0.3143889651969417,0.2979271256680161,1.0552545844626087
0.2985660618713637,0.2497747888192467,1.1953410641753182
0.23185515311184823,0.21008488062424485,1.1036260792443289
0.22052388218531105,0.2538502820267845,0.8687163174474745
0.23690404887815691,0.24998901762122933,0.9476578256613732
0.2312918159032958,0.21949431990696225,1.0537485252526544
0.2629441636017021,0.2396470878732106,1.0972140990121992
0.19420013443861944,0.20579229941581537,0.9436705600253134
0.353489850690198,0.3077925047357994,1.1484680271653267
0.30307853459663825,0.2947717893623455,1.0281802585391975
0.22870030563051638,0.2267938234513966,1.0084062350116354
0.3234203237509266,0.29378232586866454,1.1008842100852307
0.3379127049233754,0.28843817861328097,1.1715255814883876
0.2752335009519288,0.22976939158359588,1.1978684325835973
0.2261015963606438,0.256140659231488,0.8827243477823008
0.3138949974213235,0.2557136299573233,1.2275254841664491
0.22009927808693197,0.2252272840622283,0.9772318615986174
0.21025004636393188,0.20865017432815347,1.0076677244144652
0.3405060000225757,0.2758771876861463,1.2342666056533635
0.316965089654901,0.23229219176663468,1.3645103059397294
0.2802818575987089,0.24666188087530008,1.136299847402872
0.3800809441577605,0.29122752946975783,1.3050996409912874
0.20234590013473222,0.2360533335185174,0.8572041627993321
0.21927650068378202,0.254836043646611,0.860461093124878
0.21372535480701343,0.2370931475865083,0.901440454870301
0.27805295454652734,0.26046752247546956,1.0675148744224492
0.18821612150094086,0.20161138692591962,0.9335589837993589
0.27468221637410933,0.2476071857002798,1.109346708162997
0.19571938826511148,0.21725948676176754,0.9008554295248082
0.3004730418186994,0.25560949342724587,1.1755159708268934
0.23878858895942537,0.21785169592961742,1.0961061741588285
0.22058518479502437,0.27842892329245744,0.7922495342314889
0.20319448669614615,0.2141757149492553,0.9487279486579002
0.30281470020521895,0.28337089895409845,1.0686160834541802
0.2366294993974071,0.21635850417349076,1.0936916961103673
0.29879924545054193,0.25883732012095967,1.1543901216057533
0.23356465840100943,0.25743603720433145,0.9072725828809473
0.3468713818692113,0.28716065185792766,1.207934929890135
0.358530349380239,0.2963457043637817,1.2098381859455671
0.33499479665986653,0.25473574891917367,1.3150678618184786
0.3466503797996001,0.31704314037288006,1.0933855228405145
0.35716127758985394,0.27394746097008194,1.3037583057901014
0.2567291224784825,0.21790079382027291,1.1781926902489197
0.2587920352776426,0.22011951184732204,1.175688757010984
0.272897762535779,0.25163533347137385,1.084496993212696
0.3158687662736566,0.25365222354687045,1.2452828595657457
0.3863253821874096,0.2717168355003149,1.4217940580533586
0.21654353723972772,0.2010736874397632,1.0769362217251768
0.2586330664906266,0.2520794834106287,1.0259980819990906
0.2841486204059912,0.2479663836862541,1.1459158946541625
0.3169885089199958,0.24926490523042164,1.2716932960416958
0.29667901477485803,0.267666490418132,1.108390573326547
0.2642275306487415,0.23401581161755391,1.1291011868914302
0.3144010590910926,0.23749947622500145,1.323796852474893
0.25221344126228445,0.21568012711031911,1.1693865570344308
0.33018724186364506,0.23701664249176083,1.3930972879894838
0.29882893146679634,0.2678452609461671,1.115677501297499
0.3129342561051811,0.24632457249463474,1.2704142868734591
0.26570733533884205,0.23191364718024685,1.1457166862298975
0.2178515170164297,0.22699584750234345,0.9597158688736835
0.24761261271988008,0.25631369167796086,0.9660530075427534
0.27383495656941265,0.22774803670170185,1.2023592410944652
0.37327608824321834,0.2935645872390776,1.2715296887605319
0.3987784128850419,0.3277349582454935,1.2167710610423577
0.276163150975815,0.23199462345813615,1.1903859962756815
0.2067152689208545,0.24454526523771306,0.8453047280220884
0.2586425236070332,0.26059237157274223,0.9925176322163953
0.17630402508821075,0.2139855658538007,0.8239061564024615
0.2651110133581659,0.2431350026216931,1.0903860427314387
0.372180278383808,0.3145632861177411,1.183165025318628
0.33350429747479104,0.3023872771710476,1.1029045289036479
0.2712873025513173,0.23332532769994954,1.162699760139996
0.27313389161959023,0.24862240993047438,1.098589188705758
0.3285960102039282,0.27016930397283995,1.2162596023009404
0.1862236608926151,0.19746199015814828,0.9430861136539122
0.2716653598591251,0.22960703070350227,1.183175267006235
0.2533071440377225,0.25378132306448353,0.9981315448235701
0.27704608223412963,0.24770979747760982,1.1184300542620704
0.29148017954145944,0.24419126060317708,1.1936552472085773
0.21780133728881193,0.20881050483113894,1.043057376183941
0.33911819892328365,0.28095178585950903,1.2070334341738655
0.18031078147956045,0.23068977891796788,0.7816158233160302
0.2579967583641737,0.2682510494308632,0.9617735286089445
0.3446253760212106,0.27310035820148604,1.2619001245210941
0.413466716738845,0.3273973851285666,1.2628894900198413
0.2399189411894827,0.251704225433028,0.9531780437008156
0.2821162345686734,0.24869314405728263,1.1343949011465
0.2980778376709663,0.2799722099423735,1.0646693746222866
0.20698957813183794,0.22898454203045457,0.9039456388471352
0.19204964420277795,0.23212816557770619,0.8273431348790299
0.2829962621052125,0.23347920636653705,1.2120833649782887
0.24096606178513935,0.22946895899905817,1.0501030851241555
0.27805383696615665,0.2694540075300246,1.0319157600028415
0.23682913585854978,0.2443775051593451,0.9691118489163991
0.30925741290901243,0.2620672092260977,1.1800690892319974
0.3181848096042948,0.25734483386884843,1.2364142105392038
0.3121687368246512,0.26350584460308263,1.1846748116531123
0.2919069323230112,0.24246307268379633,1.2039232576405403
0.2536550140766052,0.24773638647461418,1.0238908288209714
0.33047051206448463,0.26938994763095114,1.226736613487933
0.27649161300769837,0.23823110868546582,1.1606024693137265
0.17854249748143475,0.20526049151784628,0.8698337228034526
0.18645480647350815,0.2345250684742595,0.7950314552150857
0.23988948286324635,0.23090123383903893,1.0389268124503532
0.3116341290788769,0.2544012447150164,1.2249709290061592
0.28947186125564495,0.25558281602179345,1.1325951633264804
0.20512024554914632,0.19585771095151666,1.0472921620120565
0.2907036055311005,0.25086031332516073,1.1588266062408028
0.19807223013008712,0.23859974419050087,0.8301443524262285
0.3251668128664201,0.2850042876357057,1.1409190211273257
0.38990874353824456,0.321694290989083,1.2120474452295347
0.2134749785750325,0.21936419251281714,0.9731532577385412
0.2189072205519169,0.2343424470880477,0.934133885141468
0.30856696250135196,0.24084368063182499,1.2811918572738257
0.20040472850352578,0.22729232028839375,0.8817047942897834
0.34671256765647546,0.3145288186460759,1.1023236889673196
0.22101304872407995,0.21580730580676494,1.0241221811182624
0.2401303434859566,0.2710578638436716,0.8859006710996883
0.24821267981848671,0.23784149310420527,1.043605455797141
0.35817800735059435,0.286216594302413,1.2514229240396446
0.20401785061231903,0.22749925967459833,0.8967846792298765
0.24077279962127046,0.2274660752003335,1.058499819848817
0.27950096587485884,0.26985470404485373,1.0357461318458312
0.3040412505685045,0.2392631804221423,1.2707398189394268
0.35016337805951175,0.27505321957019097,1.2730750020184853
0.23118117912895886,0.22780231658246566,1.0148324327740978
0.3357100581785701,0.27429102235393893,1.2239192347512469
0.22120537948437596,0.19618109848641913,1.1275570439304536
0.3523108125586162,0.2912482239210466,1.2096582352176775
0.38955493948684644,0.3359798747534787,1.1594591484763124
0.37610501150069464,0.27317662355345135,1.3767832935642963
0.30709001743579745,0.28782122247829006,1.0669470958103544
0.2745705955341949,0.23973341186074382,1.1453163470333758
0.28876041825452975,0.24171621179780847,1.1946257808147058
0.2554689380051351,0.23261370246006016,1.0982540379322632
0.3349973648372388,0.27590535512032854,1.2141749285407633
0.3493577023395083,0.2790010159493987,1.2521735849265507
0.2956804079634485,0.23524627056572747,1.2568973240357315
0.20392185737086663,0.21781016659203686,0.9362366346875656
0.2522715520497777,0.24233535927715705,1.041001828219615
0.218961067745456,0.21745015890163227,1.0069482995618653
0.34055630354251976,0.2685401224132021,1.2681766154053753
0.37377504343510554,0.30469434019733765,1.226721320760429
0.3129544503451362,0.2493767342130169,1.254946462157979
0.2814363372631997,0.2680604830169299,1.0498986426336665
0.2574231416850539,0.23385004531584225,1.1008043267101932
0.3697525898549659,0.3141620326885589,1.1769486805603784
0.2968522356336883,0.2690830826300947,1.103199178232128
0.32791639357335534,0.2736407524108066,1.198346337979172
0.2682362299066167,0.24039043679117122,1.1158356941613086
0.26766441357139037,0.2395660587169387,1.1172885466536455
0.35046344399212614,0.3080230118845845,1.1377833164083337
0.20640729242329026,0.19694983261061985,1.0480196387440872
0.3812514141923517,0.31754555050514066,1.2006196074417352
0.2928648072881662,0.24604324369163344,1.1902981073327676
0.2996095184777243,0.24347305486956772,1.2305654054335902
0.2874273791339658,0.233994733470442,1.22834977895036
0.22722197720687975,0.22681300380295852,1.001803130319091
0.20302818424188945,0.22246217699849063,0.9126413621461007
0.39597032300679486,0.3007021265662857,1.3168191642951637
0.2618731251330648,0.24054498522941978,1.0886659095524411
0.332143875144539,0.28018192602956027,1.1854578910614548
0.3600962308640172,0.28206388692017687,1.2766477651423815
0.3162892731452608,0.2818862408006601,1.1220458020472495
0.22162222839554765,0.25100829084490284,0.8829279210242791
0.37170863979850244,0.2898941440572436,1.28222196763348
0.20712615850038976,0.21758967712387303,0.9519116956199791
0.23576011252251203,0.23249004059473088,1.0140654280046406
0.3072591933274547,0.24869904525702605,1.2354659142736466
0.39643697328378114,0.28502611149712875,1.3908794924137142
0.34592448567801837,0.27745914981223957,1.2467582558085046
0.24550860225891935,0.22543092165265868,1.0890635608419155
0.2391546722059544,0.2453039897927146,0.9749318484711299
0.2642631068604869,0.270626388681961,0.9764868390977488
0.32963929324387,0.27995117182580026,1.1774885280672738
0.31912990885240655,0.2737191925678158,1.165902565540193
0.24190056449535124,0.21094240866126393,1.146761175386978
0.30803774424532004,0.2621191800957746,1.175182007408872
0.2738897500905029,0.23944642427534527,1.1438456469725788
0.20693587263849497,0.25663531169265985,0.8063421641925733
0.341612084241249,0.2647783683142671,1.2901812425846944
0.2903013485607379,0.2554155643276072,1.1365844102921805
0.19863055677526176,0.23068492821079228,0.8610469626943278
0.22603217530390385,0.20975364682234698,1.07760784486071
0.3129674687191266,0.2915164916663909,1.073584094437045
0.30330392371803144,0.2606502059416893,1.163643522253285
0.25857417257644955,0.24718028061599492,1.0460954730371697
0.40031203220831907,0.3320757993929172,1.205483907409536
0.2880005846410575,0.258199900948686,1.1154170996304682
0.2566364982164001,0.22869252973320917,1.1221901236380136
0.25022412996248483,0.2435977453352513,1.0272021591091247
0.24530316893273024,0.24339895565904773,1.0078234241742183
0.45420699755632116,0.36309507013795633,1.250931326012626
0.36215333983649134,0.31763449854185183,1.1401574498330938
0.25647906482194094,0.23381981380460387,1.0969090285747671
0.2533663851975407,0.22116470429981125,1.1456004519332197
0.3622892207381858,0.3187724515584202,1.1365135819203325
0.3198608505639135,0.29099281395077087,1.0992053247680076
0.3315325185438486,0.26503842359724616,1.2508847360473558
0.3077153738434776,0.2660465497399962,1.156622305924297
0.2617336641484279,0.23096816090655967,1.1332023562083724
0.3159885576094512,0.27463927297804114,1.1505585278574348
0.3540874567769106,0.291259719071116,1.2157103560566649
0.3618362374648147,0.28691774403587417,1.2611148839214812
0.2963827325284095,0.24199567082395168,1.2247439448783513
0.33482292484931103,0.2684000860296222,1.2474769654595343
0.25043515051702253,0.2608984834201583,0.959895002968318
0.32199190794774557,0.26826444109280234,1.2002780041815417
0.20504143430542665,0.21110084975767432,0.9712961105594631
0.2591360229351297,0.24268414448706974,1.0677913197948394
0.254500848645419,0.21392126747859863,1.1896940011861143
0.315322234294262,0.26286212057662917,1.1995727402736969
0.34437696001577794,0.24885183152811288,1.3838634737027184
0.2556321205980769,0.23157843401895942,1.1038684222950923
0.21247667643273063,0.20428205101687139,1.0401142703192385
0.3395996044916854,0.30006223626572076,1.1317638924444735
0.26810873315346495,0.2799151101417018,0.9578215803274783
0.25859125641966024,0.2277808991045505,1.1352631297717721
0.228482590760712,0.28956745695366704,0.789047889443153
0.2210311224142639,0.23312149652661143,0.9481370260036599
0.24565334174441536,0.26314148383363556,0.9335409155772769
0.37665361529587554,0.31674496811238984,1.1891384338021385
0.4413208580435297,0.35824601796665523,1.231893268621361
0.21959913815367096,0.22148310580594496,0.991493853919835
0.24022513449723545,0.2683361745044738,0.8952394694485382
0.21569978083450742,0.24018288675584606,0.8980647362015157
0.25865249949564023,0.23817454509143693,1.0859787698821537
0.3067943203019781,0.2633086684863865,1.1651508553271952
0.4202554838929999,0.33122239312441365,1.2688015442698153
0.18112943818613958,0.20659458138882297,0.876738571595174
0.21168181239314024,0.19956046401943608,1.0607402294500758
0.26793497239083364,0.2642754586867184,1.0138473459559987
0.23126760531052215,0.2403587334620012,0.96217683451508
0.23860433208264667,0.22081963779820088,1.0805394595416309
0.34296184159858983,0.3060986794867658,1.1204290138514559
0.3055512816817787,0.2685707416296534,1.1376938523821771
0.2398193913515789,0.22392400810381294,1.0709856141928147
0.31072023566588186,0.2529971026603046,1.2281572887539396
0.3174621536857782,0.2873643999583674,1.104737238613312
0.2319792256414958,0.2131352479637104,1.0884132392826638
0.2883178489117256,0.252662447117304,1.1411187226326032
0.3000123499748296,0.2492762407998785,1.203533674176684
0.2817548697991412,0.2553812640582789,1.1032714981583136
0.22450859454013325,0.26350920306975184,0.8519952697086827
0.22183751991834624,0.23042710429383118,0.962723203063248
0.3760394446062838,0.3187990358669999,1.1795501312719279
0.300655986664516,0.254874949444116,1.1796215646937793
0.39550963251895555,0.307757270322083,1.2851349770065073
0.24422663574138342,0.2246799842764312,1.0869977427134911
0.34259300624518296,0.3136393786350916,1.092315026691141
0.259048243758489,0.2121071628860877,1.2213083246868521
0.33203731783944346,0.27445186962478485,1.209819843068973
0.33744504474923737,0.2507450626427941,1.3457694488284069
0.2772085796366551,0.2605673040868666,1.0638655552280676
0.2377645568429689,0.20963983084590376,1.134157358759454
0.2782205748294576,0.24329766835205519,1.143539832148611
0.21561790273488418,0.2168668206120258,0.9942410836585467
0.290960121593045,0.27576357855493205,1.055107143291897
0.3018318837681534,0.26652849883308544,1.1324563230184883
0.2619194037655291,0.22179399601322572,1.1809129573999408
0.24703188857003117,0.2069293769615725,1.1937980590155928
0.2697007518454435,0.2679163479831953,1.006660302275993
0.3129787734812546,0.2829690728839577,1.1060529346597658
0.2690750097851503,0.23783409136653996,1.1313559306788494
0.2864460104772374,0.24355588669904013,1.1760997213390953
0.42737999467604454,0.3461829604060477,1.2345494826630363
0.3956281010319251,0.28586943589024244,1.3839468350293442
0.3025487582686065,0.26191318285282533,1.1551490267621052
0.30745523821727083,0.23264284532253326,1.321576160191037
0.25086674820057847,0.24137725945504834,1.0393139302639955
0.2419767031850492,0.2592234031495899,0.933467812878808
0.1542088288141398,0.18933184165346056,0.8144896678097738
0.27341515928671545,0.24086007258828865,1.1351618238282044
0.3465226648693889,0.3036977791768524,1.141011520757938
0.26679569024699756,0.230536712279001,1.1572807107794403
0.28480888122455805,0.25681773597959645,1.1089922591918864
0.3398841140959181,0.2735311190797855,1.2425793278635267
0.34093857253346016,0.28619569420799623,1.1912777845136933
0.20543592094559043,0.2161230052613258,0.95055091750731
0.22358559374854622,0.23847928909845137,0.937547216757441
0.3105151896296198,0.2746859358324422,1.1304371615845428
0.30129562253386666,0.27825227900447563,1.0828145724873663
0.33448237329546887,0.2824489345472887,1.184222464253865
0.2653726047930961,0.2373675375148191,1.1179818755819912
0.3064830083814411,0.27919561047208585,1.0977357697823957
0.18773726548609468,0.21277897469954435,0.8823111670276166
0.1851509162168059,0.1978733426143525,0.935704192240073
0.2794111619751198,0.26787277538943843,1.043074129384394
0.2918983176385788,0.25118746492455135,1.1620735840709875
0.3173073015576102,0.24124704281271434,1.3152795485412156
0.27631538489423096,0.24509782636874258,1.1273677493921241
0.2974110627187979,0.2398544384482662,1.2399648080014412
0.22585788259627115,0.2588431566831327,0.8725665591876511
0.2376499142261399,0.25061830008325153,0.9482544337233006
0.26894335338341024,0.23374896998622274,1.1505648705072877
0.24942757262741516,0.22365024153866625,1.1152573362380758
0.3414057850466077,0.2854546699180571,1.1960070057519534
0.17799652780224762,0.20295638151600043,0.8770186306667817
0.2816107465692159,0.25030347118062685,1.1250772721645428
0.2690344435052409,0.2283902196262073,1.1779595638795461
0.23704830880868402,0.21007299192106693,1.1284092573773254
0.34600654194908836,0.28878335152556733,1.1981526639995894
0.3157716719822058,0.2734725061801014,1.1546742902712397
0.3076572912952992,0.271431510843296,1.1334619563493393
0.29482218469910193,0.2493378726858961,1.1824203901446804
0.18780739004951585,0.21235897210782592,0.8843864150658823
0.4247966531459735,0.349323597293733,1.2160548455270201
0.31895369235304444,0.2817682068402506,1.1319718996326518
0.17457684548648034,0.19860140378348984,0.8790312765200771
0.32658558511348235,0.2638288492024625,1.237869118941046
0.28355473602941095,0.2769808684870445,1.0237340130322896
0.19999814011077774,0.21860402247097477,0.9148877401710783
0.2670875965615212,0.26830109030359195,0.9954771196020946
0.27220650448543227,0.23116027027303745,1.177566128313973
0.2941578026517651,0.2544620018734817,1.155998932988117
0.20051326013662124,0.20901960914148843,0.9593035838129947
0.29945592287046235,0.2717299482211776,1.1020350345289027
0.35458058131044845,0.30464607704873264,1.163909887648834
0.20359152672095848,0.23061200856204098,0.8828314188425568
0.25929515086064414,0.21779234882735063,1.1905613409137425
0.1909640404901374,0.2037678795063248,0.9371645862576198
0.2610850486249502,0.299511476682366,0.871702986199199
0.2559047543685394,0.2332082080604866,1.097323102376251
0.35291093654291456,0.26733260242690127,1.320119332019796
0.3736643054826129,0.30606453526236455,1.2208677008667486
0.21022990410306133,0.22145269215578023,0.9493219615283599
0.24375855690070802,0.255531125020752,0.9539290248141478
0.30129947809325314,0.2666951309258905,1.1297524519747553
0.2797145819581102,0.2421474014989272,1.1551417864764881
0.28499612977403627,0.2527362339161556,1.127642543999381
0.34092451812909363,0.29649902971254527,1.1498335035349652
0.2717386425514255,0.23987783634650137,1.13282096708135
0.29397706122007494,0.26403780387669695,1.1133900407585549
0.3413079198386003,0.3101690033514087,1.1003933860273991
0.329752425729302,0.3121950712339215,1.0562384102541618
0.2602698854659502,0.2418114503306919,1.0763339995273808
0.29477014350604336,0.27059748386961574,1.0893306888547232
0.31280593696898973,0.272834713944342,1.146503435896364
0.38103818698070224,0.3069076475593292,1.241540215797466
0.3178739217752216,0.3045749996731185,1.0436638664249396
0.3148184906961023,0.2355730076083078,1.3363945805690847
0.18535682056867256,0.2021078877754606,0.9171181917184832
0.23348850074271857,0.23338004042849594,1.0004647368901962
0.308568246821238,0.31030789818828036,0.9943937895967224
0.3097674759712043,0.24933608898169665,1.2423691942723294
0.22747597583418616,0.21940598771959638,1.036781075113152
0.2328019148286144,0.23657200143692722,0.9840636821542131
0.2040976160138124,0.2441904362581111,0.8358133067835618
0.22897590001763668,0.2161849362090025,1.0591667672731284
0.2136876847656518,0.25279765887394606,0.845291391215787
0.28733999668493454,0.24184133359150672,1.1881343541145015
0.3181665452970821,0.2808762758338901,1.1327640412223545
0.24227848788574016,0.21409640433035687,1.1316326803503787
0.1873949063560429,0.221227135672013,0.8470701651802377
0.34015439395711033,0.2547054982808815,1.3354811586438482
0.3150010654639791,0.2549017746639677,1.235774312984832
0.30792050362917894,0.29088188176246615,1.058575741340351
0.2858438235570106,0.23024670135158687,1.2414676166001912
0.31873977319485075,0.25518633707710064,1.2490471740990914
0.24166401713282376,0.2302245233941387,1.0496884240220619
0.23461194256429502,0.24604607339612083,0.9535284970249556
0.20699849894129038,0.24316594701026467,0.851264338145803
0.27253916301891506,0.23738321915297364,1.1480978478233812
0.22120759834727868,0.21336490390577548,1.0367571906060362
0.3578476346629782,0.2752576667825888,1.3000460217721121
0.2664876053078026,0.22962090018393777,1.1605546581096613
0.3063016420683067,0.24124766142192977,1.2696564197262863
0.31037658843678595,0.2771686001860881,1.1198115090540646
0.31146170102549414,0.2753024643500183,1.131343672352686
0.3914616870354469,0.3280396840434893,1.1933363738502734
0.29796373032149587,0.24646974560016172,1.2089261892811414
0.19421857385348387,0.24144631778005213,0.804396503699879
0.2307667972050273,0.21429548249844416,1.0768626315148884
0.24665268820591157,0.22873582541078366,1.0783299370046264
0.3368503847222806,0.273610456458642,1.2311312552968814
0.3583290569246297,0.2914167972138082,1.2296101678096782
0.19001024783483608,0.2254653172193434,0.8427471248271194
0.33389950816361263,0.2985575558408766,1.1183756754143994
0.2713351249522637,0.2511086430821741,1.0805487283186448
0.28220172649927183,0.2516070792007913,1.1215969256336582
0.27121699539860944,0.21652780219352907,1.2525735385989833
0.40924655083251116,0.34456562577459576,1.1877172887240577
0.36575502941810367,0.29636590050713657,1.2341333088328634
0.26335592806174546,0.24492349194795776,1.0752579344969664
0.3177735818694413,0.26219620557298723,1.211968652158786
0.1723152505972008,0.2230400165157604,0.7725754924566404
0.1937268923013524,0.24454888300575373,0.7921806467494452
0.314314163258944,0.2484428169653797,1.2651368516029322
0.2840341578535917,0.2599417741340463,1.0926837704320718
0.2670081234123277,0.26697403477834003,1.000127685203604
0.2578978317343557,0.2418035063650002,1.0665595202125038
0.24788647980065395,0.26434315324113455,0.9377450361823112
0.26030537635206874,0.2265133170397293,1.14918354361661
0.2557180006724916,0.25428589252847184,1.0056318820119343
0.2635161275344469,0.23363326345516164,1.1279050064933085
0.24746675306482085,0.20817954603503983,1.1887179013406455
0.31475047806154816,0.2730631433160241,1.1526655492179625
0.275362644086728,0.2426200489307513,1.13495420226101
0.24419596670552524,0.25935557228791284,0.9415489497732527
0.3091913407426196,0.2563491556999266,1.206133641823062
0.23201638226571944,0.21757412777553453,1.0663785471087104
0.3818125395090467,0.31570093295645824,1.2094121355089775
0.3484967062150926,0.2795014579617245,1.246851121123012
0.22529195333425808,0.23903008144232668,0.9425255263890987
0.17480737508983646,0.1965996719598067,0.8891539510074792
0.29780577447503165,0.26848981787999865,1.1091883365503854
0.26021789459083233,0.2511745301469914,1.0360043052078114
0.2546990027124239,0.22947790418050346,1.109906435750267
0.20818167925954228,0.20893802241747003,0.9963800597460594
0.3780353807852925,0.319319343061734,1.1838787376942803
0.32397518275535303,0.2411464168993851,1.343479148149761
0.34766554870864164,0.2994556894070678,1.1609916291690132
0.2040327880221908,0.23315331395825228,0.8751013852572744
0.1851260924058271,0.2082574811849159,0.8889288939466716
0.30566695850772946,0.25570215371468136,1.195402361955856
0.2924718261608884,0.24130150760786545,1.2120596719858827
0.289672776376858,0.2617347861945758,1.1067416012539995
0.22333976412505124,0.22405552421249478,0.9968054343227677
0.512245829643624,0.40077727691377507,1.278130919966879
0.27565456618914946,0.2389841462320477,1.153442897929705
0.39405435908018305,0.32207492007313976,1.2234866315908657
0.2315395729178527,0.2308145468956531,1.0031411625998052
0.3211964047770226,0.2612843926177643,1.229298089943337
0.2424504436335111,0.26400437570314284,0.9183576711097098
0.23936944827053716,0.19820764942910124,1.207670082158759
0.2447663207993788,0.24923674595008574,0.9820635390914539
0.3409626661535776,0.2991890656497351,1.1396227512964912
0.22361062362251846,0.25915942574404016,0.8628303716159966
0.24116673897988364,0.25799671379787303,0.9347667085745333
0.32794202769316316,0.2607355285029122,1.2577573511984974
0.23372144880635315,0.21835868157559712,1.0703556511694605
0.2799226121512373,0.27142849158058796,1.0312941376241904
